scenario,NumLevels,split,classificador,n_features,accuracy,precision,recall,f1_score,specificity,gmean,auc,_file
bior11_no_ss_fs,NL8,original,LGBM,30,87.32,87.45,88,87.45,95.77,87.59,97.19,Relatorio_bior11_no_ss_fs_20260617_2347.xlsx
bior11_no_ss_fs,NL8,original,ET,30,86.73,86.91,87.49,86.84,95.58,87.06,97.95,Relatorio_bior11_no_ss_fs_20260617_2347.xlsx
bior11_no_ss_fs,NL8,original,XGB,30,86.43,86.71,87.29,86.54,95.48,86.65,96.51,Relatorio_bior11_no_ss_fs_20260617_2347.xlsx
bior11_no_ss_fs,NL8,aleatoria,ET,30,86.32,86.87,86,86.15,95.44,85.52,97.3,Relatorio_bior11_no_ss_fs_20260617_2347.xlsx
bior11_no_ss_fs,NL8,aleatoria,LGBM,30,86.12,86.36,85.84,85.96,95.37,85.45,96.57,Relatorio_bior11_no_ss_fs_20260617_2347.xlsx
bior11_no_ss_fs,NL16,aleatoria,LGBM,30,85.43,85.92,85.16,85.39,95.14,84.9,96.59,Relatorio_bior11_no_ss_fs_20260617_2347.xlsx
bior11_no_ss_fs,NL16,original,ET,30,85.25,85.52,85.97,85.26,95.08,85.33,97.32,Relatorio_bior11_no_ss_fs_20260617_2347.xlsx
bior11_no_ss_fs,NL32,aleatoria,LGBM,30,84.94,85.22,84.71,84.87,94.98,84.39,96.52,Relatorio_bior11_no_ss_fs_20260617_2347.xlsx
bior11_no_ss_fs,NL16,original,LGBM,30,84.66,85.21,85.56,84.81,94.89,84.8,96.78,Relatorio_bior11_no_ss_fs_20260617_2347.xlsx
bior11_no_ss_fs,NL16,aleatoria,XGB,30,84.84,85.23,84.59,84.8,94.95,84.32,96.2,Relatorio_bior11_no_ss_fs_20260617_2347.xlsx
bior11_no_ss_fs,NL16,aleatoria,ET,30,84.94,85.33,84.64,84.75,94.98,84.19,97.13,Relatorio_bior11_no_ss_fs_20260617_2347.xlsx
bior11_no_ss_fs,NL32,original,LGBM,30,84.51,84.93,85.52,84.7,94.84,84.69,96,Relatorio_bior11_no_ss_fs_20260617_2347.xlsx
bior11_no_ss_fs,NL8,original,RF,30,84.37,84.65,85.2,84.55,94.79,84.62,96.48,Relatorio_bior11_no_ss_fs_20260617_2347.xlsx
bior11_no_ss_fs,NL8,aleatoria,XGB,30,84.64,84.91,84.38,84.51,94.88,83.95,96.04,Relatorio_bior11_no_ss_fs_20260617_2347.xlsx
bior11_no_ss_fs,NL32,aleatoria,XGB,30,84.54,84.75,84.31,84.46,94.85,83.98,96.24,Relatorio_bior11_no_ss_fs_20260617_2347.xlsx
bior11_no_ss_fs,NL32,aleatoria,ET,30,84.54,84.9,84.25,84.4,94.85,83.82,96.53,Relatorio_bior11_no_ss_fs_20260617_2347.xlsx
bior11_no_ss_fs,NL16,original,RF,30,83.78,83.99,84.77,83.84,94.59,83.91,96.14,Relatorio_bior11_no_ss_fs_20260617_2347.xlsx
bior11_no_ss_fs,NL8,aleatoria,RF,30,84.04,84.61,83.7,83.83,94.68,83.1,96.13,Relatorio_bior11_no_ss_fs_20260617_2347.xlsx
bior11_no_ss_fs,NL16,aleatoria,MLP,30,83.55,84.14,83.31,83.49,94.52,82.76,96.21,Relatorio_bior11_no_ss_fs_20260617_2347.xlsx
bior11_no_ss_fs,NL32,original,XGB,30,82.89,83.21,83.62,82.98,94.3,82.83,95.58,Relatorio_bior11_no_ss_fs_20260617_2347.xlsx
bior11_no_ss_fs,NL16,original,XGB,30,82.6,83.34,83.36,82.78,94.2,82.6,96.34,Relatorio_bior11_no_ss_fs_20260617_2347.xlsx
bior11_no_ss_fs,NL32,original,ET,30,82.6,83.33,83.56,82.66,94.2,82.38,96.1,Relatorio_bior11_no_ss_fs_20260617_2347.xlsx
bior11_no_ss_fs,NL32,aleatoria,RF,30,82.36,82.63,82.06,82.2,94.12,81.44,95.68,Relatorio_bior11_no_ss_fs_20260617_2347.xlsx
bior11_no_ss_fs,NL16,aleatoria,RF,30,82.36,82.71,82.05,82.14,94.12,81.5,96.06,Relatorio_bior11_no_ss_fs_20260617_2347.xlsx
bior11_no_ss_fs,NL8,aleatoria,MLP,30,82.06,82.69,81.79,81.94,94.02,80.97,95.27,Relatorio_bior11_no_ss_fs_20260617_2347.xlsx
bior11_no_ss_fs,NL8,original,BG,30,81.27,81.62,82.17,81.67,93.76,81.44,94.69,Relatorio_bior11_no_ss_fs_20260617_2347.xlsx
bior11_no_ss_fs,NL32,aleatoria,MLP,30,81.37,81.33,81.43,81.35,93.79,80.68,95.33,Relatorio_bior11_no_ss_fs_20260617_2347.xlsx
bior11_no_ss_fs,NL8,aleatoria,BG,30,81.47,81.74,81.16,81.34,93.82,80.84,94.44,Relatorio_bior11_no_ss_fs_20260617_2347.xlsx
bior11_no_ss_fs,NL8,original,MLP,30,80.09,81.09,81.18,80.54,93.36,80,94.37,Relatorio_bior11_no_ss_fs_20260617_2347.xlsx
bior11_no_ss_fs,NL16,original,BG,30,80.09,80.22,80.93,80.4,93.36,80.34,94.29,Relatorio_bior11_no_ss_fs_20260617_2347.xlsx
bior11_no_ss_fs,NL16,original,MLP,30,79.79,80.56,81.02,80.23,93.26,79.75,94.59,Relatorio_bior11_no_ss_fs_20260617_2347.xlsx
bior11_no_ss_fs,NL32,aleatoria,KNN,30,79.98,80.88,79.82,80.21,93.33,79.56,93.56,Relatorio_bior11_no_ss_fs_20260617_2347.xlsx
bior11_no_ss_fs,NL16,aleatoria,BG,30,80.28,80.52,80.06,80.2,93.43,79.67,94.33,Relatorio_bior11_no_ss_fs_20260617_2347.xlsx
bior11_no_ss_fs,NL32,original,RF,30,79.79,80.64,80.92,80,93.26,79.57,95.08,Relatorio_bior11_no_ss_fs_20260617_2347.xlsx
bior11_no_ss_fs,NL32,original,BG,30,79.35,79.99,80.06,79.43,93.12,79.34,93.4,Relatorio_bior11_no_ss_fs_20260617_2347.xlsx
bior11_no_ss_fs,NL32,aleatoria,BG,30,79.19,79.55,78.93,79.16,93.06,78.5,93.51,Relatorio_bior11_no_ss_fs_20260617_2347.xlsx
bior11_no_ss_fs,NL8,aleatoria,CatB,30,79.19,79.63,78.94,79.07,93.06,78.15,94.12,Relatorio_bior11_no_ss_fs_20260617_2347.xlsx
bior11_no_ss_fs,NL16,original,CatB,30,78.32,78.96,79.49,78.74,92.77,78.33,93.87,Relatorio_bior11_no_ss_fs_20260617_2347.xlsx
bior11_no_ss_fs,NL32,aleatoria,CatB,30,78.89,79.06,78.66,78.71,92.96,77.76,94.31,Relatorio_bior11_no_ss_fs_20260617_2347.xlsx
bior11_no_ss_fs,NL16,aleatoria,GB,30,78.49,79.07,78.19,78.43,92.83,77.46,93.42,Relatorio_bior11_no_ss_fs_20260617_2347.xlsx
bior11_no_ss_fs,NL8,aleatoria,GB,30,78.59,78.6,78.37,78.41,92.86,77.67,93.58,Relatorio_bior11_no_ss_fs_20260617_2347.xlsx
bior11_no_ss_fs,NL16,aleatoria,KNN,30,78.2,78.92,78.08,78.4,92.73,77.78,92.79,Relatorio_bior11_no_ss_fs_20260617_2347.xlsx
bior11_no_ss_fs,NL32,original,MLP,30,78.17,78.69,79.38,78.39,92.72,77.52,94.36,Relatorio_bior11_no_ss_fs_20260617_2347.xlsx
bior11_no_ss_fs,NL32,original,KNN,30,77.58,78.56,78.08,78.1,92.53,77.5,92.85,Relatorio_bior11_no_ss_fs_20260617_2347.xlsx
bior11_no_ss_fs,NL32,original,GB,30,77.58,78.35,78.58,78,92.53,77.52,92.64,Relatorio_bior11_no_ss_fs_20260617_2347.xlsx
bior11_no_ss_fs,NL16,aleatoria,CatB,30,77.9,78.24,77.77,77.89,92.63,77.08,94.09,Relatorio_bior11_no_ss_fs_20260617_2347.xlsx
bior11_no_ss_fs,NL8,aleatoria,KNN,30,77.4,78.41,77.33,77.76,92.47,76.93,92.29,Relatorio_bior11_no_ss_fs_20260617_2347.xlsx
bior11_no_ss_fs,NL8,aleatoria,LDA,30,77.6,78.57,77.4,77.75,92.53,76.74,92.32,Relatorio_bior11_no_ss_fs_20260617_2347.xlsx
bior11_no_ss_fs,NL16,aleatoria,LDA,30,77.6,78.21,77.36,77.61,92.53,76.69,92.82,Relatorio_bior11_no_ss_fs_20260617_2347.xlsx
bior11_no_ss_fs,NL16,original,GB,30,77.14,77.71,78.23,77.53,92.38,77.18,93.32,Relatorio_bior11_no_ss_fs_20260617_2347.xlsx
bior11_no_ss_fs,NL32,aleatoria,LDA,30,77.3,77.41,77.35,77.35,92.43,76.66,92.68,Relatorio_bior11_no_ss_fs_20260617_2347.xlsx
bior11_no_ss_fs,NL8,original,LDA,30,76.25,78.19,77.75,77.33,92.08,76.56,91.39,Relatorio_bior11_no_ss_fs_20260617_2347.xlsx
bior11_no_ss_fs,NL32,aleatoria,GB,30,77.5,77.48,77.33,77.32,92.5,76.28,93.91,Relatorio_bior11_no_ss_fs_20260617_2347.xlsx
bior11_no_ss_fs,NL16,original,KNN,30,76.25,76.97,77.06,76.96,92.08,76.56,93.26,Relatorio_bior11_no_ss_fs_20260617_2347.xlsx
bior11_no_ss_fs,NL8,original,GB,30,76.55,76.7,77.63,76.77,92.18,76.19,93.28,Relatorio_bior11_no_ss_fs_20260617_2347.xlsx
bior11_no_ss_fs,NL8,original,CatB,30,76.25,76.39,77.34,76.59,92.08,75.88,94.04,Relatorio_bior11_no_ss_fs_20260617_2347.xlsx
bior11_no_ss_fs,NL8,aleatoria,LR,30,75.92,76.15,75.97,75.94,91.97,75.11,91.84,Relatorio_bior11_no_ss_fs_20260617_2347.xlsx
bior11_no_ss_fs,NL32,original,CatB,30,75.37,76.01,76.55,75.83,91.79,75.23,92.96,Relatorio_bior11_no_ss_fs_20260617_2347.xlsx
bior11_no_ss_fs,NL16,original,LDA,30,74.78,76.28,76.08,75.74,91.59,74.91,91.76,Relatorio_bior11_no_ss_fs_20260617_2347.xlsx
bior11_no_ss_fs,NL16,aleatoria,LR,30,75.82,76.13,75.61,75.74,91.94,74.94,91.62,Relatorio_bior11_no_ss_fs_20260617_2347.xlsx
bior11_no_ss_fs,NL8,original,SVC,30,74.93,75.87,75.92,75.63,91.64,74.44,91.4,Relatorio_bior11_no_ss_fs_20260617_2347.xlsx
bior11_no_ss_fs,NL8,original,KNN,30,74.63,75.6,75.65,75.49,91.54,74.88,92.04,Relatorio_bior11_no_ss_fs_20260617_2347.xlsx
bior11_no_ss_fs,NL8,aleatoria,SVC,30,75.52,75.85,75.37,75.46,91.84,74.29,92.25,Relatorio_bior11_no_ss_fs_20260617_2347.xlsx
bior11_no_ss_fs,NL16,aleatoria,SVC,30,75.42,75.93,75.25,75.39,91.81,74.35,92.46,Relatorio_bior11_no_ss_fs_20260617_2347.xlsx
bior11_no_ss_fs,NL32,original,LDA,30,74.63,76.37,75.76,75.34,91.54,74.68,90.98,Relatorio_bior11_no_ss_fs_20260617_2347.xlsx
bior11_no_ss_fs,NL32,aleatoria,Ridge,30,75.62,75.54,75.57,75.18,91.87,74.3,,Relatorio_bior11_no_ss_fs_20260617_2347.xlsx
bior11_no_ss_fs,NL32,aleatoria,SVC,30,75.12,75.68,74.92,75,91.71,73.67,92.5,Relatorio_bior11_no_ss_fs_20260617_2347.xlsx
bior11_no_ss_fs,NL32,aleatoria,SGDC,30,75.32,75.82,75.18,75,91.77,73.81,,Relatorio_bior11_no_ss_fs_20260617_2347.xlsx
bior11_no_ss_fs,NL8,original,LR,30,74.04,75.07,75.04,74.98,91.35,74.1,90.96,Relatorio_bior11_no_ss_fs_20260617_2347.xlsx
bior11_no_ss_fs,NL16,original,SVC,30,73.75,74.59,75.1,74.36,91.25,73.57,91.66,Relatorio_bior11_no_ss_fs_20260617_2347.xlsx
bior11_no_ss_fs,NL16,aleatoria,Ridge,30,74.73,74.64,74.59,74.36,91.58,73.3,,Relatorio_bior11_no_ss_fs_20260617_2347.xlsx
bior11_no_ss_fs,NL8,original,DT,30,73.45,74.53,74.7,74.08,91.15,73.66,85.34,Relatorio_bior11_no_ss_fs_20260617_2347.xlsx
bior11_no_ss_fs,NL32,aleatoria,LR,30,74.13,73.92,74.21,73.99,91.38,73.09,91.25,Relatorio_bior11_no_ss_fs_20260617_2347.xlsx
bior11_no_ss_fs,NL8,original,SGDC,30,73.3,74.21,73.81,73.9,91.1,72.67,,Relatorio_bior11_no_ss_fs_20260617_2347.xlsx
bior11_no_ss_fs,NL16,original,Ridge,30,73.3,73.71,74.29,73.83,91.1,72.86,,Relatorio_bior11_no_ss_fs_20260617_2347.xlsx
bior11_no_ss_fs,NL8,aleatoria,Ridge,30,74.23,74.36,74.23,73.82,91.41,72.41,,Relatorio_bior11_no_ss_fs_20260617_2347.xlsx
bior11_no_ss_fs,NL16,original,LR,30,73.01,73.76,74.1,73.72,91,73.02,90.79,Relatorio_bior11_no_ss_fs_20260617_2347.xlsx
bior11_no_ss_fs,NL8,aleatoria,DT,30,73.64,74.39,73.37,73.66,91.21,72.82,83.82,Relatorio_bior11_no_ss_fs_20260617_2347.xlsx
bior11_no_ss_fs,NL16,aleatoria,DT,30,73.54,73.72,73.31,73.46,91.18,72.82,83.99,Relatorio_bior11_no_ss_fs_20260617_2347.xlsx
bior11_no_ss_fs,NL8,original,Ridge,30,72.71,73.21,73.52,73.15,90.9,71.77,,Relatorio_bior11_no_ss_fs_20260617_2347.xlsx
bior11_no_ss_fs,NL16,original,SGDC,30,72.86,73.43,73.18,72.7,90.95,70.6,,Relatorio_bior11_no_ss_fs_20260617_2347.xlsx
bior11_no_ss_fs,NL8,aleatoria,SGDC,30,73.54,73.46,73.87,72.65,91.18,71.43,,Relatorio_bior11_no_ss_fs_20260617_2347.xlsx
bior11_no_ss_fs,NL16,original,DT,30,72.12,72.91,73.15,72.61,90.71,72.46,85.55,Relatorio_bior11_no_ss_fs_20260617_2347.xlsx
bior11_no_ss_fs,NL32,original,SVC,30,71.68,73.18,73.05,72.26,90.56,71.16,90.56,Relatorio_bior11_no_ss_fs_20260617_2347.xlsx
bior11_no_ss_fs,NL32,original,LR,30,71.24,71.64,72.51,71.78,90.41,71.1,90.23,Relatorio_bior11_no_ss_fs_20260617_2347.xlsx
bior11_no_ss_fs,NL16,aleatoria,SGDC,30,72.45,71.76,72.34,71.37,90.82,70.11,,Relatorio_bior11_no_ss_fs_20260617_2347.xlsx
bior11_no_ss_fs,NL32,original,Ridge,30,70.5,70.93,71.89,70.45,90.17,69.79,,Relatorio_bior11_no_ss_fs_20260617_2347.xlsx
bior11_no_ss_fs,NL32,original,DT,30,69.32,70.25,70.06,69.78,89.77,68.98,84.45,Relatorio_bior11_no_ss_fs_20260617_2347.xlsx
bior11_no_ss_fs,NL32,aleatoria,DT,30,69.77,69.89,69.61,69.65,89.92,68.4,83.85,Relatorio_bior11_no_ss_fs_20260617_2347.xlsx
bior11_no_ss_fs,NL32,original,SGDC,30,69.62,68.66,70.39,68.67,89.87,67.53,,Relatorio_bior11_no_ss_fs_20260617_2347.xlsx
bior11_no_ss_fs,NL8,aleatoria,ADABoost,30,67.39,68.79,67.15,67.56,89.13,66.55,85.23,Relatorio_bior11_no_ss_fs_20260617_2347.xlsx
bior11_no_ss_fs,NL8,aleatoria,QDA,30,66.8,67.48,67.08,66.46,88.93,64.82,87.74,Relatorio_bior11_no_ss_fs_20260617_2347.xlsx
bior11_no_ss_fs,NL16,aleatoria,ADABoost,30,65.01,65.82,64.86,65.08,88.34,63.91,83.67,Relatorio_bior11_no_ss_fs_20260617_2347.xlsx
bior11_no_ss_fs,NL32,aleatoria,QDA,30,64.82,65.58,65.08,64.56,88.27,62.01,86.36,Relatorio_bior11_no_ss_fs_20260617_2347.xlsx
bior11_no_ss_fs,NL16,aleatoria,QDA,30,64.42,65.35,64.56,64.28,88.14,62.37,87.31,Relatorio_bior11_no_ss_fs_20260617_2347.xlsx
bior11_no_ss_fs,NL8,original,QDA,30,63.72,63.84,63.71,63.33,87.91,61.56,85.2,Relatorio_bior11_no_ss_fs_20260617_2347.xlsx
bior11_no_ss_fs,NL16,original,ADABoost,30,62.24,63.88,61.74,62.49,87.41,61.3,81.84,Relatorio_bior11_no_ss_fs_20260617_2347.xlsx
bior11_no_ss_fs,NL32,original,QDA,30,60.62,62.32,60.23,61.01,86.87,58.88,83.37,Relatorio_bior11_no_ss_fs_20260617_2347.xlsx
bior11_no_ss_fs,NL8,original,ADABoost,30,61.5,61.86,60.76,60.98,87.17,58.84,82.7,Relatorio_bior11_no_ss_fs_20260617_2347.xlsx
bior11_no_ss_fs,NL16,original,QDA,30,61.36,61.87,60.79,60.96,87.12,58.62,85.05,Relatorio_bior11_no_ss_fs_20260617_2347.xlsx
bior11_no_ss_fs,NL32,aleatoria,ADABoost,30,60.36,60.62,60.78,60.32,86.79,56.53,82.85,Relatorio_bior11_no_ss_fs_20260617_2347.xlsx
bior11_no_ss_fs,NL32,original,ADABoost,30,59.14,59.81,58.86,59.23,86.38,57.77,80.96,Relatorio_bior11_no_ss_fs_20260617_2347.xlsx
bior11_no_ss_fs,NL16,aleatoria,GNB,30,55.6,56.67,55.59,53.69,85.2,49.17,80.77,Relatorio_bior11_no_ss_fs_20260617_2347.xlsx
bior11_no_ss_fs,NL16,original,GNB,30,55.75,56.16,53.51,52.85,85.25,47.74,77.88,Relatorio_bior11_no_ss_fs_20260617_2347.xlsx
bior11_no_ss_fs,NL8,aleatoria,GNB,30,55.3,55.65,55.41,52.48,85.1,46.11,81.14,Relatorio_bior11_no_ss_fs_20260617_2347.xlsx
bior11_no_ss_fs,NL32,aleatoria,GNB,30,54.11,55.93,53.92,52.31,84.7,47.34,79.54,Relatorio_bior11_no_ss_fs_20260617_2347.xlsx
bior11_no_ss_fs,NL8,original,GNB,30,55.01,54.3,52.85,51.36,85,45.19,78.39,Relatorio_bior11_no_ss_fs_20260617_2347.xlsx
bior11_no_ss_fs,NL32,original,GNB,30,51.47,53.19,48.66,47.93,83.82,43.39,76.01,Relatorio_bior11_no_ss_fs_20260617_2347.xlsx
bior11_no_ss_fs,NL32,original,Dummy,30,26.7,26.54,26.78,26.52,75.57,26.59,49.63,Relatorio_bior11_no_ss_fs_20260617_2347.xlsx
bior11_no_ss_fs,NL8,original,Dummy,30,26.11,26.08,26.08,25.94,75.37,26.07,50.33,Relatorio_bior11_no_ss_fs_20260617_2347.xlsx
bior11_no_ss_fs,NL32,aleatoria,Dummy,30,25.87,25.7,25.69,25.69,75.29,25.57,51.86,Relatorio_bior11_no_ss_fs_20260617_2347.xlsx
bior11_no_ss_fs,NL16,original,Dummy,30,25.22,25.25,25.55,25.11,75.07,25.04,49.89,Relatorio_bior11_no_ss_fs_20260617_2347.xlsx
bior11_no_ss_fs,NL8,aleatoria,Dummy,30,24.38,24.25,24.26,24.23,74.79,24.15,50.39,Relatorio_bior11_no_ss_fs_20260617_2347.xlsx
bior11_no_ss_fs,NL16,aleatoria,Dummy,30,22.3,22.16,22.17,22.16,74.1,22.07,50.24,Relatorio_bior11_no_ss_fs_20260617_2347.xlsx
bior11_no_ss_no_fs,NL16,aleatoria,LGBM,198,91.38,91.56,91.22,91.32,97.13,91.05,98.61,Relatorio_bior11_no_ss_no_fs_20260617_2311.xlsx
bior11_no_ss_no_fs,NL32,aleatoria,LGBM,198,91.08,91.23,90.99,91.03,97.03,90.77,98.49,Relatorio_bior11_no_ss_no_fs_20260617_2311.xlsx
bior11_no_ss_no_fs,NL32,aleatoria,XGB,198,90.78,90.89,90.69,90.72,96.93,90.45,98.28,Relatorio_bior11_no_ss_no_fs_20260617_2311.xlsx
bior11_no_ss_no_fs,NL8,original,LGBM,198,90.12,90.38,90.81,90.3,96.71,90.37,98.28,Relatorio_bior11_no_ss_no_fs_20260617_2311.xlsx
bior11_no_ss_no_fs,NL32,aleatoria,MLP,198,90.29,90.22,90.26,90.22,96.76,89.99,98.12,Relatorio_bior11_no_ss_no_fs_20260617_2311.xlsx
bior11_no_ss_no_fs,NL16,aleatoria,XGB,198,90.19,90.46,90.04,90.15,96.73,89.83,98.36,Relatorio_bior11_no_ss_no_fs_20260617_2311.xlsx
bior11_no_ss_no_fs,NL32,original,MLP,198,89.97,89.93,90.43,90.07,96.66,90.02,97.49,Relatorio_bior11_no_ss_no_fs_20260617_2311.xlsx
bior11_no_ss_no_fs,NL32,original,LGBM,198,89.68,89.68,90.34,89.76,96.56,89.85,98.16,Relatorio_bior11_no_ss_no_fs_20260617_2311.xlsx
bior11_no_ss_no_fs,NL16,aleatoria,MLP,198,89.4,89.39,89.53,89.4,96.47,89.26,97.79,Relatorio_bior11_no_ss_no_fs_20260617_2311.xlsx
bior11_no_ss_no_fs,NL16,original,LGBM,198,89.23,89.46,89.87,89.37,96.41,89.37,98.28,Relatorio_bior11_no_ss_no_fs_20260617_2311.xlsx
bior11_no_ss_no_fs,NL8,aleatoria,LGBM,198,89.4,89.69,89.19,89.35,96.47,89.03,98.11,Relatorio_bior11_no_ss_no_fs_20260617_2311.xlsx
bior11_no_ss_no_fs,NL32,original,ET,198,89.09,89.29,89.92,89.21,96.36,89.34,98.2,Relatorio_bior11_no_ss_no_fs_20260617_2311.xlsx
bior11_no_ss_no_fs,NL32,aleatoria,ET,198,89.2,89.66,89.02,89.18,96.4,88.8,98.3,Relatorio_bior11_no_ss_no_fs_20260617_2311.xlsx
bior11_no_ss_no_fs,NL16,aleatoria,ET,198,88.8,89.18,88.59,88.75,96.27,88.39,98.15,Relatorio_bior11_no_ss_no_fs_20260617_2311.xlsx
bior11_no_ss_no_fs,NL16,original,XGB,198,88.35,88.39,89.01,88.52,96.12,88.52,97.9,Relatorio_bior11_no_ss_no_fs_20260617_2311.xlsx
bior11_no_ss_no_fs,NL16,original,MLP,198,88.05,88.25,88.76,88.35,96.02,88.18,97.57,Relatorio_bior11_no_ss_no_fs_20260617_2311.xlsx
bior11_no_ss_no_fs,NL8,aleatoria,XGB,198,88.4,88.57,88.21,88.33,96.13,87.99,97.91,Relatorio_bior11_no_ss_no_fs_20260617_2311.xlsx
bior11_no_ss_no_fs,NL16,original,ET,198,87.91,88.47,88.88,88.02,95.97,88.03,98.15,Relatorio_bior11_no_ss_no_fs_20260617_2311.xlsx
bior11_no_ss_no_fs,NL32,original,XGB,198,87.61,87.66,88.31,87.82,95.87,87.83,97.95,Relatorio_bior11_no_ss_no_fs_20260617_2311.xlsx
bior11_no_ss_no_fs,NL32,aleatoria,RF,198,87.41,87.85,87.25,87.34,95.8,86.85,97.68,Relatorio_bior11_no_ss_no_fs_20260617_2311.xlsx
bior11_no_ss_no_fs,NL8,aleatoria,ET,198,87.22,87.81,86.92,87.13,95.74,86.62,97.81,Relatorio_bior11_no_ss_no_fs_20260617_2311.xlsx
bior11_no_ss_no_fs,NL8,aleatoria,MLP,198,86.92,87.03,86.89,86.93,95.64,86.62,97.32,Relatorio_bior11_no_ss_no_fs_20260617_2311.xlsx
bior11_no_ss_no_fs,NL32,original,KNN,198,86.73,86.72,87.2,86.89,95.58,86.51,96.11,Relatorio_bior11_no_ss_no_fs_20260617_2311.xlsx
bior11_no_ss_no_fs,NL8,original,XGB,198,86.73,86.97,87.59,86.89,95.58,86.92,97.84,Relatorio_bior11_no_ss_no_fs_20260617_2311.xlsx
bior11_no_ss_no_fs,NL32,aleatoria,CatB,198,86.72,86.82,86.59,86.6,95.57,86.13,97.38,Relatorio_bior11_no_ss_no_fs_20260617_2311.xlsx
bior11_no_ss_no_fs,NL16,aleatoria,GB,198,86.62,86.89,86.43,86.58,95.54,86.11,97.23,Relatorio_bior11_no_ss_no_fs_20260617_2311.xlsx
bior11_no_ss_no_fs,NL8,original,ET,198,86.43,86.8,87.46,86.56,95.48,86.57,98.04,Relatorio_bior11_no_ss_no_fs_20260617_2311.xlsx
bior11_no_ss_no_fs,NL8,original,MLP,198,85.99,86.1,86.53,86.26,95.33,85.88,96.96,Relatorio_bior11_no_ss_no_fs_20260617_2311.xlsx
bior11_no_ss_no_fs,NL16,aleatoria,RF,198,86.12,86.66,85.85,85.98,95.37,85.35,97.42,Relatorio_bior11_no_ss_no_fs_20260617_2311.xlsx
bior11_no_ss_no_fs,NL16,aleatoria,LDA,198,85.83,86.22,85.85,85.97,95.28,85.54,96.5,Relatorio_bior11_no_ss_no_fs_20260617_2311.xlsx
bior11_no_ss_no_fs,NL16,original,KNN,198,85.4,85.65,86.1,85.78,95.13,85.54,96,Relatorio_bior11_no_ss_no_fs_20260617_2311.xlsx
bior11_no_ss_no_fs,NL32,aleatoria,GB,198,85.83,85.93,85.72,85.77,95.28,85.28,96.99,Relatorio_bior11_no_ss_no_fs_20260617_2311.xlsx
bior11_no_ss_no_fs,NL16,aleatoria,CatB,198,85.83,85.86,85.7,85.74,95.28,85.28,97.39,Relatorio_bior11_no_ss_no_fs_20260617_2311.xlsx
bior11_no_ss_no_fs,NL32,original,RF,198,85.4,85.77,86.3,85.6,95.13,85.39,97.08,Relatorio_bior11_no_ss_no_fs_20260617_2311.xlsx
bior11_no_ss_no_fs,NL16,original,GB,198,85.25,85.74,86.15,85.56,95.08,85.32,96.5,Relatorio_bior11_no_ss_no_fs_20260617_2311.xlsx
bior11_no_ss_no_fs,NL32,aleatoria,KNN,198,85.23,85.68,85.18,85.34,95.08,84.94,95.77,Relatorio_bior11_no_ss_no_fs_20260617_2311.xlsx
bior11_no_ss_no_fs,NL8,original,KNN,198,84.96,85.13,85.51,85.3,94.99,84.95,95.12,Relatorio_bior11_no_ss_no_fs_20260617_2311.xlsx
bior11_no_ss_no_fs,NL16,aleatoria,SVC,198,85.23,85.72,85.1,85.2,95.08,84.58,96.33,Relatorio_bior11_no_ss_no_fs_20260617_2311.xlsx
bior11_no_ss_no_fs,NL8,aleatoria,RF,198,85.13,85.76,84.85,85.05,95.04,84.51,97.09,Relatorio_bior11_no_ss_no_fs_20260617_2311.xlsx
bior11_no_ss_no_fs,NL32,aleatoria,LDA,198,84.84,85.36,84.82,84.95,94.95,84.27,96.58,Relatorio_bior11_no_ss_no_fs_20260617_2311.xlsx
bior11_no_ss_no_fs,NL32,aleatoria,SVC,198,84.84,85.43,84.7,84.8,94.95,84.1,96.76,Relatorio_bior11_no_ss_no_fs_20260617_2311.xlsx
bior11_no_ss_no_fs,NL32,aleatoria,LR,198,84.74,84.82,84.77,84.77,94.91,84.33,96.24,Relatorio_bior11_no_ss_no_fs_20260617_2311.xlsx
bior11_no_ss_no_fs,NL32,aleatoria,Ridge,198,84.64,84.91,84.58,84.62,94.88,84.01,,Relatorio_bior11_no_ss_no_fs_20260617_2311.xlsx
bior11_no_ss_no_fs,NL8,aleatoria,GB,198,84.54,84.81,84.35,84.51,94.85,84.03,96.61,Relatorio_bior11_no_ss_no_fs_20260617_2311.xlsx
bior11_no_ss_no_fs,NL32,aleatoria,BG,198,84.54,84.36,84.49,84.4,94.85,84.04,96.03,Relatorio_bior11_no_ss_no_fs_20260617_2311.xlsx
bior11_no_ss_no_fs,NL16,original,RF,198,84.07,84.38,85.19,84.36,94.69,84.22,97.09,Relatorio_bior11_no_ss_no_fs_20260617_2311.xlsx
bior11_no_ss_no_fs,NL8,original,GB,198,83.92,84.33,85,84.24,94.64,84.18,96.34,Relatorio_bior11_no_ss_no_fs_20260617_2311.xlsx
bior11_no_ss_no_fs,NL8,original,RF,198,84.07,84.45,85.13,84.22,94.69,84.07,96.95,Relatorio_bior11_no_ss_no_fs_20260617_2311.xlsx
bior11_no_ss_no_fs,NL16,aleatoria,LR,198,84.04,84.1,84.06,84.07,94.68,83.64,96.08,Relatorio_bior11_no_ss_no_fs_20260617_2311.xlsx
bior11_no_ss_no_fs,NL8,aleatoria,LDA,198,83.85,84.86,83.6,83.95,94.62,83.22,95.89,Relatorio_bior11_no_ss_no_fs_20260617_2311.xlsx
bior11_no_ss_no_fs,NL8,aleatoria,CatB,198,84.04,84.09,83.92,83.92,94.68,83.45,96.71,Relatorio_bior11_no_ss_no_fs_20260617_2311.xlsx
bior11_no_ss_no_fs,NL16,aleatoria,Ridge,198,83.85,84.15,83.79,83.88,94.62,83.29,,Relatorio_bior11_no_ss_no_fs_20260617_2311.xlsx
bior11_no_ss_no_fs,NL32,original,CatB,198,83.63,83.75,84.49,83.88,94.54,83.5,96.69,Relatorio_bior11_no_ss_no_fs_20260617_2311.xlsx
bior11_no_ss_no_fs,NL32,original,GB,198,83.63,83.61,84.49,83.86,94.54,83.61,96.43,Relatorio_bior11_no_ss_no_fs_20260617_2311.xlsx
bior11_no_ss_no_fs,NL16,aleatoria,KNN,198,83.65,84.31,83.48,83.8,94.55,83.24,95.52,Relatorio_bior11_no_ss_no_fs_20260617_2311.xlsx
bior11_no_ss_no_fs,NL16,aleatoria,BG,198,83.15,83.23,82.97,83.04,94.38,82.57,95.89,Relatorio_bior11_no_ss_no_fs_20260617_2311.xlsx
bior11_no_ss_no_fs,NL32,aleatoria,SGDC,198,82.66,82.69,82.88,82.62,94.22,82.12,,Relatorio_bior11_no_ss_no_fs_20260617_2311.xlsx
bior11_no_ss_no_fs,NL8,aleatoria,LR,198,82.36,82.74,82.27,82.44,94.12,81.86,94.84,Relatorio_bior11_no_ss_no_fs_20260617_2311.xlsx
bior11_no_ss_no_fs,NL32,original,SVC,198,82.01,82.42,83.06,82.35,94,81.71,94.95,Relatorio_bior11_no_ss_no_fs_20260617_2311.xlsx
bior11_no_ss_no_fs,NL16,original,CatB,198,82.01,82.15,82.88,82.31,94,81.72,96.31,Relatorio_bior11_no_ss_no_fs_20260617_2311.xlsx
bior11_no_ss_no_fs,NL8,original,BG,198,81.71,82,82.74,82.1,93.9,82.07,94.98,Relatorio_bior11_no_ss_no_fs_20260617_2311.xlsx
bior11_no_ss_no_fs,NL8,original,LDA,198,81.12,83.04,82.21,82.08,93.71,81.42,94.39,Relatorio_bior11_no_ss_no_fs_20260617_2311.xlsx
bior11_no_ss_no_fs,NL16,original,LDA,198,81.12,82.87,82.4,82.08,93.71,81.46,94.47,Relatorio_bior11_no_ss_no_fs_20260617_2311.xlsx
bior11_no_ss_no_fs,NL8,aleatoria,Ridge,198,81.96,82.3,81.84,81.97,93.99,81.32,,Relatorio_bior11_no_ss_no_fs_20260617_2311.xlsx
bior11_no_ss_no_fs,NL32,original,LDA,198,80.97,82.84,82.31,81.84,93.66,81.06,94.68,Relatorio_bior11_no_ss_no_fs_20260617_2311.xlsx
bior11_no_ss_no_fs,NL16,original,SVC,198,81.42,82.05,82.34,81.79,93.81,81.14,94.61,Relatorio_bior11_no_ss_no_fs_20260617_2311.xlsx
bior11_no_ss_no_fs,NL32,original,BG,198,81.42,81.44,82.16,81.72,93.81,81.17,94.42,Relatorio_bior11_no_ss_no_fs_20260617_2311.xlsx
bior11_no_ss_no_fs,NL32,original,SGDC,198,81.12,81.32,82.01,81.54,93.71,80.93,,Relatorio_bior11_no_ss_no_fs_20260617_2311.xlsx
bior11_no_ss_no_fs,NL8,aleatoria,BG,198,81.47,81.65,81.37,81.47,93.82,81.06,95.06,Relatorio_bior11_no_ss_no_fs_20260617_2311.xlsx
bior11_no_ss_no_fs,NL8,aleatoria,KNN,198,81.27,81.95,81.16,81.43,93.76,80.83,94.91,Relatorio_bior11_no_ss_no_fs_20260617_2311.xlsx
bior11_no_ss_no_fs,NL8,aleatoria,SVC,198,81.57,81.83,81.37,81.43,93.86,80.63,95.49,Relatorio_bior11_no_ss_no_fs_20260617_2311.xlsx
bior11_no_ss_no_fs,NL8,original,LR,198,80.68,81.58,81.58,81.38,93.56,80.79,94.7,Relatorio_bior11_no_ss_no_fs_20260617_2311.xlsx
bior11_no_ss_no_fs,NL16,original,BG,198,81.12,81,81.94,81.23,93.71,81,94.13,Relatorio_bior11_no_ss_no_fs_20260617_2311.xlsx
bior11_no_ss_no_fs,NL32,original,LR,198,80.68,81.12,81.87,81.2,93.56,80.76,94.73,Relatorio_bior11_no_ss_no_fs_20260617_2311.xlsx
bior11_no_ss_no_fs,NL16,original,LR,198,80.09,80.78,81.12,80.88,93.36,80.26,94.55,Relatorio_bior11_no_ss_no_fs_20260617_2311.xlsx
bior11_no_ss_no_fs,NL8,original,CatB,198,80.53,80.84,81.54,80.8,93.51,80.46,95.95,Relatorio_bior11_no_ss_no_fs_20260617_2311.xlsx
bior11_no_ss_no_fs,NL16,original,Ridge,198,80.09,80.94,81.2,80.76,93.36,80.03,,Relatorio_bior11_no_ss_no_fs_20260617_2311.xlsx
bior11_no_ss_no_fs,NL32,original,Ridge,198,79.94,81.17,81.21,80.65,93.31,80.04,,Relatorio_bior11_no_ss_no_fs_20260617_2311.xlsx
bior11_no_ss_no_fs,NL8,aleatoria,SGDC,198,80.48,80.52,80.63,80.46,93.49,80.09,,Relatorio_bior11_no_ss_no_fs_20260617_2311.xlsx
bior11_no_ss_no_fs,NL32,aleatoria,DT,198,80.28,81.07,80.1,80.26,93.43,79.57,87.2,Relatorio_bior11_no_ss_no_fs_20260617_2311.xlsx
bior11_no_ss_no_fs,NL8,original,Ridge,198,79.5,80.61,80.6,80.18,93.17,79.51,,Relatorio_bior11_no_ss_no_fs_20260617_2311.xlsx
bior11_no_ss_no_fs,NL8,original,SVC,198,79.2,79.44,80.25,79.47,93.07,78.64,94.18,Relatorio_bior11_no_ss_no_fs_20260617_2311.xlsx
bior11_no_ss_no_fs,NL16,original,SGDC,198,76.55,76.25,77.65,76.74,92.18,76.37,,Relatorio_bior11_no_ss_no_fs_20260617_2311.xlsx
bior11_no_ss_no_fs,NL8,aleatoria,DT,198,76.81,77.37,76.49,76.66,92.27,75.95,86.4,Relatorio_bior11_no_ss_no_fs_20260617_2311.xlsx
bior11_no_ss_no_fs,NL32,original,DT,198,75.22,75.62,76.16,75.8,91.74,75.09,83.98,Relatorio_bior11_no_ss_no_fs_20260617_2311.xlsx
bior11_no_ss_no_fs,NL16,aleatoria,DT,198,75.82,75.87,75.59,75.67,91.94,75.09,84.35,Relatorio_bior11_no_ss_no_fs_20260617_2311.xlsx
bior11_no_ss_no_fs,NL32,aleatoria,QDA,198,76.71,77.74,77.08,75.6,92.24,73.36,93.95,Relatorio_bior11_no_ss_no_fs_20260617_2311.xlsx
bior11_no_ss_no_fs,NL8,original,SGDC,198,74.63,74.99,75.43,75.13,91.54,73.58,,Relatorio_bior11_no_ss_no_fs_20260617_2311.xlsx
bior11_no_ss_no_fs,NL32,original,QDA,198,76.25,76.64,76.34,74.92,92.08,71.38,92.44,Relatorio_bior11_no_ss_no_fs_20260617_2311.xlsx
bior11_no_ss_no_fs,NL16,aleatoria,QDA,198,75.92,77.2,76.28,74.8,91.97,72.45,93.39,Relatorio_bior11_no_ss_no_fs_20260617_2311.xlsx
bior11_no_ss_no_fs,NL16,aleatoria,SGDC,198,74.63,75.42,74.26,74.42,91.54,73.3,,Relatorio_bior11_no_ss_no_fs_20260617_2311.xlsx
bior11_no_ss_no_fs,NL8,aleatoria,QDA,198,74.83,75.86,75.19,73.84,91.61,71.56,92.57,Relatorio_bior11_no_ss_no_fs_20260617_2311.xlsx
bior11_no_ss_no_fs,NL8,original,DT,198,73.16,73.29,74.43,73.53,91.05,73.45,84.76,Relatorio_bior11_no_ss_no_fs_20260617_2311.xlsx
bior11_no_ss_no_fs,NL8,original,QDA,198,74.34,74.21,74.59,73,91.45,69.94,90.2,Relatorio_bior11_no_ss_no_fs_20260617_2311.xlsx
bior11_no_ss_no_fs,NL16,original,DT,198,72.57,73.5,73.49,72.91,90.86,72.51,82.96,Relatorio_bior11_no_ss_no_fs_20260617_2311.xlsx
bior11_no_ss_no_fs,NL16,original,QDA,198,74.48,74.65,74.46,72.67,91.49,68.34,91.85,Relatorio_bior11_no_ss_no_fs_20260617_2311.xlsx
bior11_no_ss_no_fs,NL32,original,ADABoost,198,69.76,70.85,71.03,70.75,89.92,69.9,88.71,Relatorio_bior11_no_ss_no_fs_20260617_2311.xlsx
bior11_no_ss_no_fs,NL8,aleatoria,ADABoost,198,70.66,71.14,70.47,70.56,90.22,69.84,87.4,Relatorio_bior11_no_ss_no_fs_20260617_2311.xlsx
bior11_no_ss_no_fs,NL16,aleatoria,ADABoost,198,69.77,70.7,69.52,69.83,89.92,68.7,88.8,Relatorio_bior11_no_ss_no_fs_20260617_2311.xlsx
bior11_no_ss_no_fs,NL16,original,ADABoost,198,68.29,68.88,68.69,68.77,89.43,67.68,87.95,Relatorio_bior11_no_ss_no_fs_20260617_2311.xlsx
bior11_no_ss_no_fs,NL32,aleatoria,ADABoost,198,67.99,69.23,67.8,68.27,89.33,67.25,88.43,Relatorio_bior11_no_ss_no_fs_20260617_2311.xlsx
bior11_no_ss_no_fs,NL8,original,ADABoost,198,65.78,66.31,66.27,66.27,88.59,65.42,86.89,Relatorio_bior11_no_ss_no_fs_20260617_2311.xlsx
bior11_no_ss_no_fs,NL32,aleatoria,GNB,198,56.79,61.19,56.6,52.72,85.6,45.54,81.82,Relatorio_bior11_no_ss_no_fs_20260617_2311.xlsx
bior11_no_ss_no_fs,NL32,original,GNB,198,57.52,58.16,54.78,52.43,85.84,43.78,80.22,Relatorio_bior11_no_ss_no_fs_20260617_2311.xlsx
bior11_no_ss_no_fs,NL16,aleatoria,GNB,198,54.31,58.28,54.05,49.9,84.77,42.71,81.12,Relatorio_bior11_no_ss_no_fs_20260617_2311.xlsx
bior11_no_ss_no_fs,NL16,original,GNB,198,55.6,55.28,52.52,49.59,85.2,40.43,79.18,Relatorio_bior11_no_ss_no_fs_20260617_2311.xlsx
bior11_no_ss_no_fs,NL8,aleatoria,GNB,198,50.74,53.99,50.32,45.78,83.58,39.02,78.51,Relatorio_bior11_no_ss_no_fs_20260617_2311.xlsx
bior11_no_ss_no_fs,NL8,original,GNB,198,51.18,50.28,47.67,44.38,83.73,35.73,76.3,Relatorio_bior11_no_ss_no_fs_20260617_2311.xlsx
bior11_no_ss_no_fs,NL32,original,Dummy,198,28.91,28.96,29.11,28.81,76.3,29,50.19,Relatorio_bior11_no_ss_no_fs_20260617_2311.xlsx
bior11_no_ss_no_fs,NL8,aleatoria,Dummy,198,27.06,26.97,26.85,26.88,75.69,26.61,50.36,Relatorio_bior11_no_ss_no_fs_20260617_2311.xlsx
bior11_no_ss_no_fs,NL8,original,Dummy,198,26.11,26.28,26.37,26.01,75.37,26.25,49.07,Relatorio_bior11_no_ss_no_fs_20260617_2311.xlsx
bior11_no_ss_no_fs,NL16,aleatoria,Dummy,198,25.87,25.65,25.66,25.65,75.29,25.49,50.49,Relatorio_bior11_no_ss_no_fs_20260617_2311.xlsx
bior11_no_ss_no_fs,NL32,aleatoria,Dummy,198,24.98,24.89,24.85,24.87,74.99,24.79,49.16,Relatorio_bior11_no_ss_no_fs_20260617_2311.xlsx
bior11_no_ss_no_fs,NL16,original,Dummy,198,23.6,23.64,23.61,23.47,74.53,23.61,52.41,Relatorio_bior11_no_ss_no_fs_20260617_2311.xlsx
bior11_ss_fs,NL16,original,ET,30,85.4,85.65,85.77,85.48,95.13,85.55,97.06,Relatorio_bior11_ss_fs_20260618_0958.xlsx
bior11_ss_fs,NL8,original,ET,30,84.66,84.9,85.03,84.68,94.89,84.68,96.65,Relatorio_bior11_ss_fs_20260618_0958.xlsx
bior11_ss_fs,NL32,original,LGBM,30,84.22,84.64,84.75,84.39,94.74,84.53,96.11,Relatorio_bior11_ss_fs_20260618_0958.xlsx
bior11_ss_fs,NL16,original,RF,30,84.22,84.8,84.73,84.35,94.74,84.32,95.57,Relatorio_bior11_ss_fs_20260618_0958.xlsx
bior11_ss_fs,NL32,original,ET,30,83.92,84.28,84.38,84.03,94.64,84.08,96.85,Relatorio_bior11_ss_fs_20260618_0958.xlsx
bior11_ss_fs,NL16,original,XGB,30,83.33,83.78,84.04,83.61,94.44,83.61,95.29,Relatorio_bior11_ss_fs_20260618_0958.xlsx
bior11_ss_fs,NL16,original,LGBM,30,83.04,83.6,83.67,83.29,94.35,83.33,96.19,Relatorio_bior11_ss_fs_20260618_0958.xlsx
bior11_ss_fs,NL8,original,RF,30,82.89,83.71,83.51,83.05,94.3,82.97,95.16,Relatorio_bior11_ss_fs_20260618_0958.xlsx
bior11_ss_fs,NL8,original,XGB,30,82.6,83.22,83.27,82.83,94.2,82.8,95.47,Relatorio_bior11_ss_fs_20260618_0958.xlsx
bior11_ss_fs,NL32,aleatoria,LGBM,30,82.85,83.35,82.57,82.74,94.28,82.29,95.85,Relatorio_bior11_ss_fs_20260618_0958.xlsx
bior11_ss_fs,NL16,aleatoria,LGBM,30,82.56,83.19,82.4,82.61,94.19,82.14,95.9,Relatorio_bior11_ss_fs_20260618_0958.xlsx
bior11_ss_fs,NL32,original,XGB,30,82.3,82.76,82.9,82.6,94.1,82.56,95.31,Relatorio_bior11_ss_fs_20260618_0958.xlsx
bior11_ss_fs,NL8,original,LGBM,30,82.3,83.02,83,82.59,94.1,82.6,95.76,Relatorio_bior11_ss_fs_20260618_0958.xlsx
bior11_ss_fs,NL8,aleatoria,LGBM,30,82.36,83.31,82.19,82.48,94.12,81.99,95.05,Relatorio_bior11_ss_fs_20260618_0958.xlsx
bior11_ss_fs,NL16,aleatoria,XGB,30,82.26,82.78,82.14,82.32,94.09,81.9,95.28,Relatorio_bior11_ss_fs_20260618_0958.xlsx
bior11_ss_fs,NL16,aleatoria,ET,30,82.16,82.64,81.98,82.1,94.05,81.64,95.99,Relatorio_bior11_ss_fs_20260618_0958.xlsx
bior11_ss_fs,NL8,aleatoria,ET,30,81.96,82.33,81.76,81.88,93.99,81.44,95.9,Relatorio_bior11_ss_fs_20260618_0958.xlsx
bior11_ss_fs,NL32,aleatoria,ET,30,81.76,82.28,81.49,81.65,93.92,81.16,95.82,Relatorio_bior11_ss_fs_20260618_0958.xlsx
bior11_ss_fs,NL32,original,RF,30,81.42,82.15,82.07,81.54,93.81,81.48,95.6,Relatorio_bior11_ss_fs_20260618_0958.xlsx
bior11_ss_fs,NL32,aleatoria,XGB,30,80.67,81.1,80.49,80.66,93.56,80.24,95.04,Relatorio_bior11_ss_fs_20260618_0958.xlsx
bior11_ss_fs,NL32,original,MLP,30,79.94,81.16,80.83,80.65,93.31,80.47,94.56,Relatorio_bior11_ss_fs_20260618_0958.xlsx
bior11_ss_fs,NL8,aleatoria,XGB,30,80.48,81.3,80.34,80.63,93.49,80.16,94.66,Relatorio_bior11_ss_fs_20260618_0958.xlsx
bior11_ss_fs,NL16,aleatoria,RF,30,80.67,81.03,80.51,80.62,93.56,80.2,94.91,Relatorio_bior11_ss_fs_20260618_0958.xlsx
bior11_ss_fs,NL32,aleatoria,MLP,30,79.98,80.56,80.1,80.29,93.33,79.89,94.83,Relatorio_bior11_ss_fs_20260618_0958.xlsx
bior11_ss_fs,NL16,aleatoria,MLP,30,79.98,80.2,80.2,80.19,93.33,79.9,94.58,Relatorio_bior11_ss_fs_20260618_0958.xlsx
bior11_ss_fs,NL8,aleatoria,RF,30,80.18,80.76,79.99,80.15,93.39,79.64,94.81,Relatorio_bior11_ss_fs_20260618_0958.xlsx
bior11_ss_fs,NL16,original,MLP,30,79.5,80.2,80.36,80.12,93.17,79.97,94.5,Relatorio_bior11_ss_fs_20260618_0958.xlsx
bior11_ss_fs,NL32,aleatoria,RF,30,79.88,80.22,79.65,79.77,93.29,79.3,94.73,Relatorio_bior11_ss_fs_20260618_0958.xlsx
bior11_ss_fs,NL8,aleatoria,MLP,30,79.39,80,79.41,79.61,93.13,79.18,94.29,Relatorio_bior11_ss_fs_20260618_0958.xlsx
bior11_ss_fs,NL8,original,MLP,30,79.2,79.58,79.86,79.51,93.07,79.05,93.89,Relatorio_bior11_ss_fs_20260618_0958.xlsx
bior11_ss_fs,NL8,original,BG,30,78.32,79.45,79.08,78.85,92.77,78.63,92.21,Relatorio_bior11_ss_fs_20260618_0958.xlsx
bior11_ss_fs,NL16,original,BG,30,78.17,78.81,78.84,78.5,92.72,78.4,92.55,Relatorio_bior11_ss_fs_20260618_0958.xlsx
bior11_ss_fs,NL32,aleatoria,CatB,30,77.3,77.78,77.31,77.47,92.43,77.03,92.86,Relatorio_bior11_ss_fs_20260618_0958.xlsx
bior11_ss_fs,NL16,aleatoria,CatB,30,77.21,77.58,77.26,77.35,92.4,76.96,93.15,Relatorio_bior11_ss_fs_20260618_0958.xlsx
bior11_ss_fs,NL16,aleatoria,BG,30,77.4,77.57,77.23,77.34,92.47,76.98,92.88,Relatorio_bior11_ss_fs_20260618_0958.xlsx
bior11_ss_fs,NL8,aleatoria,CatB,30,76.81,77.33,76.84,77.02,92.27,76.61,93.1,Relatorio_bior11_ss_fs_20260618_0958.xlsx
bior11_ss_fs,NL8,aleatoria,GB,30,76.21,77.07,76.23,76.53,92.07,76.09,92.53,Relatorio_bior11_ss_fs_20260618_0958.xlsx
bior11_ss_fs,NL16,original,CatB,30,75.96,76.54,76.91,76.53,91.99,76.25,92.66,Relatorio_bior11_ss_fs_20260618_0958.xlsx
bior11_ss_fs,NL32,original,BG,30,75.81,76.41,76.77,76.4,91.94,76.23,92.28,Relatorio_bior11_ss_fs_20260618_0958.xlsx
bior11_ss_fs,NL32,aleatoria,SVC,30,75.62,76.32,75.68,75.91,91.87,75.39,92.01,Relatorio_bior11_ss_fs_20260618_0958.xlsx
bior11_ss_fs,NL8,aleatoria,BG,30,75.72,76.41,75.61,75.89,91.91,75.46,92.09,Relatorio_bior11_ss_fs_20260618_0958.xlsx
bior11_ss_fs,NL16,aleatoria,SVC,30,75.62,76.18,75.73,75.86,91.87,75.25,92.46,Relatorio_bior11_ss_fs_20260618_0958.xlsx
bior11_ss_fs,NL8,original,CatB,30,75.07,76.07,76.19,75.77,91.69,75.4,92.88,Relatorio_bior11_ss_fs_20260618_0958.xlsx
bior11_ss_fs,NL32,aleatoria,GB,30,75.22,76.04,75.1,75.38,91.74,74.84,92.59,Relatorio_bior11_ss_fs_20260618_0958.xlsx
bior11_ss_fs,NL16,aleatoria,GB,30,75.12,75.66,75.2,75.28,91.71,74.82,92.52,Relatorio_bior11_ss_fs_20260618_0958.xlsx
bior11_ss_fs,NL32,aleatoria,BG,30,75.22,75.66,75.03,75.25,91.74,74.87,91.63,Relatorio_bior11_ss_fs_20260618_0958.xlsx
bior11_ss_fs,NL32,original,CatB,30,74.63,75.39,75.62,75.18,91.54,74.87,92.37,Relatorio_bior11_ss_fs_20260618_0958.xlsx
bior11_ss_fs,NL16,aleatoria,LR,30,74.83,75.1,75.03,75.06,91.61,74.74,90.64,Relatorio_bior11_ss_fs_20260618_0958.xlsx
bior11_ss_fs,NL32,original,GB,30,74.34,75.02,74.95,74.76,91.45,74.38,91.86,Relatorio_bior11_ss_fs_20260618_0958.xlsx
bior11_ss_fs,NL16,original,GB,30,74.04,74.96,75.05,74.71,91.35,74.45,92.31,Relatorio_bior11_ss_fs_20260618_0958.xlsx
bior11_ss_fs,NL8,original,GB,30,73.6,74.96,74.83,74.39,91.2,73.91,91.84,Relatorio_bior11_ss_fs_20260618_0958.xlsx
bior11_ss_fs,NL8,aleatoria,SVC,30,73.74,74.85,73.88,74.2,91.25,73.64,91.78,Relatorio_bior11_ss_fs_20260618_0958.xlsx
bior11_ss_fs,NL16,aleatoria,LDA,30,73.74,74.39,73.82,74,91.25,73.33,89.49,Relatorio_bior11_ss_fs_20260618_0958.xlsx
bior11_ss_fs,NL32,aleatoria,LR,30,73.74,73.97,73.84,73.87,91.25,73.51,90.36,Relatorio_bior11_ss_fs_20260618_0958.xlsx
bior11_ss_fs,NL16,original,SVC,30,72.71,73.7,73.44,73.35,90.9,72.8,91.1,Relatorio_bior11_ss_fs_20260618_0958.xlsx
bior11_ss_fs,NL16,original,KNN,30,72.57,73.94,73.17,73.35,90.86,72.97,90.52,Relatorio_bior11_ss_fs_20260618_0958.xlsx
bior11_ss_fs,NL16,original,LR,30,72.86,73.26,73.63,73.22,90.95,72.68,89.99,Relatorio_bior11_ss_fs_20260618_0958.xlsx
bior11_ss_fs,NL32,original,LR,30,72.86,73.22,73.6,73.07,90.95,72.43,90.03,Relatorio_bior11_ss_fs_20260618_0958.xlsx
bior11_ss_fs,NL32,original,SVC,30,72.42,73.33,73.31,73.06,90.81,72.52,90.71,Relatorio_bior11_ss_fs_20260618_0958.xlsx
bior11_ss_fs,NL32,aleatoria,LDA,30,72.15,73.26,72.14,72.5,90.72,71.74,89.46,Relatorio_bior11_ss_fs_20260618_0958.xlsx
bior11_ss_fs,NL8,original,SVC,30,71.68,72.92,72.59,72.46,90.56,71.98,90.41,Relatorio_bior11_ss_fs_20260618_0958.xlsx
bior11_ss_fs,NL16,original,LDA,30,71.53,72.66,72.46,72.21,90.51,71.5,89.14,Relatorio_bior11_ss_fs_20260618_0958.xlsx
bior11_ss_fs,NL8,original,KNN,30,71.24,72.79,71.76,72.16,90.41,71.38,90.05,Relatorio_bior11_ss_fs_20260618_0958.xlsx
bior11_ss_fs,NL32,original,KNN,30,71.24,72.54,71.82,72.04,90.41,71.56,90.16,Relatorio_bior11_ss_fs_20260618_0958.xlsx
bior11_ss_fs,NL8,original,DT,30,71.24,72.13,72.05,71.92,90.41,71.61,84.35,Relatorio_bior11_ss_fs_20260618_0958.xlsx
bior11_ss_fs,NL16,aleatoria,Ridge,30,71.85,71.94,72.07,71.17,90.62,70.01,,Relatorio_bior11_ss_fs_20260618_0958.xlsx
bior11_ss_fs,NL8,aleatoria,LR,30,70.66,71.32,70.75,70.97,90.22,70.55,89.2,Relatorio_bior11_ss_fs_20260618_0958.xlsx
bior11_ss_fs,NL8,aleatoria,KNN,30,70.27,72.13,70.55,70.87,90.09,70.42,89.34,Relatorio_bior11_ss_fs_20260618_0958.xlsx
bior11_ss_fs,NL32,aleatoria,DT,30,70.47,70.97,70.37,70.59,90.16,70.21,82.33,Relatorio_bior11_ss_fs_20260618_0958.xlsx
bior11_ss_fs,NL16,aleatoria,DT,30,70.17,71.06,69.97,70.28,90.06,69.72,81.9,Relatorio_bior11_ss_fs_20260618_0958.xlsx
bior11_ss_fs,NL32,original,LDA,30,69.47,71.42,70.26,70.17,89.82,69.06,88.64,Relatorio_bior11_ss_fs_20260618_0958.xlsx
bior11_ss_fs,NL32,aleatoria,Ridge,30,70.96,70.77,71.14,70.1,90.32,68.79,,Relatorio_bior11_ss_fs_20260618_0958.xlsx
bior11_ss_fs,NL16,aleatoria,KNN,30,69.47,70.81,69.7,70.07,89.82,69.54,89.54,Relatorio_bior11_ss_fs_20260618_0958.xlsx
bior11_ss_fs,NL8,original,LR,30,68.73,69.89,69.41,69.56,89.58,68.48,88.76,Relatorio_bior11_ss_fs_20260618_0958.xlsx
bior11_ss_fs,NL32,aleatoria,SGDC,30,70.37,69.81,70.65,69.44,90.12,68.26,,Relatorio_bior11_ss_fs_20260618_0958.xlsx
bior11_ss_fs,NL8,aleatoria,LDA,30,68.58,70.14,68.55,69.11,89.53,68.41,88.23,Relatorio_bior11_ss_fs_20260618_0958.xlsx
bior11_ss_fs,NL32,aleatoria,KNN,30,68.19,70.16,68.33,68.88,89.4,68.28,88.86,Relatorio_bior11_ss_fs_20260618_0958.xlsx
bior11_ss_fs,NL8,original,LDA,30,67.55,69.52,68.55,68.71,89.18,67.56,87.24,Relatorio_bior11_ss_fs_20260618_0958.xlsx
bior11_ss_fs,NL8,aleatoria,SGDC,30,68.58,69.17,68.65,68.66,89.53,67.84,,Relatorio_bior11_ss_fs_20260618_0958.xlsx
bior11_ss_fs,NL32,original,SGDC,30,67.85,70.95,67.55,68.31,89.28,66.7,,Relatorio_bior11_ss_fs_20260618_0958.xlsx
bior11_ss_fs,NL8,aleatoria,Ridge,30,67.99,68.83,68.12,68.1,89.33,67.21,,Relatorio_bior11_ss_fs_20260618_0958.xlsx
bior11_ss_fs,NL8,aleatoria,DT,30,67.49,68.43,67.53,67.85,89.16,67.36,80.62,Relatorio_bior11_ss_fs_20260618_0958.xlsx
bior11_ss_fs,NL16,original,Ridge,30,68.58,68.8,69.11,67.69,89.53,65.58,,Relatorio_bior11_ss_fs_20260618_0958.xlsx
bior11_ss_fs,NL16,original,DT,30,66.81,68.83,67.73,67.65,88.94,67.18,81.39,Relatorio_bior11_ss_fs_20260618_0958.xlsx
bior11_ss_fs,NL32,original,DT,30,66.81,67.75,67.94,67.54,88.94,67.18,82.7,Relatorio_bior11_ss_fs_20260618_0958.xlsx
bior11_ss_fs,NL8,original,Ridge,30,66.37,67.49,67.2,66.9,88.79,65.34,,Relatorio_bior11_ss_fs_20260618_0958.xlsx
bior11_ss_fs,NL32,original,Ridge,30,67.55,67.16,67.98,66.4,89.18,64.12,,Relatorio_bior11_ss_fs_20260618_0958.xlsx
bior11_ss_fs,NL16,original,SGDC,30,67.11,66.95,67.42,65.59,89.04,64.23,,Relatorio_bior11_ss_fs_20260618_0958.xlsx
bior11_ss_fs,NL8,original,SGDC,30,64.01,64.51,65.25,62.86,88,61.8,,Relatorio_bior11_ss_fs_20260618_0958.xlsx
bior11_ss_fs,NL16,aleatoria,SGDC,30,63.43,62.58,63.14,62.56,87.81,61.39,,Relatorio_bior11_ss_fs_20260618_0958.xlsx
bior11_ss_fs,NL8,aleatoria,ADABoost,30,59.37,60.55,59.9,59.95,86.46,59.36,82.46,Relatorio_bior11_ss_fs_20260618_0958.xlsx
bior11_ss_fs,NL16,original,ADABoost,30,58.26,59.72,59.43,59.44,86.09,58.34,81.31,Relatorio_bior11_ss_fs_20260618_0958.xlsx
bior11_ss_fs,NL8,aleatoria,QDA,30,59.46,60.68,59.86,58.45,86.49,55.43,83.61,Relatorio_bior11_ss_fs_20260618_0958.xlsx
bior11_ss_fs,NL16,aleatoria,ADABoost,30,57.68,59.61,58.1,58.42,85.89,57.77,80.6,Relatorio_bior11_ss_fs_20260618_0958.xlsx
bior11_ss_fs,NL16,aleatoria,QDA,30,59.37,60.75,59.8,58.29,86.46,55.12,82.92,Relatorio_bior11_ss_fs_20260618_0958.xlsx
bior11_ss_fs,NL32,aleatoria,ADABoost,30,57.98,58.4,58.45,58.26,85.99,57.47,80.16,Relatorio_bior11_ss_fs_20260618_0958.xlsx
bior11_ss_fs,NL32,aleatoria,QDA,30,58.67,59.16,59.05,57.6,86.22,54.53,82.57,Relatorio_bior11_ss_fs_20260618_0958.xlsx
bior11_ss_fs,NL32,original,ADABoost,30,56.05,59.03,57.73,57.32,85.35,56.22,79.4,Relatorio_bior11_ss_fs_20260618_0958.xlsx
bior11_ss_fs,NL8,original,ADABoost,30,55.31,58.06,56.87,56.73,85.1,55.78,81.22,Relatorio_bior11_ss_fs_20260618_0958.xlsx
bior11_ss_fs,NL8,original,QDA,30,57.37,57.78,57.37,56.2,85.79,51.95,82.3,Relatorio_bior11_ss_fs_20260618_0958.xlsx
bior11_ss_fs,NL16,original,QDA,30,56.78,56.46,56.89,55.19,85.59,49.93,81.42,Relatorio_bior11_ss_fs_20260618_0958.xlsx
bior11_ss_fs,NL32,original,QDA,30,55.46,54.47,55.26,53.74,85.15,48.53,80.86,Relatorio_bior11_ss_fs_20260618_0958.xlsx
bior11_ss_fs,NL16,aleatoria,GNB,30,52.73,54.11,53.18,51.34,84.24,46.76,78.26,Relatorio_bior11_ss_fs_20260618_0958.xlsx
bior11_ss_fs,NL32,aleatoria,GNB,30,51.54,52.83,51.99,50.24,83.85,45.86,78.25,Relatorio_bior11_ss_fs_20260618_0958.xlsx
bior11_ss_fs,NL32,original,GNB,30,52.36,51.97,51.65,49.89,84.12,43.12,76.45,Relatorio_bior11_ss_fs_20260618_0958.xlsx
bior11_ss_fs,NL16,original,GNB,30,52.36,52.29,51.59,49.87,84.12,43.14,76.71,Relatorio_bior11_ss_fs_20260618_0958.xlsx
bior11_ss_fs,NL8,aleatoria,GNB,30,50.94,54.16,51.49,49.8,83.65,45.49,77.31,Relatorio_bior11_ss_fs_20260618_0958.xlsx
bior11_ss_fs,NL8,original,GNB,30,51.18,53.05,50.69,49.07,83.73,43.55,75.81,Relatorio_bior11_ss_fs_20260618_0958.xlsx
bior11_ss_fs,NL8,aleatoria,Dummy,30,27.45,27.28,27.24,27.24,75.82,26.97,50.32,Relatorio_bior11_ss_fs_20260618_0958.xlsx
bior11_ss_fs,NL16,original,Dummy,30,26.84,26.42,26.67,26.44,75.61,26.21,48.91,Relatorio_bior11_ss_fs_20260618_0958.xlsx
bior11_ss_fs,NL32,aleatoria,Dummy,30,25.87,25.73,25.64,25.67,75.29,25.47,48.91,Relatorio_bior11_ss_fs_20260618_0958.xlsx
bior11_ss_fs,NL16,aleatoria,Dummy,30,23.98,23.97,24.07,24,74.66,24.02,50.7,Relatorio_bior11_ss_fs_20260618_0958.xlsx
bior11_ss_fs,NL8,original,Dummy,30,24.34,23.91,24.02,23.88,74.78,23.66,51.34,Relatorio_bior11_ss_fs_20260618_0958.xlsx
bior11_ss_fs,NL32,original,Dummy,30,23.16,23.27,23.04,22.91,74.39,22.9,49.22,Relatorio_bior11_ss_fs_20260618_0958.xlsx
bior11_ss_no_fs,NL16,aleatoria,LGBM,198,85.83,85.99,85.81,85.88,95.28,85.65,96.91,Relatorio_bior11_ss_no_fs_20260618_1058.xlsx
bior11_ss_no_fs,NL32,aleatoria,LGBM,198,85.73,86.09,85.71,85.82,95.24,85.54,96.95,Relatorio_bior11_ss_no_fs_20260618_1058.xlsx
bior11_ss_no_fs,NL32,original,LGBM,198,85.25,86.16,86.3,85.61,95.08,85.56,96.98,Relatorio_bior11_ss_no_fs_20260618_1058.xlsx
bior11_ss_no_fs,NL16,original,LGBM,198,85.25,86.2,86.07,85.6,95.08,85.57,96.81,Relatorio_bior11_ss_no_fs_20260618_1058.xlsx
bior11_ss_no_fs,NL32,aleatoria,XGB,198,85.23,85.54,85.23,85.33,95.08,85.06,96.51,Relatorio_bior11_ss_no_fs_20260618_1058.xlsx
bior11_ss_no_fs,NL8,aleatoria,LGBM,198,85.23,85.57,85.17,85.32,95.08,85.03,96.43,Relatorio_bior11_ss_no_fs_20260618_1058.xlsx
bior11_ss_no_fs,NL16,aleatoria,MLP,198,84.94,85.22,85.07,85.11,94.98,84.94,96.38,Relatorio_bior11_ss_no_fs_20260618_1058.xlsx
bior11_ss_no_fs,NL32,aleatoria,MLP,198,84.64,84.9,84.78,84.81,94.88,84.62,96.58,Relatorio_bior11_ss_no_fs_20260618_1058.xlsx
bior11_ss_no_fs,NL16,aleatoria,XGB,198,84.64,84.78,84.68,84.7,94.88,84.48,96.27,Relatorio_bior11_ss_no_fs_20260618_1058.xlsx
bior11_ss_no_fs,NL32,original,XGB,198,84.22,84.91,85.06,84.57,94.74,84.52,96.42,Relatorio_bior11_ss_no_fs_20260618_1058.xlsx
bior11_ss_no_fs,NL32,original,ET,198,84.37,84.65,85.1,84.57,94.79,84.62,96.66,Relatorio_bior11_ss_no_fs_20260618_1058.xlsx
bior11_ss_no_fs,NL8,original,LGBM,198,83.92,85.07,84.68,84.31,94.64,84.07,96.47,Relatorio_bior11_ss_no_fs_20260618_1058.xlsx
bior11_ss_no_fs,NL16,original,ET,198,83.92,84.32,84.62,84.14,94.64,84.14,96.54,Relatorio_bior11_ss_no_fs_20260618_1058.xlsx
bior11_ss_no_fs,NL8,aleatoria,XGB,198,83.94,84.26,83.93,84.04,94.65,83.7,96.11,Relatorio_bior11_ss_no_fs_20260618_1058.xlsx
bior11_ss_no_fs,NL16,original,XGB,198,83.19,83.83,84.06,83.53,94.4,83.45,96.23,Relatorio_bior11_ss_no_fs_20260618_1058.xlsx
bior11_ss_no_fs,NL8,original,XGB,198,82.89,84.27,83.94,83.41,94.3,83.16,96.17,Relatorio_bior11_ss_no_fs_20260618_1058.xlsx
bior11_ss_no_fs,NL16,aleatoria,LDA,198,82.76,83.68,82.79,83.04,94.25,82.6,94.83,Relatorio_bior11_ss_no_fs_20260618_1058.xlsx
bior11_ss_no_fs,NL8,original,ET,198,82.74,83.16,83.37,82.98,94.25,82.92,95.98,Relatorio_bior11_ss_no_fs_20260618_1058.xlsx
bior11_ss_no_fs,NL32,aleatoria,LDA,198,82.66,83.7,82.71,82.98,94.22,82.52,95.29,Relatorio_bior11_ss_no_fs_20260618_1058.xlsx
bior11_ss_no_fs,NL16,aleatoria,ET,198,82.26,82.69,82.18,82.29,94.09,81.84,95.85,Relatorio_bior11_ss_no_fs_20260618_1058.xlsx
bior11_ss_no_fs,NL32,aleatoria,ET,198,82.36,82.59,82.24,82.27,94.12,81.81,96.08,Relatorio_bior11_ss_no_fs_20260618_1058.xlsx
bior11_ss_no_fs,NL32,original,RF,198,81.86,82.54,82.7,82.17,93.95,82.07,95.97,Relatorio_bior11_ss_no_fs_20260618_1058.xlsx
bior11_ss_no_fs,NL32,original,MLP,198,81.56,82.26,82.22,82.15,93.85,81.8,95.8,Relatorio_bior11_ss_no_fs_20260618_1058.xlsx
bior11_ss_no_fs,NL32,aleatoria,GB,198,81.76,82.11,81.85,81.92,93.92,81.53,95.07,Relatorio_bior11_ss_no_fs_20260618_1058.xlsx
bior11_ss_no_fs,NL32,aleatoria,CatB,198,81.57,81.83,81.62,81.66,93.86,81.28,95.26,Relatorio_bior11_ss_no_fs_20260618_1058.xlsx
bior11_ss_no_fs,NL16,original,MLP,198,80.68,81.57,81.49,81.42,93.56,81.09,95.58,Relatorio_bior11_ss_no_fs_20260618_1058.xlsx
bior11_ss_no_fs,NL32,aleatoria,Ridge,198,81.17,81.68,81.25,81.36,93.72,80.89,,Relatorio_bior11_ss_no_fs_20260618_1058.xlsx
bior11_ss_no_fs,NL32,aleatoria,RF,198,81.37,81.39,81.41,81.32,93.79,80.98,95.34,Relatorio_bior11_ss_no_fs_20260618_1058.xlsx
bior11_ss_no_fs,NL8,original,RF,198,80.97,81.56,81.73,81.29,93.66,81.17,95.34,Relatorio_bior11_ss_no_fs_20260618_1058.xlsx
bior11_ss_no_fs,NL32,original,LDA,198,80.38,82.7,81.55,81.24,93.46,80.74,94.22,Relatorio_bior11_ss_no_fs_20260618_1058.xlsx
bior11_ss_no_fs,NL16,aleatoria,GB,198,80.97,81.3,81,81.1,93.66,80.76,95.12,Relatorio_bior11_ss_no_fs_20260618_1058.xlsx
bior11_ss_no_fs,NL8,aleatoria,CatB,198,80.67,81,80.75,80.86,93.56,80.52,94.51,Relatorio_bior11_ss_no_fs_20260618_1058.xlsx
bior11_ss_no_fs,NL16,aleatoria,RF,198,80.77,80.99,80.8,80.85,93.59,80.48,94.91,Relatorio_bior11_ss_no_fs_20260618_1058.xlsx
bior11_ss_no_fs,NL8,aleatoria,LDA,198,80.57,81.51,80.46,80.78,93.52,80.22,93.63,Relatorio_bior11_ss_no_fs_20260618_1058.xlsx
bior11_ss_no_fs,NL16,aleatoria,Ridge,198,80.48,80.96,80.48,80.64,93.49,80.17,,Relatorio_bior11_ss_no_fs_20260618_1058.xlsx
bior11_ss_no_fs,NL8,aleatoria,MLP,198,80.57,80.57,80.69,80.62,93.52,80.26,95.26,Relatorio_bior11_ss_no_fs_20260618_1058.xlsx
bior11_ss_no_fs,NL8,aleatoria,RF,198,80.48,80.73,80.45,80.53,93.49,80.16,94.72,Relatorio_bior11_ss_no_fs_20260618_1058.xlsx
bior11_ss_no_fs,NL8,original,MLP,198,79.79,81.1,80.77,80.5,93.26,80.16,94.73,Relatorio_bior11_ss_no_fs_20260618_1058.xlsx
bior11_ss_no_fs,NL32,aleatoria,SVC,198,80.28,80.63,80.42,80.48,93.43,80.09,94.22,Relatorio_bior11_ss_no_fs_20260618_1058.xlsx
bior11_ss_no_fs,NL8,aleatoria,ET,198,80.48,80.83,80.36,80.48,93.49,80.03,95.26,Relatorio_bior11_ss_no_fs_20260618_1058.xlsx
bior11_ss_no_fs,NL32,original,CatB,198,79.94,80.45,80.77,80.45,93.31,80.2,94.77,Relatorio_bior11_ss_no_fs_20260618_1058.xlsx
bior11_ss_no_fs,NL16,original,RF,198,80.09,80.64,80.77,80.44,93.36,80.26,95.4,Relatorio_bior11_ss_no_fs_20260618_1058.xlsx
bior11_ss_no_fs,NL32,aleatoria,LR,198,80.18,80.53,80.35,80.43,93.39,80.15,94.18,Relatorio_bior11_ss_no_fs_20260618_1058.xlsx
bior11_ss_no_fs,NL16,aleatoria,CatB,198,79.98,80.34,80.05,80.14,93.33,79.77,94.72,Relatorio_bior11_ss_no_fs_20260618_1058.xlsx
bior11_ss_no_fs,NL8,original,GB,198,79.35,80.24,80.22,79.93,93.12,79.65,94.36,Relatorio_bior11_ss_no_fs_20260618_1058.xlsx
bior11_ss_no_fs,NL16,original,LDA,198,78.61,80.79,79.85,79.55,92.87,79.15,93.79,Relatorio_bior11_ss_no_fs_20260618_1058.xlsx
bior11_ss_no_fs,NL32,original,GB,198,78.76,79.88,79.92,79.48,92.92,79.21,94.72,Relatorio_bior11_ss_no_fs_20260618_1058.xlsx
bior11_ss_no_fs,NL8,aleatoria,GB,198,79.19,79.75,79.25,79.45,93.06,79.06,94.59,Relatorio_bior11_ss_no_fs_20260618_1058.xlsx
bior11_ss_no_fs,NL16,original,CatB,198,78.76,79.47,79.8,79.37,92.92,79.11,94.62,Relatorio_bior11_ss_no_fs_20260618_1058.xlsx
bior11_ss_no_fs,NL16,aleatoria,SVC,198,79.09,79.66,79.2,79.36,93.03,78.86,93.94,Relatorio_bior11_ss_no_fs_20260618_1058.xlsx
bior11_ss_no_fs,NL8,aleatoria,Ridge,198,78.89,79.32,78.89,78.96,92.96,78.46,,Relatorio_bior11_ss_no_fs_20260618_1058.xlsx
bior11_ss_no_fs,NL8,aleatoria,SVC,198,78.69,79.14,78.77,78.88,92.9,78.36,93.35,Relatorio_bior11_ss_no_fs_20260618_1058.xlsx
bior11_ss_no_fs,NL16,original,GB,198,78.17,79.22,79.06,78.8,92.72,78.56,94.37,Relatorio_bior11_ss_no_fs_20260618_1058.xlsx
bior11_ss_no_fs,NL16,original,Ridge,198,77.88,79.85,78.9,78.66,92.63,78.16,,Relatorio_bior11_ss_no_fs_20260618_1058.xlsx
bior11_ss_no_fs,NL16,aleatoria,LR,198,78.3,78.6,78.56,78.57,92.77,78.24,94.07,Relatorio_bior11_ss_no_fs_20260618_1058.xlsx
bior11_ss_no_fs,NL16,original,LR,198,76.99,78.75,78.01,78.01,92.33,77.56,93.19,Relatorio_bior11_ss_no_fs_20260618_1058.xlsx
bior11_ss_no_fs,NL32,original,BG,198,77.43,78.41,78.02,77.97,92.48,77.62,92.46,Relatorio_bior11_ss_no_fs_20260618_1058.xlsx
bior11_ss_no_fs,NL32,original,LR,198,76.99,78.88,77.96,77.96,92.33,77.48,93.15,Relatorio_bior11_ss_no_fs_20260618_1058.xlsx
bior11_ss_no_fs,NL32,original,Ridge,198,76.99,79.14,78.23,77.94,92.33,77.42,,Relatorio_bior11_ss_no_fs_20260618_1058.xlsx
bior11_ss_no_fs,NL8,original,CatB,198,77.14,77.54,78.13,77.59,92.38,77.19,94.41,Relatorio_bior11_ss_no_fs_20260618_1058.xlsx
bior11_ss_no_fs,NL8,original,LR,198,76.84,78.01,77.39,77.43,92.28,77,92.47,Relatorio_bior11_ss_no_fs_20260618_1058.xlsx
bior11_ss_no_fs,NL16,aleatoria,SGDC,198,77.21,77.51,77.45,77.4,92.4,77,,Relatorio_bior11_ss_no_fs_20260618_1058.xlsx
bior11_ss_no_fs,NL8,aleatoria,LR,198,77.21,77.28,77.3,77.28,92.4,76.85,93.08,Relatorio_bior11_ss_no_fs_20260618_1058.xlsx
bior11_ss_no_fs,NL32,original,SVC,198,76.11,77.48,77.26,76.87,92.04,76.26,93,Relatorio_bior11_ss_no_fs_20260618_1058.xlsx
bior11_ss_no_fs,NL8,original,LDA,198,75.96,77.95,76.73,76.74,91.99,76.23,92.42,Relatorio_bior11_ss_no_fs_20260618_1058.xlsx
bior11_ss_no_fs,NL16,original,SVC,198,75.96,77.26,77.11,76.71,91.99,76.18,92.79,Relatorio_bior11_ss_no_fs_20260618_1058.xlsx
bior11_ss_no_fs,NL32,aleatoria,BG,198,76.31,76.46,76.51,76.48,92.1,76.07,92.67,Relatorio_bior11_ss_no_fs_20260618_1058.xlsx
bior11_ss_no_fs,NL8,aleatoria,BG,198,75.72,75.92,75.85,75.88,91.91,75.61,91.77,Relatorio_bior11_ss_no_fs_20260618_1058.xlsx
bior11_ss_no_fs,NL8,original,Ridge,198,75.07,76.1,75.8,75.49,91.69,75.06,,Relatorio_bior11_ss_no_fs_20260618_1058.xlsx
bior11_ss_no_fs,NL8,original,SVC,198,74.63,75.94,75.53,75.38,91.54,74.57,92.28,Relatorio_bior11_ss_no_fs_20260618_1058.xlsx
bior11_ss_no_fs,NL8,original,BG,198,74.48,75.48,75.33,75.19,91.49,74.86,92.38,Relatorio_bior11_ss_no_fs_20260618_1058.xlsx
bior11_ss_no_fs,NL16,aleatoria,BG,198,74.93,75.23,75.14,75.17,91.64,74.87,91.07,Relatorio_bior11_ss_no_fs_20260618_1058.xlsx
bior11_ss_no_fs,NL16,original,BG,198,74.19,75.11,75.09,74.97,91.4,74.66,91.97,Relatorio_bior11_ss_no_fs_20260618_1058.xlsx
bior11_ss_no_fs,NL32,original,KNN,198,74.04,75.84,74.52,74.94,91.35,74.3,90.78,Relatorio_bior11_ss_no_fs_20260618_1058.xlsx
bior11_ss_no_fs,NL16,original,SGDC,198,74.19,74.84,74.79,74.7,91.4,74.51,,Relatorio_bior11_ss_no_fs_20260618_1058.xlsx
bior11_ss_no_fs,NL32,original,SGDC,198,71.98,74.09,72.86,73.08,90.66,72.36,,Relatorio_bior11_ss_no_fs_20260618_1058.xlsx
bior11_ss_no_fs,NL32,aleatoria,SGDC,198,72.94,73.08,73.22,72.93,90.98,72.43,,Relatorio_bior11_ss_no_fs_20260618_1058.xlsx
bior11_ss_no_fs,NL32,aleatoria,KNN,198,72.35,73.61,72.56,72.91,90.78,72.25,90.76,Relatorio_bior11_ss_no_fs_20260618_1058.xlsx
bior11_ss_no_fs,NL32,aleatoria,DT,198,72.15,72.6,72.28,72.42,90.72,72.01,81.65,Relatorio_bior11_ss_no_fs_20260618_1058.xlsx
bior11_ss_no_fs,NL16,aleatoria,KNN,198,71.75,73.09,72.09,72.37,90.58,71.71,89.28,Relatorio_bior11_ss_no_fs_20260618_1058.xlsx
bior11_ss_no_fs,NL8,aleatoria,SGDC,198,72.35,73.11,72.58,72.35,90.78,71.79,,Relatorio_bior11_ss_no_fs_20260618_1058.xlsx
bior11_ss_no_fs,NL16,original,KNN,198,71.09,72.89,71.39,72,90.36,70.93,89.46,Relatorio_bior11_ss_no_fs_20260618_1058.xlsx
bior11_ss_no_fs,NL8,original,SGDC,198,70.06,71.88,71.54,70.97,90.02,70.51,,Relatorio_bior11_ss_no_fs_20260618_1058.xlsx
bior11_ss_no_fs,NL16,original,DT,198,69.17,70.98,70.13,70.05,89.72,69.54,80.63,Relatorio_bior11_ss_no_fs_20260618_1058.xlsx
bior11_ss_no_fs,NL32,original,DT,198,68.58,69.81,69.7,69.38,89.53,69.04,79.63,Relatorio_bior11_ss_no_fs_20260618_1058.xlsx
bior11_ss_no_fs,NL8,aleatoria,KNN,198,68.09,69.69,68.36,68.81,89.36,67.91,88.04,Relatorio_bior11_ss_no_fs_20260618_1058.xlsx
bior11_ss_no_fs,NL16,aleatoria,DT,198,68.19,69.12,68.32,68.59,89.4,68.16,79.29,Relatorio_bior11_ss_no_fs_20260618_1058.xlsx
bior11_ss_no_fs,NL8,original,KNN,198,67.4,69.28,68.06,68.56,89.13,67.21,86.88,Relatorio_bior11_ss_no_fs_20260618_1058.xlsx
bior11_ss_no_fs,NL8,aleatoria,DT,198,68.48,68.88,68.39,68.56,89.49,68.17,78.82,Relatorio_bior11_ss_no_fs_20260618_1058.xlsx
bior11_ss_no_fs,NL8,original,DT,198,67.11,67.88,68.23,67.85,89.04,67.38,79.37,Relatorio_bior11_ss_no_fs_20260618_1058.xlsx
bior11_ss_no_fs,NL32,original,QDA,198,67.99,68.23,67.57,64.38,89.33,56.72,87.99,Relatorio_bior11_ss_no_fs_20260618_1058.xlsx
bior11_ss_no_fs,NL32,aleatoria,QDA,198,66.2,68.05,66.96,63.63,88.73,57.84,88.78,Relatorio_bior11_ss_no_fs_20260618_1058.xlsx
bior11_ss_no_fs,NL8,original,QDA,198,65.78,68.58,65.64,62.4,88.59,54.56,86.38,Relatorio_bior11_ss_no_fs_20260618_1058.xlsx
bior11_ss_no_fs,NL16,original,QDA,198,65.63,66.79,65.44,62.16,88.54,54.44,87.49,Relatorio_bior11_ss_no_fs_20260618_1058.xlsx
bior11_ss_no_fs,NL8,aleatoria,QDA,198,64.82,67.4,65.74,62.07,88.27,55.61,87.41,Relatorio_bior11_ss_no_fs_20260618_1058.xlsx
bior11_ss_no_fs,NL16,original,ADABoost,198,60.47,63.57,61.59,62.04,86.82,60.71,82.99,Relatorio_bior11_ss_no_fs_20260618_1058.xlsx
bior11_ss_no_fs,NL16,aleatoria,QDA,198,65.11,66.26,65.78,61.92,88.37,54.97,88.17,Relatorio_bior11_ss_no_fs_20260618_1058.xlsx
bior11_ss_no_fs,NL32,aleatoria,ADABoost,198,60.56,61.78,60.78,61.19,86.85,60.33,83.54,Relatorio_bior11_ss_no_fs_20260618_1058.xlsx
bior11_ss_no_fs,NL8,original,ADABoost,198,59.14,62.41,61.11,60.87,86.38,59.57,82.55,Relatorio_bior11_ss_no_fs_20260618_1058.xlsx
bior11_ss_no_fs,NL32,original,ADABoost,198,58.85,62.25,60.48,60.36,86.28,58.68,83.24,Relatorio_bior11_ss_no_fs_20260618_1058.xlsx
bior11_ss_no_fs,NL16,aleatoria,ADABoost,198,59.46,60.73,59.93,60.17,86.49,59.32,82.6,Relatorio_bior11_ss_no_fs_20260618_1058.xlsx
bior11_ss_no_fs,NL8,aleatoria,ADABoost,198,58.47,61.73,58.98,59.39,86.16,58.41,83.02,Relatorio_bior11_ss_no_fs_20260618_1058.xlsx
bior11_ss_no_fs,NL32,aleatoria,GNB,198,46.88,51.68,47.28,44.67,82.29,38.84,73.11,Relatorio_bior11_ss_no_fs_20260618_1058.xlsx
bior11_ss_no_fs,NL16,aleatoria,GNB,198,46.88,52.21,47.25,44.43,82.29,38.04,72.35,Relatorio_bior11_ss_no_fs_20260618_1058.xlsx
bior11_ss_no_fs,NL32,original,GNB,198,48.38,48.63,46.46,44.37,82.79,36.97,73.45,Relatorio_bior11_ss_no_fs_20260618_1058.xlsx
bior11_ss_no_fs,NL16,original,GNB,198,47.94,47.42,45.77,43.38,82.65,35.34,72.55,Relatorio_bior11_ss_no_fs_20260618_1058.xlsx
bior11_ss_no_fs,NL8,aleatoria,GNB,198,46.09,50.15,46.45,43.38,82.03,37.26,71.64,Relatorio_bior11_ss_no_fs_20260618_1058.xlsx
bior11_ss_no_fs,NL8,original,GNB,198,47.2,46.08,44.85,42.2,82.4,33.96,71.49,Relatorio_bior11_ss_no_fs_20260618_1058.xlsx
bior11_ss_no_fs,NL32,aleatoria,Dummy,198,26.86,26.92,26.89,26.82,75.62,26.81,50.37,Relatorio_bior11_ss_no_fs_20260618_1058.xlsx
bior11_ss_no_fs,NL8,original,Dummy,198,26.55,26.22,26.65,26.28,75.52,26.19,49.64,Relatorio_bior11_ss_no_fs_20260618_1058.xlsx
bior11_ss_no_fs,NL8,aleatoria,Dummy,198,26.26,25.92,25.92,25.89,75.42,25.49,48.57,Relatorio_bior11_ss_no_fs_20260618_1058.xlsx
bior11_ss_no_fs,NL16,aleatoria,Dummy,198,24.78,24.71,24.71,24.7,74.93,24.67,51.17,Relatorio_bior11_ss_no_fs_20260618_1058.xlsx
bior11_ss_no_fs,NL16,original,Dummy,198,23.75,23.84,23.96,23.58,74.58,23.54,48.01,Relatorio_bior11_ss_no_fs_20260618_1058.xlsx
bior11_ss_no_fs,NL32,original,Dummy,198,23.3,23.03,23.24,23.04,74.43,22.99,49.64,Relatorio_bior11_ss_no_fs_20260618_1058.xlsx
db4_no_ss_fs,NL16,original,ET,30,87.32,87.68,88.16,87.51,95.77,87.58,97.5,Relatorio_db4_no_ss_fs_20260618_1411.xlsx
db4_no_ss_fs,NL16,original,LGBM,30,86.87,87.45,87.66,87.16,95.62,87.17,97.1,Relatorio_db4_no_ss_fs_20260618_1411.xlsx
db4_no_ss_fs,NL8,original,LGBM,30,86.14,86.55,87,86.46,95.38,86.55,96.56,Relatorio_db4_no_ss_fs_20260618_1411.xlsx
db4_no_ss_fs,NL8,original,ET,30,86.14,86.8,86.91,86.28,95.38,86.39,97.46,Relatorio_db4_no_ss_fs_20260618_1411.xlsx
db4_no_ss_fs,NL16,original,XGB,30,85.84,86.39,86.6,86.07,95.28,86.01,96.63,Relatorio_db4_no_ss_fs_20260618_1411.xlsx
db4_no_ss_fs,NL16,aleatoria,LGBM,30,86.03,86.74,85.64,85.9,95.34,85.29,96.81,Relatorio_db4_no_ss_fs_20260618_1411.xlsx
db4_no_ss_fs,NL8,aleatoria,ET,30,85.93,86.53,85.57,85.74,95.31,85.13,96.96,Relatorio_db4_no_ss_fs_20260618_1411.xlsx
db4_no_ss_fs,NL8,aleatoria,LGBM,30,85.83,86.1,85.49,85.59,95.28,85.08,96.38,Relatorio_db4_no_ss_fs_20260618_1411.xlsx
db4_no_ss_fs,NL32,original,ET,30,85.1,86,86.1,85.46,95.03,85.25,96.98,Relatorio_db4_no_ss_fs_20260618_1411.xlsx
db4_no_ss_fs,NL8,aleatoria,XGB,30,85.53,86.03,85.24,85.42,95.18,84.89,96.09,Relatorio_db4_no_ss_fs_20260618_1411.xlsx
db4_no_ss_fs,NL32,aleatoria,LGBM,30,85.53,86.18,85.12,85.34,95.18,84.64,96.55,Relatorio_db4_no_ss_fs_20260618_1411.xlsx
db4_no_ss_fs,NL16,original,RF,30,84.96,85.44,85.85,85.22,94.99,85.14,96.35,Relatorio_db4_no_ss_fs_20260618_1411.xlsx
db4_no_ss_fs,NL32,aleatoria,ET,30,85.33,85.84,84.96,85.15,95.11,84.48,97.15,Relatorio_db4_no_ss_fs_20260618_1411.xlsx
db4_no_ss_fs,NL16,aleatoria,XGB,30,85.13,85.82,84.75,85.02,95.04,84.35,96.51,Relatorio_db4_no_ss_fs_20260618_1411.xlsx
db4_no_ss_fs,NL32,original,LGBM,30,84.51,85.17,85.3,84.9,94.84,84.74,96.42,Relatorio_db4_no_ss_fs_20260618_1411.xlsx
db4_no_ss_fs,NL16,aleatoria,ET,30,85.03,85.73,84.67,84.88,95.01,84.21,97.2,Relatorio_db4_no_ss_fs_20260618_1411.xlsx
db4_no_ss_fs,NL32,aleatoria,XGB,30,84.64,85.22,84.27,84.47,94.88,83.77,96.1,Relatorio_db4_no_ss_fs_20260618_1411.xlsx
db4_no_ss_fs,NL16,aleatoria,MLP,30,84.24,84.34,84.16,84.21,94.75,83.87,96.06,Relatorio_db4_no_ss_fs_20260618_1411.xlsx
db4_no_ss_fs,NL32,aleatoria,MLP,30,83.94,84.13,83.79,83.89,94.65,83.34,96.5,Relatorio_db4_no_ss_fs_20260618_1411.xlsx
db4_no_ss_fs,NL32,aleatoria,RF,30,83.75,84.38,83.36,83.52,94.58,82.7,96.31,Relatorio_db4_no_ss_fs_20260618_1411.xlsx
db4_no_ss_fs,NL8,original,XGB,30,83.04,83.43,83.91,83.4,94.35,83.38,95.97,Relatorio_db4_no_ss_fs_20260618_1411.xlsx
db4_no_ss_fs,NL16,aleatoria,RF,30,83.55,84.27,83.19,83.37,94.52,82.59,96,Relatorio_db4_no_ss_fs_20260618_1411.xlsx
db4_no_ss_fs,NL32,original,XGB,30,82.74,83.46,83.65,83.15,94.25,82.79,95.87,Relatorio_db4_no_ss_fs_20260618_1411.xlsx
db4_no_ss_fs,NL8,original,RF,30,82.74,83.34,83.65,83.1,94.25,82.96,96.1,Relatorio_db4_no_ss_fs_20260618_1411.xlsx
db4_no_ss_fs,NL32,original,RF,30,82.6,83.45,83.68,82.89,94.2,82.54,95.91,Relatorio_db4_no_ss_fs_20260618_1411.xlsx
db4_no_ss_fs,NL8,aleatoria,BG,30,82.36,82.51,82.18,82.28,94.12,81.88,93.91,Relatorio_db4_no_ss_fs_20260618_1411.xlsx
db4_no_ss_fs,NL8,aleatoria,RF,30,82.26,82.87,81.94,82.07,94.09,81.35,95.81,Relatorio_db4_no_ss_fs_20260618_1411.xlsx
db4_no_ss_fs,NL8,aleatoria,MLP,30,81.86,82.48,81.63,81.88,93.95,81.08,95.57,Relatorio_db4_no_ss_fs_20260618_1411.xlsx
db4_no_ss_fs,NL32,aleatoria,KNN,30,81.37,82.03,81.18,81.49,93.79,80.91,93.68,Relatorio_db4_no_ss_fs_20260618_1411.xlsx
db4_no_ss_fs,NL16,original,MLP,30,81.27,81.09,81.95,81.33,93.76,80.9,94.78,Relatorio_db4_no_ss_fs_20260618_1411.xlsx
db4_no_ss_fs,NL8,original,BG,30,80.53,81.04,81.52,81.1,93.51,81.03,94.45,Relatorio_db4_no_ss_fs_20260618_1411.xlsx
db4_no_ss_fs,NL16,aleatoria,BG,30,80.97,80.96,80.82,80.85,93.66,80.53,94.32,Relatorio_db4_no_ss_fs_20260618_1411.xlsx
db4_no_ss_fs,NL32,aleatoria,CatB,30,80.67,81.31,80.5,80.76,93.56,80.04,94.92,Relatorio_db4_no_ss_fs_20260618_1411.xlsx
db4_no_ss_fs,NL32,original,KNN,30,79.79,80.46,80.41,80.39,93.26,79.83,92.86,Relatorio_db4_no_ss_fs_20260618_1411.xlsx
db4_no_ss_fs,NL8,original,MLP,30,79.94,80.25,80.97,80.33,93.31,79.84,94.17,Relatorio_db4_no_ss_fs_20260618_1411.xlsx
db4_no_ss_fs,NL16,original,KNN,30,79.65,80.46,80.14,80.27,93.22,79.82,93.85,Relatorio_db4_no_ss_fs_20260618_1411.xlsx
db4_no_ss_fs,NL32,original,BG,30,79.65,80.44,80.14,80.23,93.22,79.9,93.87,Relatorio_db4_no_ss_fs_20260618_1411.xlsx
db4_no_ss_fs,NL16,original,BG,30,79.94,80.06,80.6,80.22,93.31,80.13,94.04,Relatorio_db4_no_ss_fs_20260618_1411.xlsx
db4_no_ss_fs,NL32,aleatoria,BG,30,79.98,80.44,79.89,80.12,93.33,79.48,93.89,Relatorio_db4_no_ss_fs_20260618_1411.xlsx
db4_no_ss_fs,NL32,original,MLP,30,79.5,80.22,80.62,79.88,93.17,79.07,94.81,Relatorio_db4_no_ss_fs_20260618_1411.xlsx
db4_no_ss_fs,NL16,aleatoria,KNN,30,79.39,80.13,79.33,79.65,93.13,79.02,92.66,Relatorio_db4_no_ss_fs_20260618_1411.xlsx
db4_no_ss_fs,NL32,aleatoria,GB,30,79.58,80.19,79.37,79.61,93.19,78.85,94.26,Relatorio_db4_no_ss_fs_20260618_1411.xlsx
db4_no_ss_fs,NL16,aleatoria,CatB,30,79.48,79.97,79.31,79.48,93.16,78.7,94.51,Relatorio_db4_no_ss_fs_20260618_1411.xlsx
db4_no_ss_fs,NL8,original,KNN,30,78.47,79.25,79.09,79.17,92.82,78.28,92.79,Relatorio_db4_no_ss_fs_20260618_1411.xlsx
db4_no_ss_fs,NL8,aleatoria,GB,30,79.19,79.58,78.91,79.01,93.06,78.16,93.66,Relatorio_db4_no_ss_fs_20260618_1411.xlsx
db4_no_ss_fs,NL16,aleatoria,GB,30,79.09,79.57,78.83,79.01,93.03,78.23,94.09,Relatorio_db4_no_ss_fs_20260618_1411.xlsx
db4_no_ss_fs,NL16,original,GB,30,78.47,79.28,79.38,78.96,92.82,78.55,93.66,Relatorio_db4_no_ss_fs_20260618_1411.xlsx
db4_no_ss_fs,NL8,aleatoria,CatB,30,78.79,79.44,78.48,78.68,92.93,77.68,93.8,Relatorio_db4_no_ss_fs_20260618_1411.xlsx
db4_no_ss_fs,NL16,original,CatB,30,78.02,79.04,79.13,78.65,92.67,78.01,94.36,Relatorio_db4_no_ss_fs_20260618_1411.xlsx
db4_no_ss_fs,NL32,original,CatB,30,77.43,78.61,78.51,78.07,92.48,77.49,93.86,Relatorio_db4_no_ss_fs_20260618_1411.xlsx
db4_no_ss_fs,NL8,original,GB,30,77.58,78.05,78.52,78,92.53,77.49,93.24,Relatorio_db4_no_ss_fs_20260618_1411.xlsx
db4_no_ss_fs,NL8,original,CatB,30,77.58,77.98,78.53,77.98,92.53,77.37,93.88,Relatorio_db4_no_ss_fs_20260618_1411.xlsx
db4_no_ss_fs,NL32,original,GB,30,77.29,78.25,78.22,77.86,92.43,77.24,93.49,Relatorio_db4_no_ss_fs_20260618_1411.xlsx
db4_no_ss_fs,NL8,aleatoria,KNN,30,77.3,78.4,77.18,77.59,92.43,76.9,92.32,Relatorio_db4_no_ss_fs_20260618_1411.xlsx
db4_no_ss_fs,NL16,aleatoria,SVC,30,77.4,78.04,77.26,77.44,92.47,76.52,93.29,Relatorio_db4_no_ss_fs_20260618_1411.xlsx
db4_no_ss_fs,NL32,aleatoria,SVC,30,77.21,77.94,77.07,77.29,92.4,76.39,93.32,Relatorio_db4_no_ss_fs_20260618_1411.xlsx
db4_no_ss_fs,NL16,aleatoria,LDA,30,76.61,77.89,76.53,76.94,92.2,76.12,92.67,Relatorio_db4_no_ss_fs_20260618_1411.xlsx
db4_no_ss_fs,NL16,aleatoria,LR,30,76.71,77.33,76.6,76.86,92.24,76.31,92.13,Relatorio_db4_no_ss_fs_20260618_1411.xlsx
db4_no_ss_fs,NL8,aleatoria,SVC,30,76.31,76.91,76.14,76.29,92.1,75.22,92.53,Relatorio_db4_no_ss_fs_20260618_1411.xlsx
db4_no_ss_fs,NL32,aleatoria,LDA,30,75.82,77.08,75.84,76.23,91.94,75.44,92.67,Relatorio_db4_no_ss_fs_20260618_1411.xlsx
db4_no_ss_fs,NL8,original,SVC,30,75.66,76.32,76.57,76.2,91.89,75.17,91.9,Relatorio_db4_no_ss_fs_20260618_1411.xlsx
db4_no_ss_fs,NL16,original,SVC,30,75.22,76.17,76.31,75.81,91.74,74.87,92.27,Relatorio_db4_no_ss_fs_20260618_1411.xlsx
db4_no_ss_fs,NL16,original,LDA,30,74.48,76.99,76.33,75.78,91.49,75.17,91.72,Relatorio_db4_no_ss_fs_20260618_1411.xlsx
db4_no_ss_fs,NL32,aleatoria,LR,30,75.52,76.11,75.54,75.77,91.84,75.05,91.82,Relatorio_db4_no_ss_fs_20260618_1411.xlsx
db4_no_ss_fs,NL8,aleatoria,LR,30,75.62,75.87,75.52,75.63,91.87,74.95,91.33,Relatorio_db4_no_ss_fs_20260618_1411.xlsx
db4_no_ss_fs,NL8,original,LDA,30,74.34,76.77,75.87,75.63,91.45,74.81,91.17,Relatorio_db4_no_ss_fs_20260618_1411.xlsx
db4_no_ss_fs,NL8,aleatoria,LDA,30,75.02,76.37,74.91,75.37,91.67,74.47,91.7,Relatorio_db4_no_ss_fs_20260618_1411.xlsx
db4_no_ss_fs,NL32,aleatoria,Ridge,30,75.02,75.73,75.05,75.26,91.67,74.42,,Relatorio_db4_no_ss_fs_20260618_1411.xlsx
db4_no_ss_fs,NL32,aleatoria,DT,30,75.22,75.58,75.08,75.24,91.74,74.44,84.4,Relatorio_db4_no_ss_fs_20260618_1411.xlsx
db4_no_ss_fs,NL16,original,LR,30,74.19,74.79,75.23,74.88,91.4,74.64,91.38,Relatorio_db4_no_ss_fs_20260618_1411.xlsx
db4_no_ss_fs,NL8,original,LR,30,74.19,74.65,75.13,74.83,91.4,74.49,90.88,Relatorio_db4_no_ss_fs_20260618_1411.xlsx
db4_no_ss_fs,NL32,original,SVC,30,73.89,75.59,75.01,74.77,91.3,73.9,91.62,Relatorio_db4_no_ss_fs_20260618_1411.xlsx
db4_no_ss_fs,NL32,aleatoria,SGDC,30,74.43,74.4,74.76,74.34,91.48,73.66,,Relatorio_db4_no_ss_fs_20260618_1411.xlsx
db4_no_ss_fs,NL8,original,Ridge,30,73.6,74.47,74.92,74.28,91.2,73.51,,Relatorio_db4_no_ss_fs_20260618_1411.xlsx
db4_no_ss_fs,NL16,aleatoria,Ridge,30,74.03,74.32,73.98,74.09,91.34,73.47,,Relatorio_db4_no_ss_fs_20260618_1411.xlsx
db4_no_ss_fs,NL32,original,LDA,30,72.57,75.51,74.22,73.93,90.86,73.26,90.66,Relatorio_db4_no_ss_fs_20260618_1411.xlsx
db4_no_ss_fs,NL16,aleatoria,DT,30,73.64,74.01,73.52,73.71,91.21,73.11,84.13,Relatorio_db4_no_ss_fs_20260618_1411.xlsx
db4_no_ss_fs,NL8,aleatoria,DT,30,73.64,74.22,73.29,73.41,91.21,72.53,84.68,Relatorio_db4_no_ss_fs_20260618_1411.xlsx
db4_no_ss_fs,NL8,aleatoria,Ridge,30,73.34,73.78,73.28,73.38,91.11,72.57,,Relatorio_db4_no_ss_fs_20260618_1411.xlsx
db4_no_ss_fs,NL16,original,SGDC,30,72.71,73.11,73.65,73.35,90.9,72.66,,Relatorio_db4_no_ss_fs_20260618_1411.xlsx
db4_no_ss_fs,NL16,aleatoria,SGDC,30,73.04,73.68,72.94,73.08,91.01,72.41,,Relatorio_db4_no_ss_fs_20260618_1411.xlsx
db4_no_ss_fs,NL8,original,SGDC,30,72.42,72.92,72.97,72.94,90.81,72.26,,Relatorio_db4_no_ss_fs_20260618_1411.xlsx
db4_no_ss_fs,NL16,original,DT,30,72.27,72.77,73.12,72.65,90.76,72.27,85.55,Relatorio_db4_no_ss_fs_20260618_1411.xlsx
db4_no_ss_fs,NL32,original,DT,30,72.12,72.66,73.16,72.62,90.71,72.48,84.65,Relatorio_db4_no_ss_fs_20260618_1411.xlsx
db4_no_ss_fs,NL16,original,Ridge,30,71.68,72.18,73.29,72.37,90.56,71.95,,Relatorio_db4_no_ss_fs_20260618_1411.xlsx
db4_no_ss_fs,NL32,original,LR,30,70.94,71.97,72.02,71.84,90.31,71.08,90.63,Relatorio_db4_no_ss_fs_20260618_1411.xlsx
db4_no_ss_fs,NL32,original,Ridge,30,70.5,71.45,71.97,71.28,90.17,70.79,,Relatorio_db4_no_ss_fs_20260618_1411.xlsx
db4_no_ss_fs,NL8,original,DT,30,70.65,71.23,71.85,71,90.22,70.89,83.31,Relatorio_db4_no_ss_fs_20260618_1411.xlsx
db4_no_ss_fs,NL32,original,SGDC,30,69.47,70.61,70.22,70.37,89.82,68.92,,Relatorio_db4_no_ss_fs_20260618_1411.xlsx
db4_no_ss_fs,NL32,aleatoria,QDA,30,68.58,69.22,68.86,68.55,89.53,66.83,88.47,Relatorio_db4_no_ss_fs_20260618_1411.xlsx
db4_no_ss_fs,NL32,aleatoria,ADABoost,30,67.59,68.29,67.74,67.98,89.2,66.91,86.15,Relatorio_db4_no_ss_fs_20260618_1411.xlsx
db4_no_ss_fs,NL8,aleatoria,SGDC,30,67.49,68.2,67.95,67.2,89.16,64.98,,Relatorio_db4_no_ss_fs_20260618_1411.xlsx
db4_no_ss_fs,NL8,aleatoria,QDA,30,66.3,67.34,66.5,66.02,88.77,64.35,87.83,Relatorio_db4_no_ss_fs_20260618_1411.xlsx
db4_no_ss_fs,NL16,aleatoria,QDA,30,66.3,66.99,66.6,65.96,88.77,64.04,88.06,Relatorio_db4_no_ss_fs_20260618_1411.xlsx
db4_no_ss_fs,NL16,aleatoria,ADABoost,30,65.71,67.5,65.41,65.87,88.57,64.89,85.03,Relatorio_db4_no_ss_fs_20260618_1411.xlsx
db4_no_ss_fs,NL16,original,QDA,30,65.34,66.34,65.29,65.27,88.45,63.02,85.75,Relatorio_db4_no_ss_fs_20260618_1411.xlsx
db4_no_ss_fs,NL32,original,QDA,30,64.01,65.13,64.27,64.53,88,62.18,85.54,Relatorio_db4_no_ss_fs_20260618_1411.xlsx
db4_no_ss_fs,NL32,original,ADABoost,30,62.39,63.89,63.04,63.39,87.46,62.06,83.16,Relatorio_db4_no_ss_fs_20260618_1411.xlsx
db4_no_ss_fs,NL8,original,QDA,30,63.27,63.8,63.03,63.07,87.76,61.11,85.46,Relatorio_db4_no_ss_fs_20260618_1411.xlsx
db4_no_ss_fs,NL16,original,ADABoost,30,62.39,66.03,62.19,63.04,87.46,61.64,83.31,Relatorio_db4_no_ss_fs_20260618_1411.xlsx
db4_no_ss_fs,NL8,aleatoria,ADABoost,30,62.54,63.57,62.1,62.05,87.51,60.67,84.04,Relatorio_db4_no_ss_fs_20260618_1411.xlsx
db4_no_ss_fs,NL8,original,ADABoost,30,61.21,62.35,60.83,61.36,87.07,59.88,82.57,Relatorio_db4_no_ss_fs_20260618_1411.xlsx
db4_no_ss_fs,NL32,aleatoria,GNB,30,58.18,58.78,58.34,56.57,86.06,51.44,81.99,Relatorio_db4_no_ss_fs_20260618_1411.xlsx
db4_no_ss_fs,NL32,original,GNB,30,56.05,57.56,54.9,55.17,85.35,50.64,78.14,Relatorio_db4_no_ss_fs_20260618_1411.xlsx
db4_no_ss_fs,NL16,aleatoria,GNB,30,55.6,57,55.6,53.42,85.2,47.61,81.05,Relatorio_db4_no_ss_fs_20260618_1411.xlsx
db4_no_ss_fs,NL16,original,GNB,30,55.31,57.09,53.13,52.61,85.1,47.05,77.43,Relatorio_db4_no_ss_fs_20260618_1411.xlsx
db4_no_ss_fs,NL8,aleatoria,GNB,30,53.02,54.78,52.67,49.99,84.34,44.75,79.61,Relatorio_db4_no_ss_fs_20260618_1411.xlsx
db4_no_ss_fs,NL8,original,GNB,30,53.1,53.63,50.25,49,84.37,42.65,76.64,Relatorio_db4_no_ss_fs_20260618_1411.xlsx
db4_no_ss_fs,NL16,original,Dummy,30,29.79,29.55,29.55,29.49,76.6,29.44,49.75,Relatorio_db4_no_ss_fs_20260618_1411.xlsx
db4_no_ss_fs,NL8,original,Dummy,30,28.47,28.23,28.19,28.11,76.16,28.05,48.81,Relatorio_db4_no_ss_fs_20260618_1411.xlsx
db4_no_ss_fs,NL32,original,Dummy,30,26.99,26.99,26.78,26.7,75.66,26.67,50.47,Relatorio_db4_no_ss_fs_20260618_1411.xlsx
db4_no_ss_fs,NL16,aleatoria,Dummy,30,24.88,24.69,24.7,24.69,74.96,24.56,50.29,Relatorio_db4_no_ss_fs_20260618_1411.xlsx
db4_no_ss_fs,NL32,aleatoria,Dummy,30,24.58,24.22,24.23,24.2,74.86,23.8,48.97,Relatorio_db4_no_ss_fs_20260618_1411.xlsx
db4_no_ss_fs,NL8,aleatoria,Dummy,30,22.1,21.92,21.9,21.91,74.03,21.71,49.97,Relatorio_db4_no_ss_fs_20260618_1411.xlsx
db4_no_ss_no_fs,NL16,original,LGBM,198,90.71,91.04,91.36,90.85,96.9,90.88,98.34,Relatorio_db4_no_ss_no_fs_20260618_1326.xlsx
db4_no_ss_no_fs,NL16,aleatoria,LGBM,198,90.78,91.17,90.53,90.7,96.93,90.3,98.69,Relatorio_db4_no_ss_no_fs_20260618_1326.xlsx
db4_no_ss_no_fs,NL32,aleatoria,LGBM,198,90.58,90.91,90.38,90.48,96.86,90.04,98.56,Relatorio_db4_no_ss_no_fs_20260618_1326.xlsx
db4_no_ss_no_fs,NL32,original,LGBM,198,90.12,90.33,90.8,90.34,96.71,90.37,98.36,Relatorio_db4_no_ss_no_fs_20260618_1326.xlsx
db4_no_ss_no_fs,NL8,aleatoria,LGBM,198,89.89,90.65,89.61,89.87,96.63,89.37,98.32,Relatorio_db4_no_ss_no_fs_20260618_1326.xlsx
db4_no_ss_no_fs,NL32,aleatoria,XGB,198,89.59,89.83,89.4,89.49,96.53,89.1,98.27,Relatorio_db4_no_ss_no_fs_20260618_1326.xlsx
db4_no_ss_no_fs,NL32,aleatoria,MLP,198,89.4,89.48,89.34,89.39,96.47,89.11,98.09,Relatorio_db4_no_ss_no_fs_20260618_1326.xlsx
db4_no_ss_no_fs,NL16,aleatoria,XGB,198,89.4,89.81,89.17,89.31,96.47,88.84,98.31,Relatorio_db4_no_ss_no_fs_20260618_1326.xlsx
db4_no_ss_no_fs,NL16,original,XGB,198,88.94,89.17,89.65,89.11,96.31,89.12,98.03,Relatorio_db4_no_ss_no_fs_20260618_1326.xlsx
db4_no_ss_no_fs,NL32,aleatoria,ET,198,89.2,89.42,89.01,89.07,96.4,88.7,98.34,Relatorio_db4_no_ss_no_fs_20260618_1326.xlsx
db4_no_ss_no_fs,NL8,aleatoria,XGB,198,88.9,89.61,88.67,88.89,96.3,88.41,98,Relatorio_db4_no_ss_no_fs_20260618_1326.xlsx
db4_no_ss_no_fs,NL8,original,LGBM,198,88.5,89.2,89.4,88.79,96.17,88.71,98.27,Relatorio_db4_no_ss_no_fs_20260618_1326.xlsx
db4_no_ss_no_fs,NL32,original,XGB,198,88.5,88.85,89.25,88.75,96.17,88.72,98.02,Relatorio_db4_no_ss_no_fs_20260618_1326.xlsx
db4_no_ss_no_fs,NL32,original,ET,198,88.64,89.26,89.55,88.73,96.21,88.78,98.48,Relatorio_db4_no_ss_no_fs_20260618_1326.xlsx
db4_no_ss_no_fs,NL16,original,ET,198,88.5,88.84,89.38,88.66,96.17,88.79,98.3,Relatorio_db4_no_ss_no_fs_20260618_1326.xlsx
db4_no_ss_no_fs,NL16,aleatoria,MLP,198,88.5,88.45,88.52,88.46,96.17,88.15,97.89,Relatorio_db4_no_ss_no_fs_20260618_1326.xlsx
db4_no_ss_no_fs,NL16,original,MLP,198,88.05,88.35,88.59,88.36,96.02,88.21,97.29,Relatorio_db4_no_ss_no_fs_20260618_1326.xlsx
db4_no_ss_no_fs,NL16,aleatoria,ET,198,88.21,88.56,88.02,88.14,96.07,87.71,98.15,Relatorio_db4_no_ss_no_fs_20260618_1326.xlsx
db4_no_ss_no_fs,NL32,aleatoria,RF,198,88.11,88.46,87.88,87.95,96.04,87.49,97.56,Relatorio_db4_no_ss_no_fs_20260618_1326.xlsx
db4_no_ss_no_fs,NL8,original,XGB,198,87.17,87.81,88.01,87.44,95.72,87.27,97.9,Relatorio_db4_no_ss_no_fs_20260618_1326.xlsx
db4_no_ss_no_fs,NL16,aleatoria,RF,198,87.12,87.56,86.87,86.97,95.71,86.42,97.62,Relatorio_db4_no_ss_no_fs_20260618_1326.xlsx
db4_no_ss_no_fs,NL8,aleatoria,ET,198,87.12,87.78,86.8,86.96,95.71,86.33,97.85,Relatorio_db4_no_ss_no_fs_20260618_1326.xlsx
db4_no_ss_no_fs,NL8,original,MLP,198,86.14,86.9,87.04,86.78,95.38,86.5,96.4,Relatorio_db4_no_ss_no_fs_20260618_1326.xlsx
db4_no_ss_no_fs,NL32,aleatoria,GB,198,86.82,87.1,86.63,86.74,95.61,86.2,97.27,Relatorio_db4_no_ss_no_fs_20260618_1326.xlsx
db4_no_ss_no_fs,NL8,aleatoria,MLP,198,86.62,87.18,86.55,86.71,95.54,86.26,97.35,Relatorio_db4_no_ss_no_fs_20260618_1326.xlsx
db4_no_ss_no_fs,NL8,original,ET,198,86.28,87.26,87.23,86.54,95.43,86.39,98.2,Relatorio_db4_no_ss_no_fs_20260618_1326.xlsx
db4_no_ss_no_fs,NL16,original,RF,198,86.28,86.83,87.25,86.51,95.43,86.41,97.42,Relatorio_db4_no_ss_no_fs_20260618_1326.xlsx
db4_no_ss_no_fs,NL32,aleatoria,CatB,198,86.52,86.84,86.36,86.48,95.51,85.98,97.44,Relatorio_db4_no_ss_no_fs_20260618_1326.xlsx
db4_no_ss_no_fs,NL32,original,MLP,198,85.99,86.22,86.54,86.37,95.33,85.88,97.09,Relatorio_db4_no_ss_no_fs_20260618_1326.xlsx
db4_no_ss_no_fs,NL32,aleatoria,BG,198,86.22,86.21,86.14,86.15,95.41,85.8,96.16,Relatorio_db4_no_ss_no_fs_20260618_1326.xlsx
db4_no_ss_no_fs,NL32,original,RF,198,85.84,86.52,86.81,86.08,95.28,85.88,97.36,Relatorio_db4_no_ss_no_fs_20260618_1326.xlsx
db4_no_ss_no_fs,NL8,aleatoria,RF,198,86.12,86.94,85.77,85.98,95.37,85.32,97.2,Relatorio_db4_no_ss_no_fs_20260618_1326.xlsx
db4_no_ss_no_fs,NL16,aleatoria,LDA,198,85.53,86.1,85.51,85.72,95.18,85.21,96.26,Relatorio_db4_no_ss_no_fs_20260618_1326.xlsx
db4_no_ss_no_fs,NL16,aleatoria,CatB,198,85.73,86.04,85.55,85.69,95.24,85.18,97.24,Relatorio_db4_no_ss_no_fs_20260618_1326.xlsx
db4_no_ss_no_fs,NL32,original,GB,198,85.25,85.77,86.19,85.6,95.08,85.32,96.55,Relatorio_db4_no_ss_no_fs_20260618_1326.xlsx
db4_no_ss_no_fs,NL32,aleatoria,LDA,198,85.13,85.65,85.19,85.3,95.04,84.82,96.05,Relatorio_db4_no_ss_no_fs_20260618_1326.xlsx
db4_no_ss_no_fs,NL16,original,GB,198,84.96,85.2,85.66,85.22,94.99,84.88,96.34,Relatorio_db4_no_ss_no_fs_20260618_1326.xlsx
db4_no_ss_no_fs,NL32,aleatoria,SVC,198,85.23,85.49,85.16,85.12,95.08,84.5,96.66,Relatorio_db4_no_ss_no_fs_20260618_1326.xlsx
db4_no_ss_no_fs,NL32,original,KNN,198,84.66,84.91,85.38,85.07,94.89,84.56,95.35,Relatorio_db4_no_ss_no_fs_20260618_1326.xlsx
db4_no_ss_no_fs,NL16,aleatoria,SVC,198,84.94,85.2,84.84,84.9,94.98,84.37,96.5,Relatorio_db4_no_ss_no_fs_20260618_1326.xlsx
db4_no_ss_no_fs,NL16,aleatoria,GB,198,84.74,85,84.56,84.7,94.91,84.11,97.17,Relatorio_db4_no_ss_no_fs_20260618_1326.xlsx
db4_no_ss_no_fs,NL8,original,RF,198,84.51,85.03,85.48,84.68,94.84,84.51,97,Relatorio_db4_no_ss_no_fs_20260618_1326.xlsx
db4_no_ss_no_fs,NL32,aleatoria,LR,198,84.14,84.26,84.28,84.26,94.71,83.77,95.87,Relatorio_db4_no_ss_no_fs_20260618_1326.xlsx
db4_no_ss_no_fs,NL32,original,CatB,198,83.92,84.64,84.86,84.22,94.64,83.76,96.26,Relatorio_db4_no_ss_no_fs_20260618_1326.xlsx
db4_no_ss_no_fs,NL16,aleatoria,BG,198,83.94,84.28,83.8,83.98,94.65,83.49,95.49,Relatorio_db4_no_ss_no_fs_20260618_1326.xlsx
db4_no_ss_no_fs,NL16,original,CatB,198,83.63,84.21,84.52,83.95,94.54,83.66,96.38,Relatorio_db4_no_ss_no_fs_20260618_1326.xlsx
db4_no_ss_no_fs,NL16,aleatoria,LR,198,84.04,83.98,84.06,83.95,94.68,83.38,95.96,Relatorio_db4_no_ss_no_fs_20260618_1326.xlsx
db4_no_ss_no_fs,NL16,aleatoria,Ridge,198,83.65,83.89,83.67,83.7,94.55,83.2,,Relatorio_db4_no_ss_no_fs_20260618_1326.xlsx
db4_no_ss_no_fs,NL16,original,BG,198,83.19,83.71,84.03,83.68,94.4,83.48,94.54,Relatorio_db4_no_ss_no_fs_20260618_1326.xlsx
db4_no_ss_no_fs,NL32,aleatoria,Ridge,198,83.55,83.87,83.53,83.55,94.52,82.87,,Relatorio_db4_no_ss_no_fs_20260618_1326.xlsx
db4_no_ss_no_fs,NL32,original,BG,198,83.19,83.69,83.79,83.43,94.4,83.04,95.1,Relatorio_db4_no_ss_no_fs_20260618_1326.xlsx
db4_no_ss_no_fs,NL8,aleatoria,GB,198,83.35,83.85,83.13,83.36,94.45,82.66,96.56,Relatorio_db4_no_ss_no_fs_20260618_1326.xlsx
db4_no_ss_no_fs,NL8,aleatoria,LDA,198,83.05,84.11,82.9,83.28,94.35,82.65,95.48,Relatorio_db4_no_ss_no_fs_20260618_1326.xlsx
db4_no_ss_no_fs,NL32,original,LR,198,82.6,83.15,83.51,83.22,94.2,82.65,94.84,Relatorio_db4_no_ss_no_fs_20260618_1326.xlsx
db4_no_ss_no_fs,NL8,original,GB,198,82.74,83.19,83.63,83.14,94.25,82.62,95.81,Relatorio_db4_no_ss_no_fs_20260618_1326.xlsx
db4_no_ss_no_fs,NL8,aleatoria,CatB,198,83.15,83.62,82.88,83.04,94.38,82.27,96.83,Relatorio_db4_no_ss_no_fs_20260618_1326.xlsx
db4_no_ss_no_fs,NL16,aleatoria,KNN,198,82.76,83.13,82.78,82.91,94.25,82.42,94.41,Relatorio_db4_no_ss_no_fs_20260618_1326.xlsx
db4_no_ss_no_fs,NL32,aleatoria,KNN,198,82.56,82.78,82.61,82.64,94.19,82.23,95.05,Relatorio_db4_no_ss_no_fs_20260618_1326.xlsx
db4_no_ss_no_fs,NL16,original,SVC,198,82.15,82.79,83.12,82.56,94.05,82.08,95.43,Relatorio_db4_no_ss_no_fs_20260618_1326.xlsx
db4_no_ss_no_fs,NL8,original,CatB,198,82.15,82.45,83.02,82.49,94.05,82.02,96.11,Relatorio_db4_no_ss_no_fs_20260618_1326.xlsx
db4_no_ss_no_fs,NL16,original,LR,198,82.01,82.61,82.72,82.47,94,81.91,94.77,Relatorio_db4_no_ss_no_fs_20260618_1326.xlsx
db4_no_ss_no_fs,NL16,original,KNN,198,81.86,82.42,82.49,82.45,93.95,81.71,94.89,Relatorio_db4_no_ss_no_fs_20260618_1326.xlsx
db4_no_ss_no_fs,NL8,aleatoria,LR,198,82.26,82.45,82.25,82.32,94.09,81.78,95.07,Relatorio_db4_no_ss_no_fs_20260618_1326.xlsx
db4_no_ss_no_fs,NL8,original,LR,198,81.56,82.24,82.42,82.17,93.85,81.64,94.66,Relatorio_db4_no_ss_no_fs_20260618_1326.xlsx
db4_no_ss_no_fs,NL8,original,BG,198,81.71,81.88,82.41,82.04,93.9,81.73,95.08,Relatorio_db4_no_ss_no_fs_20260618_1326.xlsx
db4_no_ss_no_fs,NL32,original,SVC,198,81.71,82.39,82.88,81.97,93.9,81.41,95.24,Relatorio_db4_no_ss_no_fs_20260618_1326.xlsx
db4_no_ss_no_fs,NL8,aleatoria,SVC,198,82.06,82.82,81.85,81.88,94.02,80.92,95.61,Relatorio_db4_no_ss_no_fs_20260618_1326.xlsx
db4_no_ss_no_fs,NL8,original,LDA,198,80.83,83.01,82.2,81.88,93.61,81.2,94.72,Relatorio_db4_no_ss_no_fs_20260618_1326.xlsx
db4_no_ss_no_fs,NL8,aleatoria,BG,198,81.76,81.83,81.7,81.73,93.92,81.3,95.01,Relatorio_db4_no_ss_no_fs_20260618_1326.xlsx
db4_no_ss_no_fs,NL16,original,Ridge,198,80.68,81.55,81.77,81.38,93.56,80.65,,Relatorio_db4_no_ss_no_fs_20260618_1326.xlsx
db4_no_ss_no_fs,NL8,aleatoria,Ridge,198,81.27,81.6,81.19,81.32,93.76,80.74,,Relatorio_db4_no_ss_no_fs_20260618_1326.xlsx
db4_no_ss_no_fs,NL32,original,LDA,198,80.38,81.52,81.74,81.2,93.46,80.6,93.93,Relatorio_db4_no_ss_no_fs_20260618_1326.xlsx
db4_no_ss_no_fs,NL32,original,Ridge,198,80.38,81.09,81.57,80.99,93.46,80.33,,Relatorio_db4_no_ss_no_fs_20260618_1326.xlsx
db4_no_ss_no_fs,NL32,aleatoria,DT,198,80.77,80.99,80.62,80.74,93.59,80.34,87.2,Relatorio_db4_no_ss_no_fs_20260618_1326.xlsx
db4_no_ss_no_fs,NL8,original,Ridge,198,79.94,80.98,81.08,80.63,93.31,79.91,,Relatorio_db4_no_ss_no_fs_20260618_1326.xlsx
db4_no_ss_no_fs,NL16,original,LDA,198,79.5,81.03,80.83,80.48,93.17,79.57,94.37,Relatorio_db4_no_ss_no_fs_20260618_1326.xlsx
db4_no_ss_no_fs,NL32,original,SGDC,198,79.5,80.5,80.79,80.3,93.17,79.54,,Relatorio_db4_no_ss_no_fs_20260618_1326.xlsx
db4_no_ss_no_fs,NL8,original,SVC,198,79.79,80.82,81,80.24,93.26,79.64,94.56,Relatorio_db4_no_ss_no_fs_20260618_1326.xlsx
db4_no_ss_no_fs,NL8,original,KNN,198,79.06,80.01,80,79.91,93.02,79.37,93.47,Relatorio_db4_no_ss_no_fs_20260618_1326.xlsx
db4_no_ss_no_fs,NL16,original,SGDC,198,78.32,79.96,79.52,79.25,92.77,78.43,,Relatorio_db4_no_ss_no_fs_20260618_1326.xlsx
db4_no_ss_no_fs,NL8,aleatoria,KNN,198,78.69,79.42,78.75,79.03,92.9,78.42,93.37,Relatorio_db4_no_ss_no_fs_20260618_1326.xlsx
db4_no_ss_no_fs,NL32,original,DT,198,77.58,79.04,78.49,78.37,92.53,77.79,88.66,Relatorio_db4_no_ss_no_fs_20260618_1326.xlsx
db4_no_ss_no_fs,NL16,aleatoria,SGDC,198,78.69,79,79.13,78.18,92.9,76.66,,Relatorio_db4_no_ss_no_fs_20260618_1326.xlsx
db4_no_ss_no_fs,NL32,aleatoria,SGDC,198,77.9,78.67,77.74,77.74,92.63,76.34,,Relatorio_db4_no_ss_no_fs_20260618_1326.xlsx
db4_no_ss_no_fs,NL8,aleatoria,SGDC,198,77.21,77.02,77.28,77.12,92.4,76.37,,Relatorio_db4_no_ss_no_fs_20260618_1326.xlsx
db4_no_ss_no_fs,NL8,aleatoria,DT,198,77.11,77.14,76.89,76.97,92.37,76.35,85.57,Relatorio_db4_no_ss_no_fs_20260618_1326.xlsx
db4_no_ss_no_fs,NL8,original,DT,198,75.96,76.78,77.1,76.3,91.99,76.17,86.94,Relatorio_db4_no_ss_no_fs_20260618_1326.xlsx
db4_no_ss_no_fs,NL16,original,DT,198,75.52,77.08,75.93,76.16,91.84,75.35,84.83,Relatorio_db4_no_ss_no_fs_20260618_1326.xlsx
db4_no_ss_no_fs,NL16,aleatoria,DT,198,75.62,75.99,75.34,75.52,91.87,74.82,84.67,Relatorio_db4_no_ss_no_fs_20260618_1326.xlsx
db4_no_ss_no_fs,NL8,original,SGDC,198,72.57,73.55,73.8,73.67,90.86,72.19,,Relatorio_db4_no_ss_no_fs_20260618_1326.xlsx
db4_no_ss_no_fs,NL32,original,QDA,198,74.48,74.71,74.56,72.9,91.49,68.21,92.11,Relatorio_db4_no_ss_no_fs_20260618_1326.xlsx
db4_no_ss_no_fs,NL16,original,QDA,198,74.48,75.29,74.43,72.63,91.49,67.46,92,Relatorio_db4_no_ss_no_fs_20260618_1326.xlsx
db4_no_ss_no_fs,NL32,aleatoria,QDA,198,73.04,74.8,73.66,70.92,91.01,66.34,93.23,Relatorio_db4_no_ss_no_fs_20260618_1326.xlsx
db4_no_ss_no_fs,NL8,original,QDA,198,71.39,71.5,71.43,70,90.46,64.96,90.15,Relatorio_db4_no_ss_no_fs_20260618_1326.xlsx
db4_no_ss_no_fs,NL16,aleatoria,QDA,198,71.66,75.22,72.37,68.77,90.55,62.69,92.75,Relatorio_db4_no_ss_no_fs_20260618_1326.xlsx
db4_no_ss_no_fs,NL32,original,ADABoost,198,68.14,68.32,68.58,68.42,89.38,67.12,87.28,Relatorio_db4_no_ss_no_fs_20260618_1326.xlsx
db4_no_ss_no_fs,NL16,original,ADABoost,198,67.85,68.56,68.2,68.32,89.28,67.19,87.52,Relatorio_db4_no_ss_no_fs_20260618_1326.xlsx
db4_no_ss_no_fs,NL32,aleatoria,ADABoost,198,67.29,68.5,67.16,67.67,89.1,66.66,87.18,Relatorio_db4_no_ss_no_fs_20260618_1326.xlsx
db4_no_ss_no_fs,NL8,original,ADABoost,198,66.67,66.92,67.36,66.96,88.89,65.69,85.6,Relatorio_db4_no_ss_no_fs_20260618_1326.xlsx
db4_no_ss_no_fs,NL16,aleatoria,ADABoost,198,66.2,67.4,66.18,66.67,88.73,65.71,87.22,Relatorio_db4_no_ss_no_fs_20260618_1326.xlsx
db4_no_ss_no_fs,NL8,aleatoria,QDA,198,68.98,72.24,69.55,65.93,89.66,58.74,91.6,Relatorio_db4_no_ss_no_fs_20260618_1326.xlsx
db4_no_ss_no_fs,NL8,aleatoria,ADABoost,198,66.4,66.44,66.13,65.83,88.8,64.47,87.14,Relatorio_db4_no_ss_no_fs_20260618_1326.xlsx
db4_no_ss_no_fs,NL32,original,GNB,198,57.08,56.75,54.12,51.64,85.69,42.62,79.71,Relatorio_db4_no_ss_no_fs_20260618_1326.xlsx
db4_no_ss_no_fs,NL16,original,GNB,198,56.78,56.36,53.73,51.21,85.59,42.23,78.31,Relatorio_db4_no_ss_no_fs_20260618_1326.xlsx
db4_no_ss_no_fs,NL32,aleatoria,GNB,198,55,56.59,54.76,50.76,85,42.27,81.02,Relatorio_db4_no_ss_no_fs_20260618_1326.xlsx
db4_no_ss_no_fs,NL16,aleatoria,GNB,198,54.31,57.26,54.17,49.87,84.77,41.25,79.91,Relatorio_db4_no_ss_no_fs_20260618_1326.xlsx
db4_no_ss_no_fs,NL8,aleatoria,GNB,198,50.25,51.83,49.75,44.06,83.42,35.21,77.45,Relatorio_db4_no_ss_no_fs_20260618_1326.xlsx
db4_no_ss_no_fs,NL8,original,GNB,198,51.03,48.28,46.97,43.15,83.68,33.78,75.53,Relatorio_db4_no_ss_no_fs_20260618_1326.xlsx
db4_no_ss_no_fs,NL8,aleatoria,Dummy,198,28.05,28.02,28.01,28.01,76.02,27.98,47.98,Relatorio_db4_no_ss_no_fs_20260618_1326.xlsx
db4_no_ss_no_fs,NL16,original,Dummy,198,26.4,26.36,26.3,26.14,75.47,26.2,50.93,Relatorio_db4_no_ss_no_fs_20260618_1326.xlsx
db4_no_ss_no_fs,NL32,aleatoria,Dummy,198,25.97,25.58,25.64,25.58,75.32,25.2,49.94,Relatorio_db4_no_ss_no_fs_20260618_1326.xlsx
db4_no_ss_no_fs,NL32,original,Dummy,198,25.66,25.45,25.55,25.42,75.22,25.41,51.38,Relatorio_db4_no_ss_no_fs_20260618_1326.xlsx
db4_no_ss_no_fs,NL8,original,Dummy,198,24.78,24.52,24.34,24.36,74.93,24.16,49.08,Relatorio_db4_no_ss_no_fs_20260618_1326.xlsx
db4_no_ss_no_fs,NL16,aleatoria,Dummy,198,24.28,24.12,24.25,24.14,74.76,23.87,49.92,Relatorio_db4_no_ss_no_fs_20260618_1326.xlsx
db4_ss_fs,NL16,original,ET,30,84.07,84.68,84.45,84.13,94.69,84.04,96.4,Relatorio_db4_ss_fs_20260618_1623.xlsx
db4_ss_fs,NL32,original,ET,30,83.78,84.04,84.03,83.82,94.59,83.8,96.16,Relatorio_db4_ss_fs_20260618_1623.xlsx
db4_ss_fs,NL32,original,LGBM,30,83.04,83.58,83.69,83.41,94.35,83.46,95.59,Relatorio_db4_ss_fs_20260618_1623.xlsx
db4_ss_fs,NL8,original,ET,30,83.19,83.89,83.6,83.34,94.4,83.33,96.25,Relatorio_db4_ss_fs_20260618_1623.xlsx
db4_ss_fs,NL8,original,LGBM,30,82.6,83.55,83.34,83.05,94.2,82.99,96.33,Relatorio_db4_ss_fs_20260618_1623.xlsx
db4_ss_fs,NL8,aleatoria,LGBM,30,82.66,83.6,82.46,82.77,94.22,82.25,95.85,Relatorio_db4_ss_fs_20260618_1623.xlsx
db4_ss_fs,NL16,original,LGBM,30,82.15,82.62,82.88,82.45,94.05,82.44,95.81,Relatorio_db4_ss_fs_20260618_1623.xlsx
db4_ss_fs,NL16,original,XGB,30,81.86,82.56,82.57,82.23,93.95,82.24,95.08,Relatorio_db4_ss_fs_20260618_1623.xlsx
db4_ss_fs,NL8,original,XGB,30,81.71,82.43,82.54,82.17,93.9,82.14,95.43,Relatorio_db4_ss_fs_20260618_1623.xlsx
db4_ss_fs,NL8,aleatoria,ET,30,82.16,82.79,81.94,82.1,94.05,81.59,95.78,Relatorio_db4_ss_fs_20260618_1623.xlsx
db4_ss_fs,NL32,aleatoria,LGBM,30,81.86,82.31,81.69,81.88,93.95,81.48,95.26,Relatorio_db4_ss_fs_20260618_1623.xlsx
db4_ss_fs,NL16,aleatoria,XGB,30,81.76,82.43,81.58,81.8,93.92,81.34,94.9,Relatorio_db4_ss_fs_20260618_1623.xlsx
db4_ss_fs,NL16,original,RF,30,81.56,82.2,82.05,81.72,93.85,81.57,95.29,Relatorio_db4_ss_fs_20260618_1623.xlsx
db4_ss_fs,NL32,aleatoria,ET,30,81.86,82.35,81.55,81.7,93.95,81.16,95.58,Relatorio_db4_ss_fs_20260618_1623.xlsx
db4_ss_fs,NL16,aleatoria,ET,30,81.76,82.37,81.47,81.63,93.92,81.04,95.74,Relatorio_db4_ss_fs_20260618_1623.xlsx
db4_ss_fs,NL8,aleatoria,XGB,30,81.47,82.21,81.4,81.62,93.82,81.15,95.09,Relatorio_db4_ss_fs_20260618_1623.xlsx
db4_ss_fs,NL32,original,XGB,30,81.12,81.91,82.05,81.56,93.71,81.6,95.24,Relatorio_db4_ss_fs_20260618_1623.xlsx
db4_ss_fs,NL16,aleatoria,LGBM,30,81.47,81.94,81.24,81.43,93.82,80.98,95.26,Relatorio_db4_ss_fs_20260618_1623.xlsx
db4_ss_fs,NL8,original,RF,30,80.97,81.83,81.78,81.32,93.66,81.25,95.15,Relatorio_db4_ss_fs_20260618_1623.xlsx
db4_ss_fs,NL32,aleatoria,XGB,30,80.97,81.44,80.81,80.98,93.66,80.52,94.63,Relatorio_db4_ss_fs_20260618_1623.xlsx
db4_ss_fs,NL32,original,RF,30,80.53,81.13,81.1,80.74,93.51,80.76,95.24,Relatorio_db4_ss_fs_20260618_1623.xlsx
db4_ss_fs,NL32,aleatoria,RF,30,79.78,80.37,79.55,79.72,93.26,79.18,94.74,Relatorio_db4_ss_fs_20260618_1623.xlsx
db4_ss_fs,NL8,aleatoria,MLP,30,79.29,80.01,79.33,79.57,93.1,79.01,93.67,Relatorio_db4_ss_fs_20260618_1623.xlsx
db4_ss_fs,NL16,aleatoria,RF,30,79.58,80.15,79.38,79.54,93.19,78.99,94.54,Relatorio_db4_ss_fs_20260618_1623.xlsx
db4_ss_fs,NL8,aleatoria,RF,30,79.39,79.88,79.22,79.38,93.13,78.94,94.62,Relatorio_db4_ss_fs_20260618_1623.xlsx
db4_ss_fs,NL32,aleatoria,CatB,30,78.79,79.25,78.77,78.91,92.93,78.52,93.38,Relatorio_db4_ss_fs_20260618_1623.xlsx
db4_ss_fs,NL8,original,MLP,30,78.02,79.01,78.77,78.49,92.67,78.19,94.07,Relatorio_db4_ss_fs_20260618_1623.xlsx
db4_ss_fs,NL16,aleatoria,MLP,30,77.8,78.32,77.99,78.14,92.6,77.69,93.28,Relatorio_db4_ss_fs_20260618_1623.xlsx
db4_ss_fs,NL8,original,BG,30,77.43,78.38,78.36,78.02,92.48,77.99,93.04,Relatorio_db4_ss_fs_20260618_1623.xlsx
db4_ss_fs,NL16,aleatoria,CatB,30,77.7,78.41,77.68,77.91,92.57,77.48,93.23,Relatorio_db4_ss_fs_20260618_1623.xlsx
db4_ss_fs,NL8,aleatoria,BG,30,77.6,78.31,77.51,77.81,92.53,77.43,92.22,Relatorio_db4_ss_fs_20260618_1623.xlsx
db4_ss_fs,NL16,original,MLP,30,77.14,78.13,78.13,77.6,92.38,77.26,92.79,Relatorio_db4_ss_fs_20260618_1623.xlsx
db4_ss_fs,NL32,original,BG,30,76.84,77.62,77.45,77.36,92.28,77.28,92.54,Relatorio_db4_ss_fs_20260618_1623.xlsx
db4_ss_fs,NL32,original,MLP,30,76.7,77.47,77.83,77.34,92.23,77.19,93.08,Relatorio_db4_ss_fs_20260618_1623.xlsx
db4_ss_fs,NL32,aleatoria,BG,30,77.11,77.5,76.93,77.12,92.37,76.74,92.59,Relatorio_db4_ss_fs_20260618_1623.xlsx
db4_ss_fs,NL32,aleatoria,MLP,30,76.71,77.1,76.88,76.95,92.24,76.63,93.49,Relatorio_db4_ss_fs_20260618_1623.xlsx
db4_ss_fs,NL32,aleatoria,GB,30,76.81,77.48,76.68,76.87,92.27,76.37,92.28,Relatorio_db4_ss_fs_20260618_1623.xlsx
db4_ss_fs,NL16,original,BG,30,76.4,77.1,76.93,76.82,92.13,76.67,92.16,Relatorio_db4_ss_fs_20260618_1623.xlsx
db4_ss_fs,NL32,original,CatB,30,76.4,76.79,77.2,76.76,92.13,76.34,92.56,Relatorio_db4_ss_fs_20260618_1623.xlsx
db4_ss_fs,NL16,original,CatB,30,76.25,76.88,77.06,76.67,92.08,76.33,92.5,Relatorio_db4_ss_fs_20260618_1623.xlsx
db4_ss_fs,NL8,aleatoria,CatB,30,76.41,77.34,76.39,76.67,92.14,76.05,93.57,Relatorio_db4_ss_fs_20260618_1623.xlsx
db4_ss_fs,NL16,aleatoria,GB,30,75.82,76.55,75.81,76.05,91.94,75.57,92.19,Relatorio_db4_ss_fs_20260618_1623.xlsx
db4_ss_fs,NL32,original,GB,30,75.37,76.23,76.29,75.82,91.79,75.39,92.19,Relatorio_db4_ss_fs_20260618_1623.xlsx
db4_ss_fs,NL16,aleatoria,SVC,30,75.12,75.88,75.15,75.36,91.71,74.71,91.64,Relatorio_db4_ss_fs_20260618_1623.xlsx
db4_ss_fs,NL8,original,CatB,30,74.48,75.41,75.46,75.11,91.49,74.63,92.99,Relatorio_db4_ss_fs_20260618_1623.xlsx
db4_ss_fs,NL8,aleatoria,GB,30,74.73,75.65,74.78,75.08,91.58,74.56,92.78,Relatorio_db4_ss_fs_20260618_1623.xlsx
db4_ss_fs,NL32,aleatoria,SVC,30,74.43,75.28,74.43,74.7,91.48,74.02,91.42,Relatorio_db4_ss_fs_20260618_1623.xlsx
db4_ss_fs,NL16,aleatoria,BG,30,74.53,75.03,74.5,74.63,91.51,74.14,91.23,Relatorio_db4_ss_fs_20260618_1623.xlsx
db4_ss_fs,NL8,original,GB,30,73.89,74.81,75.08,74.6,91.3,74.19,92.24,Relatorio_db4_ss_fs_20260618_1623.xlsx
db4_ss_fs,NL8,aleatoria,SVC,30,74.13,75.12,74.18,74.48,91.38,73.92,91.78,Relatorio_db4_ss_fs_20260618_1623.xlsx
db4_ss_fs,NL8,original,SVC,30,73.3,74.54,74.16,73.93,91.1,73.36,90.38,Relatorio_db4_ss_fs_20260618_1623.xlsx
db4_ss_fs,NL32,original,SVC,30,73.3,74.53,74,73.9,91.1,73.18,90.32,Relatorio_db4_ss_fs_20260618_1623.xlsx
db4_ss_fs,NL16,original,GB,30,73.3,73.81,73.95,73.69,91.1,73.21,91.64,Relatorio_db4_ss_fs_20260618_1623.xlsx
db4_ss_fs,NL16,original,SVC,30,72.71,73.99,73.23,73.22,90.9,72.49,90.3,Relatorio_db4_ss_fs_20260618_1623.xlsx
db4_ss_fs,NL32,original,LR,30,72.27,73.52,72.92,72.99,90.76,72.24,88.83,Relatorio_db4_ss_fs_20260618_1623.xlsx
db4_ss_fs,NL16,aleatoria,LR,30,71.66,72.42,71.83,72.05,90.55,71.49,89.61,Relatorio_db4_ss_fs_20260618_1623.xlsx
db4_ss_fs,NL32,aleatoria,LR,30,71.66,72.18,71.79,71.95,90.55,71.52,89.41,Relatorio_db4_ss_fs_20260618_1623.xlsx
db4_ss_fs,NL16,aleatoria,LDA,30,71.46,72.75,71.45,71.77,90.49,70.83,89.07,Relatorio_db4_ss_fs_20260618_1623.xlsx
db4_ss_fs,NL8,aleatoria,SGDC,30,71.56,72.46,71.47,71.6,90.52,70.85,,Relatorio_db4_ss_fs_20260618_1623.xlsx
db4_ss_fs,NL32,original,KNN,30,70.5,72.16,71.15,71.42,90.17,70.96,89.93,Relatorio_db4_ss_fs_20260618_1623.xlsx
db4_ss_fs,NL8,original,KNN,30,70.65,72.51,70.9,71.38,90.22,70.84,89.98,Relatorio_db4_ss_fs_20260618_1623.xlsx
db4_ss_fs,NL16,original,KNN,30,70.5,72.16,70.84,71.29,90.17,70.67,89.41,Relatorio_db4_ss_fs_20260618_1623.xlsx
db4_ss_fs,NL32,aleatoria,LDA,30,70.47,71.77,70.62,71.04,90.16,70.23,88.3,Relatorio_db4_ss_fs_20260618_1623.xlsx
db4_ss_fs,NL8,aleatoria,LR,30,70.76,71.13,70.8,70.91,90.25,70.46,88.74,Relatorio_db4_ss_fs_20260618_1623.xlsx
db4_ss_fs,NL8,aleatoria,LDA,30,69.97,71,70.07,70.44,89.99,69.81,88.3,Relatorio_db4_ss_fs_20260618_1623.xlsx
db4_ss_fs,NL8,original,LDA,30,69.17,70.95,70.18,70.33,89.72,69.42,87.82,Relatorio_db4_ss_fs_20260618_1623.xlsx
db4_ss_fs,NL8,original,DT,30,69.32,71.02,69.95,70.15,89.77,69.8,81.78,Relatorio_db4_ss_fs_20260618_1623.xlsx
db4_ss_fs,NL32,original,DT,30,69.47,70.51,70.23,70.1,89.82,70.01,82.67,Relatorio_db4_ss_fs_20260618_1623.xlsx
db4_ss_fs,NL8,original,LR,30,69.47,70.03,70.33,70.06,89.82,69.3,88.13,Relatorio_db4_ss_fs_20260618_1623.xlsx
db4_ss_fs,NL8,aleatoria,KNN,30,69.38,70.93,69.69,70.02,89.79,69.57,89.05,Relatorio_db4_ss_fs_20260618_1623.xlsx
db4_ss_fs,NL32,aleatoria,KNN,30,69.28,70.83,69.52,69.91,89.76,69.42,88.8,Relatorio_db4_ss_fs_20260618_1623.xlsx
db4_ss_fs,NL16,aleatoria,KNN,30,68.98,70.59,69.09,69.54,89.66,69.04,88.76,Relatorio_db4_ss_fs_20260618_1623.xlsx
db4_ss_fs,NL16,original,LR,30,69.17,69.44,69.96,69.46,89.72,68.54,87.5,Relatorio_db4_ss_fs_20260618_1623.xlsx
db4_ss_fs,NL8,aleatoria,DT,30,69.08,70.41,69.07,69.45,89.69,68.9,81.62,Relatorio_db4_ss_fs_20260618_1623.xlsx
db4_ss_fs,NL16,aleatoria,Ridge,30,69.67,70.31,69.78,69.38,89.89,68.22,,Relatorio_db4_ss_fs_20260618_1623.xlsx
db4_ss_fs,NL8,original,Ridge,30,68.58,69.21,69.64,68.95,89.53,67.78,,Relatorio_db4_ss_fs_20260618_1623.xlsx
db4_ss_fs,NL16,original,LDA,30,67.99,69.83,68.82,68.83,89.33,67.73,87.33,Relatorio_db4_ss_fs_20260618_1623.xlsx
db4_ss_fs,NL32,original,LDA,30,67.55,69.8,68.64,68.82,89.18,67.95,87.22,Relatorio_db4_ss_fs_20260618_1623.xlsx
db4_ss_fs,NL16,aleatoria,DT,30,68.58,69.31,68.53,68.78,89.53,68.37,80.1,Relatorio_db4_ss_fs_20260618_1623.xlsx
db4_ss_fs,NL32,aleatoria,DT,30,68.38,69.05,68.36,68.6,89.46,68.11,80.99,Relatorio_db4_ss_fs_20260618_1623.xlsx
db4_ss_fs,NL8,aleatoria,Ridge,30,68.19,68.55,68.29,68.12,89.4,67.33,,Relatorio_db4_ss_fs_20260618_1623.xlsx
db4_ss_fs,NL32,aleatoria,Ridge,30,68.38,68.61,68.64,67.91,89.46,66.66,,Relatorio_db4_ss_fs_20260618_1623.xlsx
db4_ss_fs,NL16,original,DT,30,67.11,67.83,67.72,67.62,89.04,67.29,80.63,Relatorio_db4_ss_fs_20260618_1623.xlsx
db4_ss_fs,NL32,aleatoria,SGDC,30,66.9,67.59,67.22,66.88,88.97,66.12,,Relatorio_db4_ss_fs_20260618_1623.xlsx
db4_ss_fs,NL16,aleatoria,SGDC,30,67.89,67.17,68.11,66.87,89.3,65.41,,Relatorio_db4_ss_fs_20260618_1623.xlsx
db4_ss_fs,NL16,original,SGDC,30,66.67,66.15,67.8,66.62,88.89,65.47,,Relatorio_db4_ss_fs_20260618_1623.xlsx
db4_ss_fs,NL8,original,SGDC,30,64.75,64.55,65.49,64.6,88.25,63.38,,Relatorio_db4_ss_fs_20260618_1623.xlsx
db4_ss_fs,NL16,original,Ridge,30,64.01,64.37,64.82,63.72,88,61.71,,Relatorio_db4_ss_fs_20260618_1623.xlsx
db4_ss_fs,NL32,original,Ridge,30,64.31,64.25,64.92,63.68,88.1,61.55,,Relatorio_db4_ss_fs_20260618_1623.xlsx
db4_ss_fs,NL32,original,SGDC,30,62.98,63.41,64.26,62.68,87.66,60.9,,Relatorio_db4_ss_fs_20260618_1623.xlsx
db4_ss_fs,NL16,aleatoria,ADABoost,30,59.07,61,59.44,59.78,86.36,59.2,81.96,Relatorio_db4_ss_fs_20260618_1623.xlsx
db4_ss_fs,NL32,aleatoria,ADABoost,30,59.17,60.1,59.59,59.69,86.39,59.11,81.83,Relatorio_db4_ss_fs_20260618_1623.xlsx
db4_ss_fs,NL8,aleatoria,QDA,30,60.46,61.24,60.83,59.69,86.82,57.34,84.15,Relatorio_db4_ss_fs_20260618_1623.xlsx
db4_ss_fs,NL32,original,ADABoost,30,57.82,61.28,58.96,59.23,85.94,58.07,81.44,Relatorio_db4_ss_fs_20260618_1623.xlsx
db4_ss_fs,NL32,aleatoria,QDA,30,59.96,60.7,60.44,59.2,86.65,56.52,82.88,Relatorio_db4_ss_fs_20260618_1623.xlsx
db4_ss_fs,NL16,original,ADABoost,30,57.37,60.06,58.74,58.65,85.79,57.57,80.84,Relatorio_db4_ss_fs_20260618_1623.xlsx
db4_ss_fs,NL16,aleatoria,QDA,30,59.46,60.45,59.96,58.58,86.49,55.72,83.02,Relatorio_db4_ss_fs_20260618_1623.xlsx
db4_ss_fs,NL8,aleatoria,ADABoost,30,57.38,60.23,57.94,58.16,85.79,57.49,82.58,Relatorio_db4_ss_fs_20260618_1623.xlsx
db4_ss_fs,NL8,original,QDA,30,58.26,57.74,58.35,57.11,86.09,53.38,82.44,Relatorio_db4_ss_fs_20260618_1623.xlsx
db4_ss_fs,NL32,original,QDA,30,56.64,56.36,56.82,55.58,85.55,51.25,81.44,Relatorio_db4_ss_fs_20260618_1623.xlsx
db4_ss_fs,NL8,original,ADABoost,30,53.69,57.73,55.65,55.4,84.56,54.16,80.29,Relatorio_db4_ss_fs_20260618_1623.xlsx
db4_ss_fs,NL16,original,QDA,30,56.19,56.08,56.23,54.79,85.4,50.06,81.13,Relatorio_db4_ss_fs_20260618_1623.xlsx
db4_ss_fs,NL32,aleatoria,GNB,30,52.23,55.57,52.69,51.46,84.08,47.63,78.61,Relatorio_db4_ss_fs_20260618_1623.xlsx
db4_ss_fs,NL8,original,GNB,30,52.36,54.63,51.91,50.88,84.12,46.03,76.44,Relatorio_db4_ss_fs_20260618_1623.xlsx
db4_ss_fs,NL8,aleatoria,GNB,30,51.54,55.19,52.12,50.84,83.85,46.7,78.18,Relatorio_db4_ss_fs_20260618_1623.xlsx
db4_ss_fs,NL16,aleatoria,GNB,30,51.54,54.95,52.07,50.79,83.85,47.01,78.16,Relatorio_db4_ss_fs_20260618_1623.xlsx
db4_ss_fs,NL32,original,GNB,30,52.21,53.19,51.42,50.37,84.07,45.15,77.21,Relatorio_db4_ss_fs_20260618_1623.xlsx
db4_ss_fs,NL16,original,GNB,30,51.77,53.41,51.18,50.01,83.92,45.23,76.23,Relatorio_db4_ss_fs_20260618_1623.xlsx
db4_ss_fs,NL16,original,Dummy,30,26.4,26.23,26.41,26.2,75.47,26.28,50.61,Relatorio_db4_ss_fs_20260618_1623.xlsx
db4_ss_fs,NL8,aleatoria,Dummy,30,26.16,26.09,26.11,26.09,75.39,26.07,50.56,Relatorio_db4_ss_fs_20260618_1623.xlsx
db4_ss_fs,NL8,original,Dummy,30,25.37,24.72,24.68,24.68,75.12,24.14,49.85,Relatorio_db4_ss_fs_20260618_1623.xlsx
db4_ss_fs,NL16,aleatoria,Dummy,30,24.28,24.25,24.3,24.26,74.76,24.29,50.21,Relatorio_db4_ss_fs_20260618_1623.xlsx
db4_ss_fs,NL32,original,Dummy,30,24.34,24.26,24.23,24.15,74.78,24.18,51.3,Relatorio_db4_ss_fs_20260618_1623.xlsx
db4_ss_fs,NL32,aleatoria,Dummy,30,24.28,24.12,24.12,24.12,74.76,24.02,49.34,Relatorio_db4_ss_fs_20260618_1623.xlsx
db4_ss_no_fs,NL32,original,ET,198,86.87,87.06,87.57,87.06,95.62,87.26,97.39,Relatorio_db4_ss_no_fs_20260618_1547.xlsx
db4_ss_no_fs,NL16,original,LGBM,198,86.58,87.29,87.33,86.98,95.53,86.95,97.34,Relatorio_db4_ss_no_fs_20260618_1547.xlsx
db4_ss_no_fs,NL32,original,LGBM,198,86.43,87.03,87.19,86.8,95.48,86.87,97.72,Relatorio_db4_ss_no_fs_20260618_1547.xlsx
db4_ss_no_fs,NL32,aleatoria,LGBM,198,86.62,86.87,86.69,86.72,95.54,86.51,97.26,Relatorio_db4_ss_no_fs_20260618_1547.xlsx
db4_ss_no_fs,NL32,aleatoria,MLP,198,86.32,86.37,86.52,86.43,95.44,86.36,97.05,Relatorio_db4_ss_no_fs_20260618_1547.xlsx
db4_ss_no_fs,NL16,aleatoria,LGBM,198,85.63,86.16,85.59,85.77,95.21,85.48,96.87,Relatorio_db4_ss_no_fs_20260618_1547.xlsx
db4_ss_no_fs,NL32,aleatoria,XGB,198,85.53,85.89,85.51,85.61,95.18,85.33,96.6,Relatorio_db4_ss_no_fs_20260618_1547.xlsx
db4_ss_no_fs,NL16,original,XGB,198,84.96,85.47,85.75,85.3,94.99,85.28,96.48,Relatorio_db4_ss_no_fs_20260618_1547.xlsx
db4_ss_no_fs,NL8,aleatoria,LGBM,198,84.94,85.86,84.76,85.07,94.98,84.61,96.88,Relatorio_db4_ss_no_fs_20260618_1547.xlsx
db4_ss_no_fs,NL8,original,LGBM,198,84.66,85.43,85.32,84.97,94.89,84.94,96.99,Relatorio_db4_ss_no_fs_20260618_1547.xlsx
db4_ss_no_fs,NL16,original,ET,198,84.66,85.02,85.33,84.84,94.89,84.86,96.96,Relatorio_db4_ss_no_fs_20260618_1547.xlsx
db4_ss_no_fs,NL16,aleatoria,MLP,198,84.44,84.73,84.57,84.64,94.81,84.42,96.44,Relatorio_db4_ss_no_fs_20260618_1547.xlsx
db4_ss_no_fs,NL32,original,XGB,198,84.07,84.71,84.98,84.61,94.69,84.6,97.13,Relatorio_db4_ss_no_fs_20260618_1547.xlsx
db4_ss_no_fs,NL8,original,ET,198,84.07,84.59,84.74,84.33,94.69,84.34,96.6,Relatorio_db4_ss_no_fs_20260618_1547.xlsx
db4_ss_no_fs,NL16,aleatoria,XGB,198,83.94,84.61,83.84,84.1,94.65,83.73,96.37,Relatorio_db4_ss_no_fs_20260618_1547.xlsx
db4_ss_no_fs,NL32,aleatoria,ET,198,84.04,84.48,84,84.08,94.68,83.68,96.53,Relatorio_db4_ss_no_fs_20260618_1547.xlsx
db4_ss_no_fs,NL32,original,MLP,198,83.48,83.98,84.07,83.96,94.49,83.84,96.64,Relatorio_db4_ss_no_fs_20260618_1547.xlsx
db4_ss_no_fs,NL8,aleatoria,ET,198,83.35,83.82,83.27,83.42,94.45,83,96.01,Relatorio_db4_ss_no_fs_20260618_1547.xlsx
db4_ss_no_fs,NL32,aleatoria,LDA,198,83.05,84.2,83.08,83.37,94.35,82.9,94.98,Relatorio_db4_ss_no_fs_20260618_1547.xlsx
db4_ss_no_fs,NL16,aleatoria,ET,198,83.15,83.48,83.07,83.12,94.38,82.68,96.14,Relatorio_db4_ss_no_fs_20260618_1547.xlsx
db4_ss_no_fs,NL8,original,MLP,198,82.6,83.12,83.4,83.07,94.2,82.96,96.14,Relatorio_db4_ss_no_fs_20260618_1547.xlsx
db4_ss_no_fs,NL32,aleatoria,RF,198,83.05,83.37,83.04,83.06,94.35,82.63,95.68,Relatorio_db4_ss_no_fs_20260618_1547.xlsx
db4_ss_no_fs,NL8,aleatoria,XGB,198,82.66,83.48,82.54,82.85,94.22,82.43,96.37,Relatorio_db4_ss_no_fs_20260618_1547.xlsx
db4_ss_no_fs,NL8,original,XGB,198,82.15,82.75,82.93,82.52,94.05,82.46,96.43,Relatorio_db4_ss_no_fs_20260618_1547.xlsx
db4_ss_no_fs,NL16,original,MLP,198,81.86,82.57,82.56,82.46,93.95,82.29,95.92,Relatorio_db4_ss_no_fs_20260618_1547.xlsx
db4_ss_no_fs,NL8,original,RF,198,82.01,82.63,82.63,82.34,94,82.23,95.67,Relatorio_db4_ss_no_fs_20260618_1547.xlsx
db4_ss_no_fs,NL16,aleatoria,LDA,198,81.86,82.7,81.93,82.16,93.95,81.78,94.53,Relatorio_db4_ss_no_fs_20260618_1547.xlsx
db4_ss_no_fs,NL8,aleatoria,MLP,198,81.37,81.73,81.42,81.54,93.79,81.24,95,Relatorio_db4_ss_no_fs_20260618_1547.xlsx
db4_ss_no_fs,NL32,original,RF,198,81.12,81.63,82.03,81.45,93.71,81.5,96.28,Relatorio_db4_ss_no_fs_20260618_1547.xlsx
db4_ss_no_fs,NL32,aleatoria,GB,198,81.17,81.68,81.31,81.4,93.72,80.97,95.17,Relatorio_db4_ss_no_fs_20260618_1547.xlsx
db4_ss_no_fs,NL32,original,LDA,198,80.53,81.97,81.69,81.33,93.51,81.13,94.49,Relatorio_db4_ss_no_fs_20260618_1547.xlsx
db4_ss_no_fs,NL16,aleatoria,RF,198,81.27,81.5,81.22,81.28,93.76,80.89,95.18,Relatorio_db4_ss_no_fs_20260618_1547.xlsx
db4_ss_no_fs,NL32,aleatoria,LR,198,80.97,81.11,81.17,81.14,93.66,80.85,94.72,Relatorio_db4_ss_no_fs_20260618_1547.xlsx
db4_ss_no_fs,NL32,original,CatB,198,80.53,80.96,81.66,81.09,93.51,80.95,95.14,Relatorio_db4_ss_no_fs_20260618_1547.xlsx
db4_ss_no_fs,NL32,original,GB,198,80.38,80.81,81.4,80.97,93.46,80.86,95.17,Relatorio_db4_ss_no_fs_20260618_1547.xlsx
db4_ss_no_fs,NL32,aleatoria,CatB,198,80.77,81.25,80.88,80.96,93.59,80.48,95,Relatorio_db4_ss_no_fs_20260618_1547.xlsx
db4_ss_no_fs,NL8,aleatoria,LDA,198,80.67,81.44,80.61,80.86,93.56,80.38,93.78,Relatorio_db4_ss_no_fs_20260618_1547.xlsx
db4_ss_no_fs,NL32,aleatoria,SVC,198,80.67,80.78,80.79,80.7,93.56,80.23,94.6,Relatorio_db4_ss_no_fs_20260618_1547.xlsx
db4_ss_no_fs,NL16,original,RF,198,80.38,80.86,81.21,80.66,93.46,80.73,95.92,Relatorio_db4_ss_no_fs_20260618_1547.xlsx
db4_ss_no_fs,NL16,aleatoria,CatB,198,80.48,80.87,80.51,80.63,93.49,80.24,94.83,Relatorio_db4_ss_no_fs_20260618_1547.xlsx
db4_ss_no_fs,NL32,aleatoria,Ridge,198,80.18,80.73,80.25,80.4,93.39,79.94,,Relatorio_db4_ss_no_fs_20260618_1547.xlsx
db4_ss_no_fs,NL32,original,Ridge,198,79.79,80.84,80.88,80.36,93.26,80.28,,Relatorio_db4_ss_no_fs_20260618_1547.xlsx
db4_ss_no_fs,NL8,aleatoria,RF,198,80.28,80.6,80.26,80.36,93.43,80,95.14,Relatorio_db4_ss_no_fs_20260618_1547.xlsx
db4_ss_no_fs,NL16,aleatoria,GB,198,79.98,80.57,80.02,80.23,93.33,79.85,94.64,Relatorio_db4_ss_no_fs_20260618_1547.xlsx
db4_ss_no_fs,NL32,original,LR,198,79.65,80.14,80.62,80.22,93.22,80.1,94.09,Relatorio_db4_ss_no_fs_20260618_1547.xlsx
db4_ss_no_fs,NL8,aleatoria,CatB,198,80.08,80.55,80.04,80.2,93.36,79.76,94.68,Relatorio_db4_ss_no_fs_20260618_1547.xlsx
db4_ss_no_fs,NL16,original,LDA,198,79.35,81.14,80.46,80.18,93.12,79.83,93.92,Relatorio_db4_ss_no_fs_20260618_1547.xlsx
db4_ss_no_fs,NL32,aleatoria,SGDC,198,79.78,80.09,80.02,80.04,93.26,79.7,,Relatorio_db4_ss_no_fs_20260618_1547.xlsx
db4_ss_no_fs,NL8,original,GB,198,79.65,80.23,80.44,79.95,93.22,79.74,94.76,Relatorio_db4_ss_no_fs_20260618_1547.xlsx
db4_ss_no_fs,NL16,original,CatB,198,79.35,79.83,80.27,79.89,93.12,79.63,94.73,Relatorio_db4_ss_no_fs_20260618_1547.xlsx
db4_ss_no_fs,NL16,aleatoria,Ridge,198,79.68,79.87,79.81,79.82,93.23,79.47,,Relatorio_db4_ss_no_fs_20260618_1547.xlsx
db4_ss_no_fs,NL16,aleatoria,SVC,198,79.68,79.86,79.79,79.78,93.23,79.29,94.08,Relatorio_db4_ss_no_fs_20260618_1547.xlsx
db4_ss_no_fs,NL8,aleatoria,GB,198,79.58,80.44,79.49,79.75,93.19,79.16,94.54,Relatorio_db4_ss_no_fs_20260618_1547.xlsx
db4_ss_no_fs,NL16,original,GB,198,79.2,79.58,80.17,79.67,93.07,79.59,94.22,Relatorio_db4_ss_no_fs_20260618_1547.xlsx
db4_ss_no_fs,NL16,original,LR,198,78.91,79.56,80.1,79.66,92.97,79.64,93.68,Relatorio_db4_ss_no_fs_20260618_1547.xlsx
db4_ss_no_fs,NL16,original,Ridge,198,78.91,79.91,80.1,79.52,92.97,79.33,,Relatorio_db4_ss_no_fs_20260618_1547.xlsx
db4_ss_no_fs,NL8,original,CatB,198,78.91,79.67,79.67,79.44,92.97,79.09,94.54,Relatorio_db4_ss_no_fs_20260618_1547.xlsx
db4_ss_no_fs,NL16,original,SVC,198,78.32,79.24,79.49,78.93,92.77,78.64,93.5,Relatorio_db4_ss_no_fs_20260618_1547.xlsx
db4_ss_no_fs,NL16,aleatoria,LR,198,78.79,78.8,79.01,78.89,92.93,78.65,94.18,Relatorio_db4_ss_no_fs_20260618_1547.xlsx
db4_ss_no_fs,NL32,original,SVC,198,78.32,79.02,79.42,78.89,92.77,78.56,94.07,Relatorio_db4_ss_no_fs_20260618_1547.xlsx
db4_ss_no_fs,NL32,original,SGDC,198,78.47,78.67,79.66,78.79,92.82,78.85,,Relatorio_db4_ss_no_fs_20260618_1547.xlsx
db4_ss_no_fs,NL8,aleatoria,LR,198,78.49,78.67,78.62,78.64,92.83,78.33,92.87,Relatorio_db4_ss_no_fs_20260618_1547.xlsx
db4_ss_no_fs,NL8,original,LDA,198,77.58,79.63,78.58,78.5,92.53,78.11,92.94,Relatorio_db4_ss_no_fs_20260618_1547.xlsx
db4_ss_no_fs,NL8,aleatoria,Ridge,198,78.39,78.53,78.44,78.37,92.8,77.9,,Relatorio_db4_ss_no_fs_20260618_1547.xlsx
db4_ss_no_fs,NL8,original,LR,198,77.43,78.54,78.41,78.17,92.48,77.99,93.03,Relatorio_db4_ss_no_fs_20260618_1547.xlsx
db4_ss_no_fs,NL8,aleatoria,SVC,198,78,78.48,78.03,78.11,92.67,77.55,93.59,Relatorio_db4_ss_no_fs_20260618_1547.xlsx
db4_ss_no_fs,NL8,original,SVC,198,77.29,78.66,78.2,77.95,92.43,77.45,93.06,Relatorio_db4_ss_no_fs_20260618_1547.xlsx
db4_ss_no_fs,NL32,aleatoria,BG,198,77.5,77.58,77.68,77.62,92.5,77.43,92.21,Relatorio_db4_ss_no_fs_20260618_1547.xlsx
db4_ss_no_fs,NL16,original,BG,198,76.99,77.88,77.88,77.57,92.33,77.37,92.72,Relatorio_db4_ss_no_fs_20260618_1547.xlsx
db4_ss_no_fs,NL8,original,Ridge,198,76.84,78.13,77.82,77.35,92.28,77.08,,Relatorio_db4_ss_no_fs_20260618_1547.xlsx
db4_ss_no_fs,NL32,original,BG,198,76.7,77.09,77.7,77.29,92.23,77.26,93.12,Relatorio_db4_ss_no_fs_20260618_1547.xlsx
db4_ss_no_fs,NL8,original,BG,198,76.7,76.94,77.35,77.09,92.23,76.91,92.8,Relatorio_db4_ss_no_fs_20260618_1547.xlsx
db4_ss_no_fs,NL16,aleatoria,BG,198,76.51,76.62,76.72,76.66,92.17,76.35,92.83,Relatorio_db4_ss_no_fs_20260618_1547.xlsx
db4_ss_no_fs,NL8,aleatoria,BG,198,76.51,77.04,76.35,76.61,92.17,76.17,92.06,Relatorio_db4_ss_no_fs_20260618_1547.xlsx
db4_ss_no_fs,NL32,aleatoria,KNN,198,75.32,76.27,75.53,75.77,91.77,75.37,91.29,Relatorio_db4_ss_no_fs_20260618_1547.xlsx
db4_ss_no_fs,NL8,original,SGDC,198,74.78,76.27,75.77,75.72,91.59,75.37,,Relatorio_db4_ss_no_fs_20260618_1547.xlsx
db4_ss_no_fs,NL16,original,KNN,198,74.34,75.53,74.45,74.91,91.45,74.17,91.03,Relatorio_db4_ss_no_fs_20260618_1547.xlsx
db4_ss_no_fs,NL8,aleatoria,SGDC,198,74.73,74.76,75.26,74.85,91.58,74.58,,Relatorio_db4_ss_no_fs_20260618_1547.xlsx
db4_ss_no_fs,NL32,original,KNN,198,73.75,75.3,74.1,74.54,91.25,73.89,90.95,Relatorio_db4_ss_no_fs_20260618_1547.xlsx
db4_ss_no_fs,NL16,original,SGDC,198,73.45,74.45,74.68,74.11,91.15,73.94,,Relatorio_db4_ss_no_fs_20260618_1547.xlsx
db4_ss_no_fs,NL16,aleatoria,KNN,198,72.55,73.85,72.79,73.07,90.85,72.58,90.74,Relatorio_db4_ss_no_fs_20260618_1547.xlsx
db4_ss_no_fs,NL8,aleatoria,KNN,198,71.36,72.6,71.51,71.86,90.45,71.34,89.23,Relatorio_db4_ss_no_fs_20260618_1547.xlsx
db4_ss_no_fs,NL8,original,KNN,198,70.94,72.85,70.99,71.69,90.31,70.78,89.36,Relatorio_db4_ss_no_fs_20260618_1547.xlsx
db4_ss_no_fs,NL16,aleatoria,SGDC,198,71.26,71.21,71.59,71.22,90.42,71.21,,Relatorio_db4_ss_no_fs_20260618_1547.xlsx
db4_ss_no_fs,NL8,aleatoria,DT,198,69.67,69.92,69.77,69.79,89.89,69.41,80.57,Relatorio_db4_ss_no_fs_20260618_1547.xlsx
db4_ss_no_fs,NL8,original,DT,198,68.29,69.36,69.13,69.1,89.43,68.56,81.16,Relatorio_db4_ss_no_fs_20260618_1547.xlsx
db4_ss_no_fs,NL32,original,DT,198,67.85,69.96,68.7,68.69,89.28,68.28,79.37,Relatorio_db4_ss_no_fs_20260618_1547.xlsx
db4_ss_no_fs,NL16,original,DT,198,67.85,68.83,68.42,68.37,89.28,67.99,79.57,Relatorio_db4_ss_no_fs_20260618_1547.xlsx
db4_ss_no_fs,NL16,aleatoria,DT,198,67.69,68.5,67.7,68,89.23,67.56,78.94,Relatorio_db4_ss_no_fs_20260618_1547.xlsx
db4_ss_no_fs,NL32,aleatoria,DT,198,66.8,67.35,66.84,67.05,88.93,66.66,77.53,Relatorio_db4_ss_no_fs_20260618_1547.xlsx
db4_ss_no_fs,NL32,aleatoria,QDA,198,66.9,68.21,67.61,64.01,88.97,58.08,88.99,Relatorio_db4_ss_no_fs_20260618_1547.xlsx
db4_ss_no_fs,NL16,aleatoria,QDA,198,66.3,68.16,67.04,63.77,88.77,58.11,88.58,Relatorio_db4_ss_no_fs_20260618_1547.xlsx
db4_ss_no_fs,NL32,original,QDA,198,67.4,67.76,67.22,63.59,89.13,55.17,88.17,Relatorio_db4_ss_no_fs_20260618_1547.xlsx
db4_ss_no_fs,NL16,original,QDA,198,66.81,67.35,66.62,63.54,88.94,56.44,87.88,Relatorio_db4_ss_no_fs_20260618_1547.xlsx
db4_ss_no_fs,NL8,original,QDA,198,66.67,67.55,66.32,63.36,88.89,56.63,87.01,Relatorio_db4_ss_no_fs_20260618_1547.xlsx
db4_ss_no_fs,NL16,original,ADABoost,198,61.95,64.29,63.09,63.31,87.32,62.34,83.97,Relatorio_db4_ss_no_fs_20260618_1547.xlsx
db4_ss_no_fs,NL8,original,ADABoost,198,61.95,64.55,63.59,63.15,87.32,62.17,82.6,Relatorio_db4_ss_no_fs_20260618_1547.xlsx
db4_ss_no_fs,NL32,aleatoria,ADABoost,198,62.34,64.04,62.56,63.08,87.45,62.28,84.32,Relatorio_db4_ss_no_fs_20260618_1547.xlsx
db4_ss_no_fs,NL32,original,ADABoost,198,61.36,64.31,62.66,62.99,87.12,61.98,82.67,Relatorio_db4_ss_no_fs_20260618_1547.xlsx
db4_ss_no_fs,NL8,aleatoria,ADABoost,198,61.45,62.97,61.43,61.94,87.15,61.1,83.71,Relatorio_db4_ss_no_fs_20260618_1547.xlsx
db4_ss_no_fs,NL8,aleatoria,QDA,198,64.62,65.62,65.3,61.92,88.21,56.27,87.59,Relatorio_db4_ss_no_fs_20260618_1547.xlsx
db4_ss_no_fs,NL16,aleatoria,ADABoost,198,60.85,62.9,61.1,61.68,86.95,60.8,83.72,Relatorio_db4_ss_no_fs_20260618_1547.xlsx
db4_ss_no_fs,NL16,aleatoria,GNB,198,47.27,51.36,47.58,45.18,82.42,40.19,72.64,Relatorio_db4_ss_no_fs_20260618_1547.xlsx
db4_ss_no_fs,NL32,aleatoria,GNB,198,47.08,51.75,47.39,45.05,82.36,39.75,73.16,Relatorio_db4_ss_no_fs_20260618_1547.xlsx
db4_ss_no_fs,NL32,original,GNB,198,47.79,47.98,45.37,43.44,82.6,36.59,73.02,Relatorio_db4_ss_no_fs_20260618_1547.xlsx
db4_ss_no_fs,NL16,original,GNB,198,47.79,47.23,45.3,43.27,82.6,36.42,72.22,Relatorio_db4_ss_no_fs_20260618_1547.xlsx
db4_ss_no_fs,NL8,original,GNB,198,47.35,46.5,44.75,42.59,82.45,36.1,71.23,Relatorio_db4_ss_no_fs_20260618_1547.xlsx
db4_ss_no_fs,NL8,aleatoria,GNB,198,44.3,46.55,44.71,41.63,81.43,36.26,71.59,Relatorio_db4_ss_no_fs_20260618_1547.xlsx
db4_ss_no_fs,NL8,original,Dummy,198,28.17,27.93,27.57,27.54,76.06,26.79,49.81,Relatorio_db4_ss_no_fs_20260618_1547.xlsx
db4_ss_no_fs,NL16,original,Dummy,198,25.96,25.71,25.65,25.53,75.32,25.38,49.32,Relatorio_db4_ss_no_fs_20260618_1547.xlsx
db4_ss_no_fs,NL32,aleatoria,Dummy,198,24.98,24.9,24.87,24.87,74.99,24.78,50.89,Relatorio_db4_ss_no_fs_20260618_1547.xlsx
db4_ss_no_fs,NL32,original,Dummy,198,24.04,24.05,24.2,23.91,74.68,24.06,50.78,Relatorio_db4_ss_no_fs_20260618_1547.xlsx
db4_ss_no_fs,NL16,aleatoria,Dummy,198,23.19,22.76,22.86,22.8,74.4,22.31,49.09,Relatorio_db4_ss_no_fs_20260618_1547.xlsx
db4_ss_no_fs,NL8,aleatoria,Dummy,198,22.3,22.25,22.27,22.24,74.1,22.23,50.1,Relatorio_db4_ss_no_fs_20260618_1547.xlsx
