a,b,a_sha256,b_sha256,distance,exact_md5,cross_class,cross_split,decision,reviewer,note,same_dimensions,identical_decoded_rgb,priority,historical_removed,component_id
train/glioma/brisc2025_train_00058_gl_ax_t1.jpg,train/meningioma/brisc2025_train_01529_me_ax_t1.jpg,a3841aa70a2bdab533746b7e6cc89d2c1432758b027079b0d92378241c18ab44,b902aebf11c7d30e67c763e1affed0314a7817b8524bbf4704cb64a89f8f7de8,2,False,True,False,,,,True,False,1_cross_class,,318
train/glioma/brisc2025_train_00170_gl_ax_t1.jpg,train/meningioma/brisc2025_train_01537_me_ax_t1.jpg,d8ed005ff7b80c1dc76681677fa22df91f75432f114b7f84f2080a58c7053652,6c89bce8cc692a0e0e236a6a20ac23254999b2d719cd0b1598fa95005a0271f6,2,False,True,False,,,,True,False,1_cross_class,train/meningioma/brisc2025_train_01537_me_ax_t1.jpg,335
test/glioma/brisc2025_test_00017_gl_ax_t1.jpg,test/meningioma/brisc2025_test_00359_me_ax_t1.jpg,4e8198dde883bcdd41bc1b5ce936ff79eb3a8cfcb8827bcadd9c327e4de232e5,9bd07e3fe890788c7d5bc8a5b1352763157cc136bf8b57917d4f1fb382a7f7ec,4,False,True,False,,,,True,False,1_cross_class,,2
test/glioma/brisc2025_test_00110_gl_co_t1.jpg,train/meningioma/brisc2025_train_01600_me_co_t1.jpg,d9f4b45dbd6b4583a3a2a7f3e080221f0e80be285de21fe7e37bd32b5f5d220e,1784512b96bba05a45609d96a7d5ec7a51b6d32f375bc2d7b6e3fe506e091d47,4,False,True,True,,,,True,False,1_cross_class,,31
test/glioma/brisc2025_test_00236_gl_sa_t1.jpg,train/meningioma/brisc2025_train_02352_me_sa_t1.jpg,eedd4dbe8c7eedc46a158a685ceeba157a92e99a0cdcb1cdcacc2b329236f2a0,db9384e1a2ce28555ab52dc93fbef62aa9e30b0ef287a886cc7b6815e6ba1228,4,False,True,True,,,,True,False,1_cross_class,,62
test/no_tumor/brisc2025_test_00586_no_ax_t1.jpg,train/meningioma/brisc2025_train_01349_me_ax_t1.jpg,63e97761fff13bbb128cd34f8182e03eb5dac7818b4e8351c6ebbfd4986ae6d7,4d32822f7d5533f552c71cd2eb026924c1bf23acb00f73b1cd44af294ea5c537,4,False,True,True,,,,False,False,1_cross_class,test/no_tumor/brisc2025_test_00586_no_ax_t1.jpg,202
train/glioma/brisc2025_train_00014_gl_ax_t1.jpg,train/meningioma/brisc2025_train_02378_me_sa_t1.jpg,945b62e6bde83c9487d13299a3efab643303204f074cb69a8f496a7cbff46bbe,3b39dbaabf7765cbb4ae847409ccfd104e4137d73cd0d4b78b5568f051888184,4,False,True,False,,,,True,False,1_cross_class,train/meningioma/brisc2025_train_02378_me_sa_t1.jpg,317
train/glioma/brisc2025_train_00057_gl_ax_t1.jpg,train/meningioma/brisc2025_train_01529_me_ax_t1.jpg,b3e23a07ea2fe7eb605c6b788bcfe709e586b7923abcacf910a74d8f1b15badd,b902aebf11c7d30e67c763e1affed0314a7817b8524bbf4704cb64a89f8f7de8,4,False,True,False,,,,True,False,1_cross_class,train/meningioma/brisc2025_train_01529_me_ax_t1.jpg,318
train/glioma/brisc2025_train_00058_gl_ax_t1.jpg,train/meningioma/brisc2025_train_01528_me_ax_t1.jpg,a3841aa70a2bdab533746b7e6cc89d2c1432758b027079b0d92378241c18ab44,792e660cefd290766a5fb1fae8b58a6d088b489029bb241fb6c288350fc33f03,4,False,True,False,,,,True,False,1_cross_class,,318
train/glioma/brisc2025_train_00058_gl_ax_t1.jpg,train/meningioma/brisc2025_train_01530_me_ax_t1.jpg,a3841aa70a2bdab533746b7e6cc89d2c1432758b027079b0d92378241c18ab44,1afff851654da771049e9fb10212bc3b4c5f10c9df31182d8f8268d849f3153d,4,False,True,False,,,,True,False,1_cross_class,,318
train/glioma/brisc2025_train_00059_gl_ax_t1.jpg,train/meningioma/brisc2025_train_01529_me_ax_t1.jpg,dd2b85dcc22e042b17b1e4b1978292deb65c4cbb00dc74f38920dda603bd7dcb,b902aebf11c7d30e67c763e1affed0314a7817b8524bbf4704cb64a89f8f7de8,4,False,True,False,,,,True,False,1_cross_class,,318
train/glioma/brisc2025_train_00080_gl_ax_t1.jpg,train/no_tumor/brisc2025_train_02596_no_ax_t1.jpg,502f4172153ced4d17a4555353047ebb5ac34c92a6ad7702cb9b4b99560f5ed1,0ec9e482fce89b12d7be17762deda0c3193e9c519e21b4b8c7cab97f7ef01d81,4,False,True,False,,,,True,False,1_cross_class,train/no_tumor/brisc2025_train_02596_no_ax_t1.jpg,325
train/glioma/brisc2025_train_00085_gl_ax_t1.jpg,train/no_tumor/brisc2025_train_02683_no_ax_t1.jpg,af8d9f673e52265236b321162eaa8d884e775aeaafe438d6e8d6d5a6c2580a14,ef996393581605d4bc5ec73391ccbe883725a59f386291f7d08f2b6e757eebef,4,False,True,False,,,,True,False,1_cross_class,,324
train/glioma/brisc2025_train_00152_gl_ax_t1.jpg,train/meningioma/brisc2025_train_01494_me_ax_t1.jpg,00447a5e4dba64bb0e3e97c8c943131b85bd5c27aec22ca12cc3b824f20f53c6,8de027d4c23f85cacc810b319641ff90d7b67556a604f13d9a6121190f09b8aa,4,False,True,False,,,,True,False,1_cross_class,train/meningioma/brisc2025_train_01494_me_ax_t1.jpg,332
train/glioma/brisc2025_train_00247_gl_ax_t1.jpg,train/meningioma/brisc2025_train_02138_me_sa_t1.jpg,d20cb5446f49480f7471797374a9f2651714497dc965d782597be7639b130823,9d425dc88f5d2b5193ece042d9303d12c6ca9663cadd17b0d0c0749d7123e64c,4,False,True,False,,,,True,False,1_cross_class,,318
train/glioma/brisc2025_train_00271_gl_ax_t1.jpg,train/meningioma/brisc2025_train_01434_me_ax_t1.jpg,cc0250d1cc59fb33e3ef9fe3aa6f4d46a0b4a96c0dc4bf62b84ac9add9a682a9,fc773d1444dd3b05bda35e50d85820fb9670362939cc635ca924384bd60827e1,4,False,True,False,,,,True,False,1_cross_class,,19
train/glioma/brisc2025_train_00407_gl_co_t1.jpg,train/meningioma/brisc2025_train_01837_me_co_t1.jpg,3830fa89186bf90b1034b657898b56e4ee2416eaf9bf7c6c79084efde5ae4147,f099fa2834527647bc13ccccf4b1e3f6251c64b396c19b891a8e15b36c5b1f29,4,False,True,False,,,,True,False,1_cross_class,train/meningioma/brisc2025_train_01837_me_co_t1.jpg,353
train/glioma/brisc2025_train_00902_gl_sa_t1.jpg,train/meningioma/brisc2025_train_02424_me_sa_t1.jpg,3c6d0a1251189228550a435f2700daa8cbd3806b1b7d1f2eb5b2670f45eaa317,d886c9df6e7dd3205cd82ec24e3445daa63ee70f6509fd84cce21f1232776176,4,False,True,False,,,,True,False,1_cross_class,train/meningioma/brisc2025_train_02424_me_sa_t1.jpg,392
train/glioma/brisc2025_train_00906_gl_sa_t1.jpg,train/meningioma/brisc2025_train_02308_me_sa_t1.jpg,c660c6de690f5413e45ac3cba8e44b3ba6598b274b16cddf1be82f14b0ae485e,a07acc701cc6ec3c5e94e9eefa3f4cd9f362d85f2be2e1bf09dcadaedb5f8baf,4,False,True,False,,,,True,False,1_cross_class,,393
train/glioma/brisc2025_train_00955_gl_sa_t1.jpg,train/meningioma/brisc2025_train_02400_me_sa_t1.jpg,c83683226e108bab357f14ca8f4aa65fd65c43190cbd608a5a35e3f3fdadd8de,040a415afd40cde551ea35ff4fad705011f381f0700de2479ed124c6392dc505,4,False,True,False,,,,True,False,1_cross_class,train/meningioma/brisc2025_train_02400_me_sa_t1.jpg,394
train/glioma/brisc2025_train_01068_gl_sa_t1.jpg,train/meningioma/brisc2025_train_02298_me_sa_t1.jpg,f7d0f51618225578e6ba426a4bc8306e9c500b231876a0760ffee3702a7863da,aa8642ef51365dd122024aa54621be250a86d01b3ce82ac00caf4f492a381505,4,False,True,False,,,,True,False,1_cross_class,,403
train/glioma/brisc2025_train_01069_gl_sa_t1.jpg,train/meningioma/brisc2025_train_02298_me_sa_t1.jpg,ae4585b2de09ad615afde955b013ee2982d41bca5e3d75398037208105a46801,aa8642ef51365dd122024aa54621be250a86d01b3ce82ac00caf4f492a381505,4,False,True,False,,,,True,False,1_cross_class,,403
train/glioma/brisc2025_train_01089_gl_sa_t1.jpg,train/meningioma/brisc2025_train_02280_me_sa_t1.jpg,0752579b683b46989a363a8f7adc88e89d2287b07d8eff7946cb1fd51adb22d3,fd5ae8ca80af53eadf86a19a5e28e90710cc795a48df9d68052fdf771bbbd274,4,False,True,False,,,,True,False,1_cross_class,train/meningioma/brisc2025_train_02280_me_sa_t1.jpg,189
test/meningioma/brisc2025_test_00255_me_ax_t1.jpg,train/meningioma/brisc2025_train_01261_me_ax_t1.jpg,39cabdc25d698ca1fbb4db79efa72184c0f92d854c553ee098d74ccbcfa38fef,560ac96dc3f7ab9c6b84af2cb3f6a4a7f510b75e865bafeaa95f705992846861,0,False,False,True,,,,True,True,2_cross_split,test/meningioma/brisc2025_test_00255_me_ax_t1.jpg,67
test/meningioma/brisc2025_test_00257_me_ax_t1.jpg,train/meningioma/brisc2025_train_01256_me_ax_t1.jpg,287e57e51279330fe35b02999f3e99c4a8d71a2982384edeb6dc21e65e69c853,eca47283498dca90a78adbac146a0c95a7352e944d7364f3d3f46adf4c60357d,0,False,False,True,,,,False,False,2_cross_split,test/meningioma/brisc2025_test_00257_me_ax_t1.jpg,69
test/meningioma/brisc2025_test_00257_me_ax_t1.jpg,train/meningioma/brisc2025_train_01402_me_ax_t1.jpg,287e57e51279330fe35b02999f3e99c4a8d71a2982384edeb6dc21e65e69c853,7145b21317f3aaaf1d5d68132cbaaca5b7cdf4042e1b7ecf3c4c95b405a06655,0,False,False,True,,,,True,True,2_cross_split,,69
test/meningioma/brisc2025_test_00258_me_ax_t1.jpg,train/meningioma/brisc2025_train_01379_me_ax_t1.jpg,c0ad227c9b3d1537b9264900413e3fe0a3ffdcded65a531450f1ba895ae1f8e2,29f768db76550147701feec1b895611e5bf285b3d7908187ce65e1c7d1609ddc,0,False,False,True,,,,True,True,2_cross_split,test/meningioma/brisc2025_test_00258_me_ax_t1.jpg,70
test/meningioma/brisc2025_test_00259_me_ax_t1.jpg,train/meningioma/brisc2025_train_01381_me_ax_t1.jpg,bd050c09c3c01a44d48094de9b613423722725e6af36246c60952b9f5c45c729,995eefcf311b352e0f1e8855db68f9c40e8aa033f422663b715860c76aa4b1db,0,False,False,True,,,,True,True,2_cross_split,test/meningioma/brisc2025_test_00259_me_ax_t1.jpg,71
test/meningioma/brisc2025_test_00260_me_ax_t1.jpg,train/meningioma/brisc2025_train_01383_me_ax_t1.jpg,75de2e313a9570e899b592d69c150554c350699b058d3410e2eea78c6db8dc9a,a47bcad5ac91f50b2fb3590b03fd0e575cc10f3a0c06c1d35a61f397b6efaf39,0,False,False,True,,,,True,True,2_cross_split,test/meningioma/brisc2025_test_00260_me_ax_t1.jpg,72
test/meningioma/brisc2025_test_00261_me_ax_t1.jpg,train/meningioma/brisc2025_train_01384_me_ax_t1.jpg,efbb74c524ab95fae4c5ff626880c4a7f23d066111ff682ae04c32b5c422af13,b7e81c22bf6e933905cee1abef434f59f4f597b36e290ed1952c8adf3e23652b,0,False,False,True,,,,True,True,2_cross_split,,73
test/meningioma/brisc2025_test_00262_me_ax_t1.jpg,train/meningioma/brisc2025_train_01247_me_ax_t1.jpg,86847c6a4729a4b19bf1b3f58905c68812c6f75ea680c0ccb1621b94e165d16f,24f09f91af40e42f2798bbc29df353ce17e6a0c0b533fb923b2fa8f75df6b496,0,False,False,True,,,,True,True,2_cross_split,test/meningioma/brisc2025_test_00262_me_ax_t1.jpg,74
test/meningioma/brisc2025_test_00262_me_ax_t1.jpg,train/meningioma/brisc2025_train_01268_me_ax_t1.jpg,86847c6a4729a4b19bf1b3f58905c68812c6f75ea680c0ccb1621b94e165d16f,24f09f91af40e42f2798bbc29df353ce17e6a0c0b533fb923b2fa8f75df6b496,0,False,False,True,,,,True,True,2_cross_split,,74
test/meningioma/brisc2025_test_00262_me_ax_t1.jpg,train/meningioma/brisc2025_train_01386_me_ax_t1.jpg,86847c6a4729a4b19bf1b3f58905c68812c6f75ea680c0ccb1621b94e165d16f,24f09f91af40e42f2798bbc29df353ce17e6a0c0b533fb923b2fa8f75df6b496,0,False,False,True,,,,True,True,2_cross_split,,74
test/meningioma/brisc2025_test_00263_me_ax_t1.jpg,train/meningioma/brisc2025_train_01262_me_ax_t1.jpg,0b2a2b578be6b8a5a897047a580f4c331a4ce7999585866bb41e22e46c536cd2,96c69ebadfc6c5a736937c6bdf11983ebf111d0cd9f738b1c1aafa96dc61f551,0,False,False,True,,,,True,True,2_cross_split,test/meningioma/brisc2025_test_00263_me_ax_t1.jpg,75
test/meningioma/brisc2025_test_00264_me_ax_t1.jpg,train/meningioma/brisc2025_train_01249_me_ax_t1.jpg,41bc0c7b4079d2fa8df7b97827a1d9fae68706e6c6457f43186d583da94c6df2,9caa6d599f0ac5f111c5d81e3ac9c67be237310a05cad476d63e111b31725152,0,False,False,True,,,,True,True,2_cross_split,test/meningioma/brisc2025_test_00264_me_ax_t1.jpg,76
test/meningioma/brisc2025_test_00265_me_ax_t1.jpg,train/meningioma/brisc2025_train_01250_me_ax_t1.jpg,80954652d15d172bfeddcc5cfbfef504b221e9c5378bbb195a06b2b6c486ce3f,ae8aa3c5ee2590c27b3ce8b795ee1d76d399da54bb4682fe01ea50f8fd15aac7,0,False,False,True,,,,True,True,2_cross_split,test/meningioma/brisc2025_test_00265_me_ax_t1.jpg,77
test/meningioma/brisc2025_test_00265_me_ax_t1.jpg,train/meningioma/brisc2025_train_01294_me_ax_t1.jpg,80954652d15d172bfeddcc5cfbfef504b221e9c5378bbb195a06b2b6c486ce3f,f9d94f5dbe03a80e7725fbfd4927ef965bf852983da2497e40addfab16c94a3e,0,False,False,True,,,,False,False,2_cross_split,,77
test/meningioma/brisc2025_test_00266_me_ax_t1.jpg,train/meningioma/brisc2025_train_01252_me_ax_t1.jpg,8af45389729b1c164ceb212484e338aa6981922aaf14c78afc1d28762b19b2c9,6ad9d32cdae2045bb1b09e49987220483033847ecd38c2a369a63bf4fab0194c,0,False,False,True,,,,True,True,2_cross_split,test/meningioma/brisc2025_test_00266_me_ax_t1.jpg,78
test/meningioma/brisc2025_test_00267_me_ax_t1.jpg,train/meningioma/brisc2025_train_01256_me_ax_t1.jpg,d122fa995de9d5266344d97c7e2d6973210911f4c8e549575c873b82aee3ae2a,eca47283498dca90a78adbac146a0c95a7352e944d7364f3d3f46adf4c60357d,0,False,False,True,,,,True,False,2_cross_split,test/meningioma/brisc2025_test_00267_me_ax_t1.jpg,69
test/meningioma/brisc2025_test_00267_me_ax_t1.jpg,train/meningioma/brisc2025_train_01402_me_ax_t1.jpg,d122fa995de9d5266344d97c7e2d6973210911f4c8e549575c873b82aee3ae2a,7145b21317f3aaaf1d5d68132cbaaca5b7cdf4042e1b7ecf3c4c95b405a06655,0,False,False,True,,,,False,False,2_cross_split,,69
test/meningioma/brisc2025_test_00269_me_ax_t1.jpg,train/meningioma/brisc2025_train_01263_me_ax_t1.jpg,6f41b1588a32f33ec72b5d3a277d2a84a3bbc7b030b50dd54b3733f75653e926,faf979dc936e8bdda191a2af8b4790136ff54f4e9a3319ffaa9f06a3c8216b17,0,False,False,True,,,,True,True,2_cross_split,test/meningioma/brisc2025_test_00269_me_ax_t1.jpg,79
test/meningioma/brisc2025_test_00270_me_ax_t1.jpg,train/meningioma/brisc2025_train_01264_me_ax_t1.jpg,3b2ba8de971d62969e17bbb638dd8ab6ae3d3aa87edacaf28918e9ce8eb95dd9,704920b952a5b39458c8878301a01e0a109fbdd81f06c502346f6c03913de5ca,0,False,False,True,,,,True,True,2_cross_split,test/meningioma/brisc2025_test_00270_me_ax_t1.jpg,80
test/meningioma/brisc2025_test_00271_me_ax_t1.jpg,train/meningioma/brisc2025_train_01246_me_ax_t1.jpg,bb916ba7fe525b5ba8f325bdfb2941bbb9119c84f0ae3662a59bcd342679cfe8,4951f7ba2e002020c835b3f50136c3249f3ae004624b35a262e65dd431d70e56,0,False,False,True,,,,False,False,2_cross_split,test/meningioma/brisc2025_test_00271_me_ax_t1.jpg,81
test/meningioma/brisc2025_test_00271_me_ax_t1.jpg,train/meningioma/brisc2025_train_01265_me_ax_t1.jpg,bb916ba7fe525b5ba8f325bdfb2941bbb9119c84f0ae3662a59bcd342679cfe8,8fa0f1b0bad36d5bd71216ede76d56161464a390dd2600b0b1cbb81038188c39,0,False,False,True,,,,True,True,2_cross_split,,81
test/meningioma/brisc2025_test_00271_me_ax_t1.jpg,train/meningioma/brisc2025_train_01302_me_ax_t1.jpg,bb916ba7fe525b5ba8f325bdfb2941bbb9119c84f0ae3662a59bcd342679cfe8,4951f7ba2e002020c835b3f50136c3249f3ae004624b35a262e65dd431d70e56,0,False,False,True,,,,False,False,2_cross_split,,81
test/meningioma/brisc2025_test_00272_me_ax_t1.jpg,train/meningioma/brisc2025_train_01254_me_ax_t1.jpg,b8a42737f41cb71d02cc8f6ea840c15f91ec938639d089be773149eb7cd878a6,1db9c81ca21c0ec3f145865ef84c439d9e3fd951b8478cef6a3a2d31a6e7c5d1,0,False,False,True,,,,True,True,2_cross_split,test/meningioma/brisc2025_test_00272_me_ax_t1.jpg,82
test/meningioma/brisc2025_test_00272_me_ax_t1.jpg,train/meningioma/brisc2025_train_01293_me_ax_t1.jpg,b8a42737f41cb71d02cc8f6ea840c15f91ec938639d089be773149eb7cd878a6,e6ca19cc14a4c5dfaee656165c5b8c93608ab5adb96c354b15fec32fd3249857,0,False,False,True,,,,False,False,2_cross_split,,82
test/meningioma/brisc2025_test_00273_me_ax_t1.jpg,train/meningioma/brisc2025_train_01266_me_ax_t1.jpg,49938c1a7f37ea232898c06615f57fef3e9a8a464c93a20206394a1aa2360e46,bdcb36433384ba17ee22c69a3e4f9149b20b69ecd85dd272a80dda704aff0aa8,0,False,False,True,,,,True,True,2_cross_split,test/meningioma/brisc2025_test_00273_me_ax_t1.jpg,83
test/meningioma/brisc2025_test_00274_me_ax_t1.jpg,train/meningioma/brisc2025_train_01267_me_ax_t1.jpg,535e5fd3284fb948f3b07147480899b2df00c0705e3ff3e5808d96bd30be2057,556f561ec1c7743e7a8dfec5de7d34c0ab28e60352c21c677b2bb7354baeff1f,0,False,False,True,,,,True,True,2_cross_split,test/meningioma/brisc2025_test_00274_me_ax_t1.jpg,84
test/meningioma/brisc2025_test_00275_me_ax_t1.jpg,train/meningioma/brisc2025_train_01247_me_ax_t1.jpg,86847c6a4729a4b19bf1b3f58905c68812c6f75ea680c0ccb1621b94e165d16f,24f09f91af40e42f2798bbc29df353ce17e6a0c0b533fb923b2fa8f75df6b496,0,False,False,True,,,,True,True,2_cross_split,,74
test/meningioma/brisc2025_test_00275_me_ax_t1.jpg,train/meningioma/brisc2025_train_01268_me_ax_t1.jpg,86847c6a4729a4b19bf1b3f58905c68812c6f75ea680c0ccb1621b94e165d16f,24f09f91af40e42f2798bbc29df353ce17e6a0c0b533fb923b2fa8f75df6b496,0,False,False,True,,,,True,True,2_cross_split,,74
test/meningioma/brisc2025_test_00275_me_ax_t1.jpg,train/meningioma/brisc2025_train_01386_me_ax_t1.jpg,86847c6a4729a4b19bf1b3f58905c68812c6f75ea680c0ccb1621b94e165d16f,24f09f91af40e42f2798bbc29df353ce17e6a0c0b533fb923b2fa8f75df6b496,0,False,False,True,,,,True,True,2_cross_split,,74
test/meningioma/brisc2025_test_00276_me_ax_t1.jpg,train/meningioma/brisc2025_train_01269_me_ax_t1.jpg,b31d723ab6491c8da12fddc8b756b398e5f35cf08f063f092b1a8c7cbc2d78c3,f260fc621e5ae555a5eaaab2dcb29d491386a3849191b0ff9556bdf18a5ada76,0,False,False,True,,,,True,True,2_cross_split,test/meningioma/brisc2025_test_00276_me_ax_t1.jpg,85
test/meningioma/brisc2025_test_00276_me_ax_t1.jpg,train/meningioma/brisc2025_train_01291_me_ax_t1.jpg,b31d723ab6491c8da12fddc8b756b398e5f35cf08f063f092b1a8c7cbc2d78c3,e465760e8b0ca460951cfa70174020194061c32793bc236212be4280a8b25a6e,0,False,False,True,,,,False,False,2_cross_split,,85
test/meningioma/brisc2025_test_00278_me_ax_t1.jpg,train/meningioma/brisc2025_train_01271_me_ax_t1.jpg,4b341616b6b9a8c0060988aa8174ee101aca4f96ae8007a2df0137ff2c33d5dd,7ae82ad05ee2fd7dc4d6ee5f4793ac4fc8c416bba68b698a2df7d59d76b1cd2b,0,False,False,True,,,,True,True,2_cross_split,test/meningioma/brisc2025_test_00278_me_ax_t1.jpg,87
test/meningioma/brisc2025_test_00279_me_ax_t1.jpg,train/meningioma/brisc2025_train_01272_me_ax_t1.jpg,4cc66638107c582da061fb013badc87dfb5dbdb94deee50550a5df8b967d9947,3f485834e521c740f298d16190f0afa1209a0e2d01080015ca6a8b5f3febe1fe,0,False,False,True,,,,True,True,2_cross_split,test/meningioma/brisc2025_test_00279_me_ax_t1.jpg,88
test/meningioma/brisc2025_test_00280_me_ax_t1.jpg,train/meningioma/brisc2025_train_01273_me_ax_t1.jpg,87886ae7a7ec7535a975fa0b267d5889a995699a4fd5d7672f5a7346659dff38,df42fa96f4e750ec67b95889f912770e0408328899912b9497691c99e3fb63c3,0,False,False,True,,,,True,True,2_cross_split,test/meningioma/brisc2025_test_00280_me_ax_t1.jpg,89
test/meningioma/brisc2025_test_00282_me_ax_t1.jpg,train/meningioma/brisc2025_train_01274_me_ax_t1.jpg,cdc4d724a668388abc3657213ea91c3e8d849b2c7e155dc4676ca38a4396b618,7cfaba22355b770b309b9e019fb8a86ad4e3f22f16c00b6c003940435bb8a913,0,False,False,True,,,,True,True,2_cross_split,test/meningioma/brisc2025_test_00282_me_ax_t1.jpg,90
test/meningioma/brisc2025_test_00283_me_ax_t1.jpg,train/meningioma/brisc2025_train_01275_me_ax_t1.jpg,935ba7f0696adb99b0bc47bd75e6ae0ae86426d1fb6922dac8b9569ddaea8a16,c4eae93e7fb065a8f96e0c916bced76f23e218331d5c540451200114f1dc4084,0,False,False,True,,,,True,True,2_cross_split,test/meningioma/brisc2025_test_00283_me_ax_t1.jpg,91
test/meningioma/brisc2025_test_00284_me_ax_t1.jpg,train/meningioma/brisc2025_train_01255_me_ax_t1.jpg,ca02d2e726540598237ff366f8a9d4078f5f045bc85b2a996c8c044228fb8cf7,d3dc17e9beb57b30ad2dee3323cb2a7a7e893bcc0666b7938600f71decf5fb39,0,False,False,True,,,,True,True,2_cross_split,test/meningioma/brisc2025_test_00284_me_ax_t1.jpg,92
test/meningioma/brisc2025_test_00286_me_ax_t1.jpg,train/meningioma/brisc2025_train_01278_me_ax_t1.jpg,6a86bd97e2f696c93ab917bef8d9bf7ed7d151237e3bc437aedb265b793c0697,8ae6b462e807908c4ee9ed56dfedef1c5e0151e543d820be29803cd56e4c38ba,0,False,False,True,,,,True,True,2_cross_split,test/meningioma/brisc2025_test_00286_me_ax_t1.jpg,93
test/meningioma/brisc2025_test_00287_me_ax_t1.jpg,train/meningioma/brisc2025_train_01279_me_ax_t1.jpg,ba6bb4c25be87a339ccfda7a83e3d3018a19a9f2d7d53321c9dcf7a41d7134ee,ce8b974baddb2dc8bac4115b3f5c9c3006cd7a0134c3722906ef5c08d3294150,0,False,False,True,,,,True,True,2_cross_split,,82
test/meningioma/brisc2025_test_00288_me_ax_t1.jpg,train/meningioma/brisc2025_train_01257_me_ax_t1.jpg,96d13f31ce2855d42059c938bca3fbe684753e76f98c67d0d9aaae0e8d0fbd90,820dbfd9b7449559802740a08ded8d506dbbad2abdda7293d3595bd9dcf4e746,0,False,False,True,,,,True,True,2_cross_split,test/meningioma/brisc2025_test_00288_me_ax_t1.jpg,94
test/meningioma/brisc2025_test_00289_me_ax_t1.jpg,train/meningioma/brisc2025_train_01281_me_ax_t1.jpg,560108cf47bf68a25d59b30642274cf8a2eef0596e6ce275e878652c3ab65f0d,62de21ad35edc274140c0f364d02f6e9117af8dc98e56e344bce8b219657197b,0,False,False,True,,,,True,True,2_cross_split,test/meningioma/brisc2025_test_00289_me_ax_t1.jpg,95
test/meningioma/brisc2025_test_00290_me_ax_t1.jpg,train/meningioma/brisc2025_train_01282_me_ax_t1.jpg,b576353f83cb34f2c43fc58122209388e2a12e64864e9b967d496ff79bb10927,989297d05b6c7b2c798c7efeccfff51fdf412e9e774b87cbe25d9f3909d49111,0,False,False,True,,,,True,True,2_cross_split,test/meningioma/brisc2025_test_00290_me_ax_t1.jpg,96
test/meningioma/brisc2025_test_00291_me_ax_t1.jpg,train/meningioma/brisc2025_train_01283_me_ax_t1.jpg,32aeabe5bd8a77001d06adbb24a0c1727d110692d91e6a5143251f9719696b58,6dd5943d1831c3b133d5e8cbe5a3f87087256db4ac6af3e8878df2a0255efc87,0,False,False,True,,,,True,True,2_cross_split,test/meningioma/brisc2025_test_00291_me_ax_t1.jpg,97
test/meningioma/brisc2025_test_00292_me_ax_t1.jpg,train/meningioma/brisc2025_train_01284_me_ax_t1.jpg,9cae4b313ce3331190a0d872b36cd7b023737156a29c681e13ef9384828478f9,ac3b5057b4ed5d49532b1a442243bdb6cc9e5ccf417421c0a0fbf7478a50c504,0,False,False,True,,,,True,True,2_cross_split,test/meningioma/brisc2025_test_00292_me_ax_t1.jpg,98
test/meningioma/brisc2025_test_00293_me_ax_t1.jpg,train/meningioma/brisc2025_train_01285_me_ax_t1.jpg,8e3337290795e87f60d3aae62e5dc24891c709967907fb85545364a8682a368b,4c3af3bbaa0e4fef239bd973509aeda877af2ba720a3d469a1d5438a9e55a910,0,False,False,True,,,,True,True,2_cross_split,test/meningioma/brisc2025_test_00293_me_ax_t1.jpg,99
test/meningioma/brisc2025_test_00294_me_ax_t1.jpg,train/meningioma/brisc2025_train_01258_me_ax_t1.jpg,85810ba8cb4b872c9b258e404db14581906135c54f678bc4ea4d8c706f8530af,e4fcd381c28ede0f3199c3968f487571669726be146fe0ff4daa2a6716858a8a,0,False,False,True,,,,True,True,2_cross_split,test/meningioma/brisc2025_test_00294_me_ax_t1.jpg,100
test/meningioma/brisc2025_test_00295_me_ax_t1.jpg,train/meningioma/brisc2025_train_01286_me_ax_t1.jpg,2879fe07fda1859fa38e6b675d8fb6cb92addc19a467a5a66c4834e345734752,2675eef8145df6693b593880acefd680b77d1fdb3d719ed36fc478f54baea924,0,False,False,True,,,,True,True,2_cross_split,test/meningioma/brisc2025_test_00295_me_ax_t1.jpg,101
test/meningioma/brisc2025_test_00298_me_ax_t1.jpg,train/meningioma/brisc2025_train_01287_me_ax_t1.jpg,b328f1679bf050f684a0a1f3b33805551b2ad2858a604308dee607c4643b3571,301c9f4242d3f7208d7099e307f6de9865b31d6b9d6d71a76e52344e9b84e90e,0,False,False,True,,,,True,True,2_cross_split,test/meningioma/brisc2025_test_00298_me_ax_t1.jpg,102
test/meningioma/brisc2025_test_00299_me_ax_t1.jpg,train/meningioma/brisc2025_train_01288_me_ax_t1.jpg,49c810e7ddca052ccb178d3cdd4cec11a9f80f06e091d0672fcb522a0b7fea47,5186f1029b7a4afa09dd8160cc196617d6950e8230e164e73598263736be95b2,0,False,False,True,,,,True,False,2_cross_split,test/meningioma/brisc2025_test_00299_me_ax_t1.jpg,103
test/meningioma/brisc2025_test_00300_me_ax_t1.jpg,train/meningioma/brisc2025_train_01289_me_ax_t1.jpg,960bb35fb0e7a91fba080e7b48cf93de2f16cec883d25c2579c0d170dc599b20,5cb7df105e6f8ded5c798d540089ec9e5170b068992d8451881f872bcd46c41c,0,False,False,True,,,,True,True,2_cross_split,test/meningioma/brisc2025_test_00300_me_ax_t1.jpg,104
test/meningioma/brisc2025_test_00301_me_ax_t1.jpg,train/meningioma/brisc2025_train_01259_me_ax_t1.jpg,52f5ab2cd9062f8345c03115db0773650ebae255d3f2c8561a9f2336cabbb5a8,37f56b108bf51b46843a02ee76d310daebdf2d9fcbbd0d8554514689203b7d90,0,False,False,True,,,,True,True,2_cross_split,test/meningioma/brisc2025_test_00301_me_ax_t1.jpg,105
test/meningioma/brisc2025_test_00302_me_ax_t1.jpg,train/meningioma/brisc2025_train_01269_me_ax_t1.jpg,a63f2866a725f2b4a72deebd9399962fa5fd20a0a5a7b3c571bd97ba1365c857,f260fc621e5ae555a5eaaab2dcb29d491386a3849191b0ff9556bdf18a5ada76,0,False,False,True,,,,False,False,2_cross_split,test/meningioma/brisc2025_test_00302_me_ax_t1.jpg,85
test/meningioma/brisc2025_test_00302_me_ax_t1.jpg,train/meningioma/brisc2025_train_01291_me_ax_t1.jpg,a63f2866a725f2b4a72deebd9399962fa5fd20a0a5a7b3c571bd97ba1365c857,e465760e8b0ca460951cfa70174020194061c32793bc236212be4280a8b25a6e,0,False,False,True,,,,True,True,2_cross_split,,85
test/meningioma/brisc2025_test_00303_me_ax_t1.jpg,train/meningioma/brisc2025_train_01292_me_ax_t1.jpg,51052c8439701c2832aaa26111104f4f7e03c0c99641205ee29cea957bf44a35,deaee0ac0187be63718484cd3a6bdc76a6bbdfedc10ea56e36045feb624bb24d,0,False,False,True,,,,True,True,2_cross_split,test/meningioma/brisc2025_test_00303_me_ax_t1.jpg,106
test/meningioma/brisc2025_test_00304_me_ax_t1.jpg,train/meningioma/brisc2025_train_01254_me_ax_t1.jpg,189c6dfd75947dadad4abd3daff45ce9d5b1909c9eea812d796eca85896f39e2,1db9c81ca21c0ec3f145865ef84c439d9e3fd951b8478cef6a3a2d31a6e7c5d1,0,False,False,True,,,,False,False,2_cross_split,test/meningioma/brisc2025_test_00304_me_ax_t1.jpg,82
test/meningioma/brisc2025_test_00304_me_ax_t1.jpg,train/meningioma/brisc2025_train_01293_me_ax_t1.jpg,189c6dfd75947dadad4abd3daff45ce9d5b1909c9eea812d796eca85896f39e2,e6ca19cc14a4c5dfaee656165c5b8c93608ab5adb96c354b15fec32fd3249857,0,False,False,True,,,,True,True,2_cross_split,,82
test/meningioma/brisc2025_test_00305_me_ax_t1.jpg,train/meningioma/brisc2025_train_01250_me_ax_t1.jpg,bf179c5981986242a58d0c3b3ddb9ec1a487e89979c9b8346d2412cc792b20d7,ae8aa3c5ee2590c27b3ce8b795ee1d76d399da54bb4682fe01ea50f8fd15aac7,0,False,False,True,,,,False,False,2_cross_split,test/meningioma/brisc2025_test_00305_me_ax_t1.jpg,77
test/meningioma/brisc2025_test_00305_me_ax_t1.jpg,train/meningioma/brisc2025_train_01294_me_ax_t1.jpg,bf179c5981986242a58d0c3b3ddb9ec1a487e89979c9b8346d2412cc792b20d7,f9d94f5dbe03a80e7725fbfd4927ef965bf852983da2497e40addfab16c94a3e,0,False,False,True,,,,True,True,2_cross_split,,77
test/meningioma/brisc2025_test_00306_me_ax_t1.jpg,train/meningioma/brisc2025_train_01295_me_ax_t1.jpg,0e0691ddbafbb3de52d589c410cadc2279466b3a5d085c9af34140d407062f73,9ef07d315f8bb789b47f544050569f2b3403ccfe603daf97f037b46f691a28d1,0,False,False,True,,,,True,True,2_cross_split,test/meningioma/brisc2025_test_00306_me_ax_t1.jpg,107
test/meningioma/brisc2025_test_00307_me_ax_t1.jpg,train/meningioma/brisc2025_train_01296_me_ax_t1.jpg,20c540c392630d5bba27c8a6c47a1933df2a9803135b061ef80652904e810432,e29bcad3a9669e308de687b578cb0b414b4fd17020fc63b1f350b06026337139,0,False,False,True,,,,True,True,2_cross_split,test/meningioma/brisc2025_test_00307_me_ax_t1.jpg,108
test/meningioma/brisc2025_test_00308_me_ax_t1.jpg,train/meningioma/brisc2025_train_01297_me_ax_t1.jpg,776c01ae38336a0f10e1f54fc77e2f307a60c904daaf11713015db72378c54f8,f1871bee9eb8abe560678ed1f1242f4b1e92dc78b99b183e9ac69ad7f147f8f4,0,False,False,True,,,,True,True,2_cross_split,test/meningioma/brisc2025_test_00308_me_ax_t1.jpg,109
test/meningioma/brisc2025_test_00309_me_ax_t1.jpg,train/meningioma/brisc2025_train_01298_me_ax_t1.jpg,3f176b81b6978f4ba31f8414f7169886e0f8774ff831551d58929832c593e5cd,2e27f1fa36558c2356b50a6f437d33f07c9187b3adcba56977e04aa6f30b3d68,0,False,False,True,,,,True,True,2_cross_split,test/meningioma/brisc2025_test_00309_me_ax_t1.jpg,110
test/meningioma/brisc2025_test_00310_me_ax_t1.jpg,train/meningioma/brisc2025_train_01299_me_ax_t1.jpg,7912b475d4fe70819a6982a63f4487ade1f9ea600b1bdf99c60c1019facd9e02,20b8d58afcccf5666c37e7daed3ebbbcd71665ee7f87b4d3ca502705beb7e1e4,0,False,False,True,,,,True,True,2_cross_split,test/meningioma/brisc2025_test_00310_me_ax_t1.jpg,111
test/meningioma/brisc2025_test_00311_me_ax_t1.jpg,train/meningioma/brisc2025_train_01300_me_ax_t1.jpg,59d5ca6397cbfb618d05b0e240b138fb61c3f3832b6a70b3f7b9a96806ef4582,8a78218d3ea57c7e537c14609d48154a1cee9748243fff43f287db8c1957d11f,0,False,False,True,,,,True,True,2_cross_split,test/meningioma/brisc2025_test_00311_me_ax_t1.jpg,112
test/meningioma/brisc2025_test_00312_me_ax_t1.jpg,train/meningioma/brisc2025_train_01260_me_ax_t1.jpg,88db6aa1c085c4ed123b0550eb95f25d13bcd1ea4d0f23a44fb469ff8ae49540,df3b60233bc68318448f9d2cc3ca4cfffe663807569eae0dc839e3a97d262117,0,False,False,True,,,,True,True,2_cross_split,test/meningioma/brisc2025_test_00312_me_ax_t1.jpg,113
test/meningioma/brisc2025_test_00313_me_ax_t1.jpg,train/meningioma/brisc2025_train_01246_me_ax_t1.jpg,67783a1aeb696e36c1be2bc1af3c0a02d3f61d32248b5bfa2840b22a72b8484e,4951f7ba2e002020c835b3f50136c3249f3ae004624b35a262e65dd431d70e56,0,False,False,True,,,,True,True,2_cross_split,test/meningioma/brisc2025_test_00313_me_ax_t1.jpg,81
test/meningioma/brisc2025_test_00313_me_ax_t1.jpg,train/meningioma/brisc2025_train_01265_me_ax_t1.jpg,67783a1aeb696e36c1be2bc1af3c0a02d3f61d32248b5bfa2840b22a72b8484e,8fa0f1b0bad36d5bd71216ede76d56161464a390dd2600b0b1cbb81038188c39,0,False,False,True,,,,False,False,2_cross_split,,81
test/meningioma/brisc2025_test_00313_me_ax_t1.jpg,train/meningioma/brisc2025_train_01302_me_ax_t1.jpg,67783a1aeb696e36c1be2bc1af3c0a02d3f61d32248b5bfa2840b22a72b8484e,4951f7ba2e002020c835b3f50136c3249f3ae004624b35a262e65dd431d70e56,0,False,False,True,,,,True,True,2_cross_split,,81
test/meningioma/brisc2025_test_00314_me_ax_t1.jpg,train/meningioma/brisc2025_train_01303_me_ax_t1.jpg,65a902fcdd43caafbfd32f996cda5eb70f49870ae04b457e63b4e12149168225,f3fec5bf88028bff924a9866b3efc5711b6a4f4f1bce52692ddef89db1d2996b,0,False,False,True,,,,True,True,2_cross_split,test/meningioma/brisc2025_test_00314_me_ax_t1.jpg,73
test/meningioma/brisc2025_test_00315_me_ax_t1.jpg,train/meningioma/brisc2025_train_01304_me_ax_t1.jpg,9d77e3a05ebb113dabfd559fb0840079b9fbd2d7ee52002f4dfccba75f2dbe71,f3d00bbb942117c2fb62466414d3c466ca283b678200fe87424e4128b80b2dba,0,False,False,True,,,,True,True,2_cross_split,test/meningioma/brisc2025_test_00315_me_ax_t1.jpg,114
test/meningioma/brisc2025_test_00316_me_ax_t1.jpg,train/meningioma/brisc2025_train_01313_me_ax_t1.jpg,19f85781d3642a0c0a9d3831265070195500ff2f41feb84cf72bb87b12060e7e,6b436fb29f9dd27c8e6a2f30c8d516947c3b856bad43c45b7722e8360e517cbf,0,False,False,True,,,,True,True,2_cross_split,,69
test/meningioma/brisc2025_test_00317_me_ax_t1.jpg,train/meningioma/brisc2025_train_01324_me_ax_t1.jpg,5ab5bc5e28a3587ddfd8561b8e78e74224eff95848411eb0405b39e5d516d34e,141138c436ee1cfc6ca00fbef0a6bebb18fd9fa799992f6ddd1b99d315c107df,0,False,False,True,,,,True,True,2_cross_split,test/meningioma/brisc2025_test_00317_me_ax_t1.jpg,115
test/meningioma/brisc2025_test_00318_me_ax_t1.jpg,train/meningioma/brisc2025_train_01335_me_ax_t1.jpg,bb624454b04721a0bfe7e06c9bd2288c233f848603d9ae719ba2b052f530634a,3e4fe94fcd8a70b5c029f7ea855604275ce818be383392b41ed37fb578678598,0,False,False,True,,,,True,True,2_cross_split,test/meningioma/brisc2025_test_00318_me_ax_t1.jpg,116
test/meningioma/brisc2025_test_00320_me_ax_t1.jpg,train/meningioma/brisc2025_train_01356_me_ax_t1.jpg,d92efa88092779d3c25197e69bdc238ff39cc37befc438b2a1a0f5cb5f1946d2,c70dc85daacdc0227c689b1945a83b0e026425721769070db8eb664bb274b569,0,False,False,True,,,,True,True,2_cross_split,test/meningioma/brisc2025_test_00320_me_ax_t1.jpg,118
test/meningioma/brisc2025_test_00321_me_ax_t1.jpg,train/meningioma/brisc2025_train_01367_me_ax_t1.jpg,c5ec0715901e8f65020aeb24537aa586c2b89574687d446b6cac805cfe2f85ab,6340faba2fff3a8e99b8a8a08805383f95adf276c2468136af37199cdbd87f33,0,False,False,True,,,,True,True,2_cross_split,test/meningioma/brisc2025_test_00321_me_ax_t1.jpg,119
test/meningioma/brisc2025_test_00322_me_ax_t1.jpg,train/meningioma/brisc2025_train_01378_me_ax_t1.jpg,1b806f154eeffce24b422bbcff1082ae4a02ff743378ebb3ff3c6aa9f6020a9b,c6c7b3131d20b2ffad95ed0821665cbb7ef9595b0f5c21478647a4bff22a7d15,0,False,False,True,,,,True,True,2_cross_split,test/meningioma/brisc2025_test_00322_me_ax_t1.jpg,86
test/meningioma/brisc2025_test_00323_me_ax_t1.jpg,train/meningioma/brisc2025_train_01253_me_ax_t1.jpg,096fe04df8baf322fa3033d1c8dcc769ce2c759d8872fba5f3b88646fa88b064,c4d0ad53156cd1b77ce696394ebcf92492e1b19990e350438eac561f282a7405,0,False,False,True,,,,True,True,2_cross_split,test/meningioma/brisc2025_test_00323_me_ax_t1.jpg,120
test/meningioma/brisc2025_test_00344_me_ax_t1.jpg,train/meningioma/brisc2025_train_01210_me_ax_t1.jpg,960155b05ea8f0ddcbcd3a5e29905c2a4b55832f03e5b7d6491c73955960d278,960155b05ea8f0ddcbcd3a5e29905c2a4b55832f03e5b7d6491c73955960d278,0,True,False,True,,,,True,True,2_cross_split,,131
test/meningioma/brisc2025_test_00352_me_ax_t1.jpg,train/meningioma/brisc2025_train_01304_me_ax_t1.jpg,f3d00bbb942117c2fb62466414d3c466ca283b678200fe87424e4128b80b2dba,f3d00bbb942117c2fb62466414d3c466ca283b678200fe87424e4128b80b2dba,0,True,False,True,,,,True,True,2_cross_split,,114
test/meningioma/brisc2025_test_00360_me_ax_t1.jpg,train/meningioma/brisc2025_train_01425_me_ax_t1.jpg,c88bc40e0c589e1ea9b44de21425d12e602dd8d9a46378cac609f9867acacd0a,ba26d02f1509302942f95c700fe0d657c70c029888020dd1aab74385a75087be,0,False,False,True,,,,True,False,2_cross_split,,134
test/meningioma/brisc2025_test_00393_me_co_t1.jpg,train/meningioma/brisc2025_train_01653_me_co_t1.jpg,bbc7b2a45a317370ec1115cf902927adfcb71d569c1cf413fc4d1fd68fcdb763,bd694839a7b18d8a031c43a2e76ea7603925ba43ac1349cf094d88e8c76ded6a,0,False,False,True,,,,True,True,2_cross_split,test/meningioma/brisc2025_test_00393_me_co_t1.jpg,149
test/meningioma/brisc2025_test_00394_me_co_t1.jpg,train/meningioma/brisc2025_train_01654_me_co_t1.jpg,10349e0d5645628fe11b685fdb2396ebb7100a8257cd5d8f1e488bb8d92c131b,dcdedbce322da66be987e07d9595a8ed0f27df8ab9c06e450299c87caf20ead7,0,False,False,True,,,,True,True,2_cross_split,test/meningioma/brisc2025_test_00394_me_co_t1.jpg,150
test/meningioma/brisc2025_test_00397_me_co_t1.jpg,train/meningioma/brisc2025_train_01655_me_co_t1.jpg,ea3bd80a786c4d44d3ed6c16fdcfd829fa7045d0227c623dc3ee1ef86f7adb39,80dc72314701e8e722242e0e012c4c67f3a6d38b61138a9a01e251ae779190a4,0,False,False,True,,,,True,True,2_cross_split,test/meningioma/brisc2025_test_00397_me_co_t1.jpg,152
test/meningioma/brisc2025_test_00398_me_co_t1.jpg,train/meningioma/brisc2025_train_01656_me_co_t1.jpg,065838e8c921af9cd741387fc62a1caf696e46c11fe15ac6ef95982cc9b74dee,9c8572b3fb29d4a2467cdd2a8ef06efadb3430358234296b9e3e9fd6d8b31a0f,0,False,False,True,,,,True,True,2_cross_split,test/meningioma/brisc2025_test_00398_me_co_t1.jpg,153
test/meningioma/brisc2025_test_00399_me_co_t1.jpg,train/meningioma/brisc2025_train_01657_me_co_t1.jpg,790486755f0d3a02e2de284d3b28d5c238080836afad61cfbd60b8b8bf9820d8,8014da7bd1038ca29824ab595a45f36d1bf1316872250c8c3110a05c74ac0d3b,0,False,False,True,,,,True,True,2_cross_split,test/meningioma/brisc2025_test_00399_me_co_t1.jpg,154
test/meningioma/brisc2025_test_00400_me_co_t1.jpg,train/meningioma/brisc2025_train_01658_me_co_t1.jpg,deb3cf8255416bd3f24f48f7159965f9e48b5b346e5b22a41b11f8a7f22edec7,32e43c129cf6fef5fecb82419213685e652d4dbc524f7c7f9d11c42b91c28fa9,0,False,False,True,,,,True,True,2_cross_split,test/meningioma/brisc2025_test_00400_me_co_t1.jpg,155
test/meningioma/brisc2025_test_00401_me_co_t1.jpg,train/meningioma/brisc2025_train_01659_me_co_t1.jpg,d42c2063d877d317380155375c55a3f736e1202e404cbfa0d4507bef3350f4e3,eb9fb089c64c264e1b69fa99df94d15eaeea7fe1e1abf02067a54bb2c7831900,0,False,False,True,,,,True,True,2_cross_split,test/meningioma/brisc2025_test_00401_me_co_t1.jpg,151
test/meningioma/brisc2025_test_00402_me_co_t1.jpg,train/meningioma/brisc2025_train_01660_me_co_t1.jpg,5c6da12069abad1ea0d958b7cbeec5b4ebed459dc9b1f2177246cc4e597b0b4b,45938b1b529e1075b171d940aabb0388b4f863984ab96af7879025f0b31a668c,0,False,False,True,,,,True,True,2_cross_split,test/meningioma/brisc2025_test_00402_me_co_t1.jpg,156
test/meningioma/brisc2025_test_00402_me_co_t1.jpg,train/meningioma/brisc2025_train_01664_me_co_t1.jpg,5c6da12069abad1ea0d958b7cbeec5b4ebed459dc9b1f2177246cc4e597b0b4b,ad80fb721b5d5ee5b77ff2e29e3473a54db92a5004c7de810fe1353e89a65d33,0,False,False,True,,,,False,False,2_cross_split,,156
test/meningioma/brisc2025_test_00404_me_co_t1.jpg,train/meningioma/brisc2025_train_01661_me_co_t1.jpg,066502884d443971d71836da239f41751eefdbb164af957947ad82fa6f584944,7efcd87636c28a674f2abf3bc6255eb1e786c12f40e794e4a3292c7381be4f66,0,False,False,True,,,,True,True,2_cross_split,test/meningioma/brisc2025_test_00404_me_co_t1.jpg,157
test/meningioma/brisc2025_test_00406_me_co_t1.jpg,train/meningioma/brisc2025_train_01662_me_co_t1.jpg,6ad191b6525adf85064c08ec3ab520ca7fc28acb73bd31781d54d8e03315e139,7aed0c5305f66cb3c67a0d617ef6e73e3f965cff91bedcc3bc074fba768d152e,0,False,False,True,,,,True,True,2_cross_split,test/meningioma/brisc2025_test_00406_me_co_t1.jpg,158
test/meningioma/brisc2025_test_00407_me_co_t1.jpg,train/meningioma/brisc2025_train_01663_me_co_t1.jpg,0d788a5156cb295ffdd9eefb5ca7f88a68d6e5e93fbee087d879d37a088c460a,e43e01934b68943651419d25cae4ccea04db2678db91b0e6a257c54732f920f8,0,False,False,True,,,,True,True,2_cross_split,test/meningioma/brisc2025_test_00407_me_co_t1.jpg,159
test/meningioma/brisc2025_test_00408_me_co_t1.jpg,train/meningioma/brisc2025_train_01660_me_co_t1.jpg,eadc6dd552a21452ea3a1f171e62f805c6f66927d6f8670961aac7e9495ded81,45938b1b529e1075b171d940aabb0388b4f863984ab96af7879025f0b31a668c,0,False,False,True,,,,False,False,2_cross_split,test/meningioma/brisc2025_test_00408_me_co_t1.jpg,156
test/meningioma/brisc2025_test_00408_me_co_t1.jpg,train/meningioma/brisc2025_train_01664_me_co_t1.jpg,eadc6dd552a21452ea3a1f171e62f805c6f66927d6f8670961aac7e9495ded81,ad80fb721b5d5ee5b77ff2e29e3473a54db92a5004c7de810fe1353e89a65d33,0,False,False,True,,,,True,True,2_cross_split,,156
test/meningioma/brisc2025_test_00414_me_co_t1.jpg,train/meningioma/brisc2025_train_01666_me_co_t1.jpg,664c8e8cd61fc28844149e95bf4c7b75bc9012d92869446f94d4dc8f8c7bece9,fcfe7634ac373c6839916f9cce74ce6369249bd96bd55aa3ae3d0050d2119410,0,False,False,True,,,,True,True,2_cross_split,test/meningioma/brisc2025_test_00414_me_co_t1.jpg,160
test/meningioma/brisc2025_test_00415_me_co_t1.jpg,train/meningioma/brisc2025_train_01667_me_co_t1.jpg,f55311fb8ccf1b86450233262bd00b176bd1c404e5849b59c0a3cd5e4440626b,e2c7bc9c2d735e5b584b329f5cda1aec1f2415b2972c4aa8efc8d0a61e61b280,0,False,False,True,,,,True,True,2_cross_split,test/meningioma/brisc2025_test_00415_me_co_t1.jpg,161
test/meningioma/brisc2025_test_00415_me_co_t1.jpg,train/meningioma/brisc2025_train_01668_me_co_t1.jpg,f55311fb8ccf1b86450233262bd00b176bd1c404e5849b59c0a3cd5e4440626b,e2c7bc9c2d735e5b584b329f5cda1aec1f2415b2972c4aa8efc8d0a61e61b280,0,False,False,True,,,,True,True,2_cross_split,,161
test/meningioma/brisc2025_test_00416_me_co_t1.jpg,train/meningioma/brisc2025_train_01667_me_co_t1.jpg,f55311fb8ccf1b86450233262bd00b176bd1c404e5849b59c0a3cd5e4440626b,e2c7bc9c2d735e5b584b329f5cda1aec1f2415b2972c4aa8efc8d0a61e61b280,0,False,False,True,,,,True,True,2_cross_split,,161
test/meningioma/brisc2025_test_00416_me_co_t1.jpg,train/meningioma/brisc2025_train_01668_me_co_t1.jpg,f55311fb8ccf1b86450233262bd00b176bd1c404e5849b59c0a3cd5e4440626b,e2c7bc9c2d735e5b584b329f5cda1aec1f2415b2972c4aa8efc8d0a61e61b280,0,False,False,True,,,,True,True,2_cross_split,,161
test/meningioma/brisc2025_test_00417_me_co_t1.jpg,train/meningioma/brisc2025_train_01669_me_co_t1.jpg,d50fe37de5cb0b6f97374864487a719fcaaca4e9ede3ef711b623314d64cdbc9,0393684019b077c8ca1612bffafae672b08a84ed5e66d5290eb93d541a9face9,0,False,False,True,,,,True,True,2_cross_split,,155
test/meningioma/brisc2025_test_00419_me_co_t1.jpg,train/meningioma/brisc2025_train_01670_me_co_t1.jpg,cf13d1ba3994cea11a9c3ff8df2934c324f15b393c6aadc20235c2eaa784ac9a,2f8546e485b635df17caf0595ffc29c1db3d87aaddc2681b8d6b6caa85ffd515,0,False,False,True,,,,True,True,2_cross_split,test/meningioma/brisc2025_test_00419_me_co_t1.jpg,162
test/meningioma/brisc2025_test_00420_me_co_t1.jpg,train/meningioma/brisc2025_train_01671_me_co_t1.jpg,8aaadd0f631a11d4e11796b9afc422aea41548c3b9607b338377f3002747101e,43d69187c66f53cf5bbfaad79bdeda18678b2bde8f1c144c051e4a8ae1f53fe5,0,False,False,True,,,,True,True,2_cross_split,test/meningioma/brisc2025_test_00420_me_co_t1.jpg,163
test/meningioma/brisc2025_test_00421_me_co_t1.jpg,train/meningioma/brisc2025_train_01672_me_co_t1.jpg,ce9682cf32ab75a300537fc7170a731c536079308142e167d949634b29034aec,9baac7589f86296c10c7ba8cc026cd6f975fea93d53a82991baff3fee28af182,0,False,False,True,,,,True,True,2_cross_split,test/meningioma/brisc2025_test_00421_me_co_t1.jpg,164
test/meningioma/brisc2025_test_00478_me_sa_t1.jpg,train/meningioma/brisc2025_train_02000_me_sa_t1.jpg,9dcd34c5328623dc7c0f06cbb7598017efbb3b6b59d3a70c099343922290de99,a70f40c8cfc4a3811c80f6f00cc80d890c602ccdd5cb610c4e77db115e2195c1,0,False,False,True,,,,True,True,2_cross_split,test/meningioma/brisc2025_test_00478_me_sa_t1.jpg,174
test/meningioma/brisc2025_test_00479_me_sa_t1.jpg,train/meningioma/brisc2025_train_02002_me_sa_t1.jpg,8288cd2152fc6daeaf7da557eca1d0f2e9e72367ee10b4c5e09248597637e82a,99f6632afb9629ee8b0f9994a819e797ff7f1513c471da4fda70e81420eb6f51,0,False,False,True,,,,True,True,2_cross_split,test/meningioma/brisc2025_test_00479_me_sa_t1.jpg,175
test/meningioma/brisc2025_test_00480_me_sa_t1.jpg,train/meningioma/brisc2025_train_02003_me_sa_t1.jpg,49123208b118fc9fea58265c4033396e264cbcac373ee2878076baf38aaf412b,4dee52eb749d6ef80648eb84b951b084a60543ad6e60e878bfb8c5d5dcfab4bd,0,False,False,True,,,,True,True,2_cross_split,test/meningioma/brisc2025_test_00480_me_sa_t1.jpg,176
test/meningioma/brisc2025_test_00481_me_sa_t1.jpg,train/meningioma/brisc2025_train_02004_me_sa_t1.jpg,64d6885599aa04ff6a12e8f961437ba39c355f66f67beac2992daedcf2f6e20e,44c5b942e58c6d70f1c96fdc7c9b3a0b960c2d41bb74546d96006f8d588c9b03,0,False,False,True,,,,True,True,2_cross_split,test/meningioma/brisc2025_test_00481_me_sa_t1.jpg,177
test/meningioma/brisc2025_test_00482_me_sa_t1.jpg,train/meningioma/brisc2025_train_02005_me_sa_t1.jpg,2c9f7f2d80eac2f53f5a58d8a45f5e29aa942b5f9899dffa56592aeec66c3975,887770a828d268a2487b833f31281d0291951557c1ecd96ed38f3e8966d0def0,0,False,False,True,,,,True,True,2_cross_split,test/meningioma/brisc2025_test_00482_me_sa_t1.jpg,178
test/meningioma/brisc2025_test_00483_me_sa_t1.jpg,train/meningioma/brisc2025_train_02006_me_sa_t1.jpg,b981ea69aea30d8a852c1eed9f64a190a101c6f2b9b1d26b16d0864251d5ecb9,fad1650afc5dc5512c9215f9f48dc1008498bba45510289e6df9922b120dcae7,0,False,False,True,,,,True,True,2_cross_split,test/meningioma/brisc2025_test_00483_me_sa_t1.jpg,179
test/meningioma/brisc2025_test_00484_me_sa_t1.jpg,train/meningioma/brisc2025_train_02007_me_sa_t1.jpg,1940c7f8e7f72ab5b9e674953238fcb4b63ccf6d3d320661e57511070655b5aa,09efecdd6ab7be71c5bce1f0b9d293ca126d1b49c5f1c7c6baff17a65fbbf8c9,0,False,False,True,,,,True,True,2_cross_split,test/meningioma/brisc2025_test_00484_me_sa_t1.jpg,180
test/meningioma/brisc2025_test_00485_me_sa_t1.jpg,train/meningioma/brisc2025_train_02008_me_sa_t1.jpg,d2e28f585c7aec0c59898578a258d64189c62a1845bde369407e3766b648d868,edaff90338db46c64d17412392dc68cd9493db0ebc3211c51a93021baa25ef09,0,False,False,True,,,,True,True,2_cross_split,test/meningioma/brisc2025_test_00485_me_sa_t1.jpg,181
test/meningioma/brisc2025_test_00486_me_sa_t1.jpg,train/meningioma/brisc2025_train_02009_me_sa_t1.jpg,862b1e94cca563591845710664be57fa2ce1bc18f317233d285f5b396c6cd27c,b6004e9d2015cbe1793941034ee633464ae0b57b9d91f01fdd1581640330a86d,0,False,False,True,,,,True,True,2_cross_split,,177
test/meningioma/brisc2025_test_00487_me_sa_t1.jpg,train/meningioma/brisc2025_train_02010_me_sa_t1.jpg,a8a63f4a08ad17bdb54d156f983114a023a2fbd000ec12e313d4ce0b945cef47,0660f704ba18060c2ad636f7e77b8ba9b775ac3116699c1bdf97499be215da10,0,False,False,True,,,,True,True,2_cross_split,test/meningioma/brisc2025_test_00487_me_sa_t1.jpg,182
test/meningioma/brisc2025_test_00488_me_sa_t1.jpg,train/meningioma/brisc2025_train_02011_me_sa_t1.jpg,a38b676439364d3256ea573bc1900a682b3d39a3d71cd58749ef42acc8c8a7d6,8e7f03d49cb8deaee3062b08512d7aa7c9dad950828678dd03fd076f0b3f3e88,0,False,False,True,,,,True,True,2_cross_split,test/meningioma/brisc2025_test_00488_me_sa_t1.jpg,183
test/meningioma/brisc2025_test_00489_me_sa_t1.jpg,train/meningioma/brisc2025_train_02012_me_sa_t1.jpg,d04c10c4f3530ea0dc96002c117a18ed2252afe362b935aec1c673eec7fa0b4b,f17a463d83cc7fa4f2608f3791009e6bc87d73118755ed6043adaa054d94b695,0,False,False,True,,,,True,True,2_cross_split,test/meningioma/brisc2025_test_00489_me_sa_t1.jpg,184
test/meningioma/brisc2025_test_00490_me_sa_t1.jpg,train/meningioma/brisc2025_train_02013_me_sa_t1.jpg,a147b1910d63258713da833522f6e321bed28401314d5248fbab73df9a46bcac,e06cbd846ceb5fc12ef5b7407d421fe2ed2641de68cdfc6ba64ea4bfa85d8fcc,0,False,False,True,,,,True,True,2_cross_split,test/meningioma/brisc2025_test_00490_me_sa_t1.jpg,185
test/meningioma/brisc2025_test_00491_me_sa_t1.jpg,train/meningioma/brisc2025_train_02014_me_sa_t1.jpg,03ce76b527d01938dde828aa4b9e3e882cee655017ea9ed27effa47790f184d2,0c7d71051f276819c1811d2cd311f32cf8c4618939f1f31bc7f64fb417950dbf,0,False,False,True,,,,True,True,2_cross_split,test/meningioma/brisc2025_test_00491_me_sa_t1.jpg,186
test/meningioma/brisc2025_test_00492_me_sa_t1.jpg,train/meningioma/brisc2025_train_02015_me_sa_t1.jpg,c1a08f474188d182e6243e1a4655f9731307c63399e7ada68048c588dfb990ed,5cf790ecbaf61047d2be14e69a561ed21192a69336555ddd0180096f75feb074,0,False,False,True,,,,True,True,2_cross_split,test/meningioma/brisc2025_test_00492_me_sa_t1.jpg,187
test/meningioma/brisc2025_test_00493_me_sa_t1.jpg,train/meningioma/brisc2025_train_02016_me_sa_t1.jpg,8238d1f576cd9a0d6fb599baa2dec1f08b8d9355412d1cf91db367a8729da07f,c8f4e6c756ce13736de8efe827079034e0265bd4dc9379f194c819c90dee49e1,0,False,False,True,,,,True,True,2_cross_split,test/meningioma/brisc2025_test_00493_me_sa_t1.jpg,188
test/pituitary/brisc2025_test_00737_pi_ax_t1.jpg,train/pituitary/brisc2025_train_03705_pi_ax_t1.jpg,39f4f7b252d7809d8d3d2e4521607de2195bf0f66c0592587b1cebd632aac640,39f4f7b252d7809d8d3d2e4521607de2195bf0f66c0592587b1cebd632aac640,0,True,False,True,,,,True,True,2_cross_split,,218
test/pituitary/brisc2025_test_00751_pi_ax_t1.jpg,train/pituitary/brisc2025_train_03749_pi_ax_t1.jpg,08690b76457b2b44d58682cece62ec951ef6d30d935ce07df852e97d44434680,08690b76457b2b44d58682cece62ec951ef6d30d935ce07df852e97d44434680,0,True,False,True,,,,True,True,2_cross_split,,224
test/pituitary/brisc2025_test_00825_pi_co_t1.jpg,train/pituitary/brisc2025_train_04176_pi_co_t1.jpg,3e802dd22f483ce4d442fe2c7f1890c1c810ec8c1131b364fd4e4593bf0f268a,3e802dd22f483ce4d442fe2c7f1890c1c810ec8c1131b364fd4e4593bf0f268a,0,True,False,True,,,,True,True,2_cross_split,,248
test/pituitary/brisc2025_test_00825_pi_co_t1.jpg,train/pituitary/brisc2025_train_04177_pi_co_t1.jpg,3e802dd22f483ce4d442fe2c7f1890c1c810ec8c1131b364fd4e4593bf0f268a,3e802dd22f483ce4d442fe2c7f1890c1c810ec8c1131b364fd4e4593bf0f268a,0,True,False,True,,,,True,True,2_cross_split,,248
test/pituitary/brisc2025_test_00825_pi_co_t1.jpg,train/pituitary/brisc2025_train_04178_pi_co_t1.jpg,3e802dd22f483ce4d442fe2c7f1890c1c810ec8c1131b364fd4e4593bf0f268a,3e802dd22f483ce4d442fe2c7f1890c1c810ec8c1131b364fd4e4593bf0f268a,0,True,False,True,,,,True,True,2_cross_split,,248
test/pituitary/brisc2025_test_00827_pi_co_t1.jpg,train/pituitary/brisc2025_train_04194_pi_co_t1.jpg,02799f7863d49de182357e72179f3cc4e65e70099355f2d5aa2e39d356e492d9,02799f7863d49de182357e72179f3cc4e65e70099355f2d5aa2e39d356e492d9,0,True,False,True,,,,True,True,2_cross_split,,249
test/pituitary/brisc2025_test_00834_pi_co_t1.jpg,train/pituitary/brisc2025_train_04218_pi_co_t1.jpg,b5e17076d1427e41a618f92bc72100c1be4df26608223512aac51c911ac1eb88,b5e17076d1427e41a618f92bc72100c1be4df26608223512aac51c911ac1eb88,0,True,False,True,,,,True,True,2_cross_split,,251
test/pituitary/brisc2025_test_00918_pi_sa_t1.jpg,train/pituitary/brisc2025_train_04747_pi_sa_t1.jpg,e70846e753bbfee41eb1694d480d066b48ec015b5a1e9ebb7c8bc6afa5251765,191ce712494ccfda4f1a2a43f3c6c8e8530a34774c3d6df1b4b6221d23b3d77c,0,False,False,True,,,,True,False,2_cross_split,,280
test/pituitary/brisc2025_test_00960_pi_sa_t1.jpg,train/pituitary/brisc2025_train_04879_pi_sa_t1.jpg,8c539b274e3c798d1bb1d14f1dfdc57305ff8a6fe26ac29f78fae8f654ca46f3,2fb22a4f507b8ef4c33902be264d3483aa4c42abc96333851ba81dadbcb6ff33,0,False,False,True,,,,True,False,2_cross_split,,293
test/glioma/brisc2025_test_00009_gl_ax_t1.jpg,train/glioma/brisc2025_train_00022_gl_ax_t1.jpg,ee07fcfa84fe2e1a6e4cffd174d4c33b72ce830c36839667ca952ca995073745,f6808485e27d10ed374a1cdc4f66309cda055097e3bf7bede9a1666604f5b03d,2,False,False,True,,,,True,False,2_cross_split,test/glioma/brisc2025_test_00009_gl_ax_t1.jpg,1
test/glioma/brisc2025_test_00027_gl_ax_t1.jpg,train/glioma/brisc2025_train_00035_gl_ax_t1.jpg,e41a038d3be002107164bd5dac29c770784913a733d895a9c9a03dc32f113078,ab9ece3b7c65e26636ab7cc52aa793cd1c61612eb78295a9e21948ed5811ec51,2,False,False,True,,,,True,False,2_cross_split,test/glioma/brisc2025_test_00027_gl_ax_t1.jpg,3
test/glioma/brisc2025_test_00061_gl_ax_t1.jpg,train/glioma/brisc2025_train_00226_gl_ax_t1.jpg,331d8b9608c5739e494822c6cceaae79842eaf94b085785b7573a484270a2e25,2446d342eecbe1ba3c5e109f2a559ffe91eb708065a317d34c257bbe959f9597,2,False,False,True,,,,True,False,2_cross_split,test/glioma/brisc2025_test_00061_gl_ax_t1.jpg,17
test/glioma/brisc2025_test_00068_gl_ax_t1.jpg,train/glioma/brisc2025_train_00269_gl_ax_t1.jpg,cb0c965a4479579af7ed64dd9fae6e0b081981718fe097387f8f7e1c5b2bfc30,3f22601c95aa22110a62c16e598261d202ca81c2439755f9f2a6c15781c754ba,2,False,False,True,,,,True,False,2_cross_split,test/glioma/brisc2025_test_00068_gl_ax_t1.jpg,19
test/glioma/brisc2025_test_00069_gl_ax_t1.jpg,train/glioma/brisc2025_train_00319_gl_ax_t1.jpg,78cd99ecf8a6ec2a08c6ac1d90837bcdea52cded1ca298c8f6fadb74cef68bf1,be85cc66ab65f9e9aeec5961455356fe6150e06f172239cf61274fd9ff13f468,2,False,False,True,,,,True,False,2_cross_split,,20
test/glioma/brisc2025_test_00069_gl_ax_t1.jpg,train/glioma/brisc2025_train_00320_gl_ax_t1.jpg,78cd99ecf8a6ec2a08c6ac1d90837bcdea52cded1ca298c8f6fadb74cef68bf1,461c278e65baeba1a53e3a733677567ea389d81353f6ad9ec74d70018e3d1aef,2,False,False,True,,,,True,False,2_cross_split,,20
test/glioma/brisc2025_test_00074_gl_ax_t1.jpg,train/glioma/brisc2025_train_00353_gl_ax_t1.jpg,83f890a5bfd0529e4dde75660e53be0603773bfb9a35a34f9387e78c362f6381,550e372869abdc4461dd864ad54fdd5f20e110ca965344cb3911010684f34330,2,False,False,True,,,,True,False,2_cross_split,test/glioma/brisc2025_test_00074_gl_ax_t1.jpg,23
test/glioma/brisc2025_test_00075_gl_ax_t1.jpg,train/glioma/brisc2025_train_00353_gl_ax_t1.jpg,a5462a6482fb103a13bb51456ad6ade49f559d8e0aad0133c42d26d14dc191f5,550e372869abdc4461dd864ad54fdd5f20e110ca965344cb3911010684f34330,2,False,False,True,,,,True,False,2_cross_split,test/glioma/brisc2025_test_00075_gl_ax_t1.jpg,23
test/glioma/brisc2025_test_00119_gl_co_t1.jpg,train/glioma/brisc2025_train_00452_gl_co_t1.jpg,b8573d5300527719e95d55e4503314a1cf0169916b788c37c2c2e5ab3b24a97d,b4cc19608adc2fb982b34912d3ffdeef07e40bae2015d3321c331a1f59a7ad4c,2,False,False,True,,,,True,False,2_cross_split,test/glioma/brisc2025_test_00119_gl_co_t1.jpg,32
test/glioma/brisc2025_test_00122_gl_co_t1.jpg,train/glioma/brisc2025_train_00466_gl_co_t1.jpg,a9fe16be042acc81a47275440f0ff311aa3b27462afbc7fbc53b355eeba3c477,f1579211cdba6486bae9afb4a6643221742f8a2fc3efedf6f5c202ac6d194195,2,False,False,True,,,,True,False,2_cross_split,,35
test/glioma/brisc2025_test_00165_gl_co_t1.jpg,train/glioma/brisc2025_train_00823_gl_co_t1.jpg,30c2ea8cbc08db7052ed7377f4edfca7173a6aea78090fe571cc27dbfa1793b3,48b2f076b9d34efa613358ba48c09eea6f56499b7c8cc6dd36da17870687ba80,2,False,False,True,,,,True,False,2_cross_split,test/glioma/brisc2025_test_00165_gl_co_t1.jpg,41
test/glioma/brisc2025_test_00186_gl_sa_t1.jpg,train/glioma/brisc2025_train_00941_gl_sa_t1.jpg,99e1c8a1fbc5a4bb7c1f6045e43dd8427e9a24b4246f5c09ddb924e2c2ee28bc,80fc1a6c55f6e21b26fa2ff1f6beeb347c714a332fa69c043eca37bce6f9bebf,2,False,False,True,,,,True,False,2_cross_split,test/glioma/brisc2025_test_00186_gl_sa_t1.jpg,47
test/glioma/brisc2025_test_00195_gl_sa_t1.jpg,train/glioma/brisc2025_train_00966_gl_sa_t1.jpg,b8e3aeeb314c72d478e133dad3046fbd0d247e04fdc1f37a4659d6c524fc6691,834f9c41d466125e631b63fb1696eddd424abab5e6334a03c1fd34b9e35f32ea,2,False,False,True,,,,True,False,2_cross_split,test/glioma/brisc2025_test_00195_gl_sa_t1.jpg,49
test/glioma/brisc2025_test_00197_gl_sa_t1.jpg,train/glioma/brisc2025_train_00980_gl_sa_t1.jpg,8f369f6871534d3d3ae075fde6719e27b5d66d6ce46ae451eeda39ebaa7503a1,ec5bcebb46990384e90ade38f41c153467e3e609159664bf84e004049e5e4de8,2,False,False,True,,,,True,False,2_cross_split,,50
test/glioma/brisc2025_test_00243_gl_sa_t1.jpg,train/glioma/brisc2025_train_01120_gl_sa_t1.jpg,ea065137d49a22385b495278744691a6a6c5ff30104e70db0faa4fb96cf22dfb,c48d17583646181bbfb4a2f64917269a6bd09d312b989030309fe37b5c00ea0f,2,False,False,True,,,,True,False,2_cross_split,test/glioma/brisc2025_test_00243_gl_sa_t1.jpg,64
test/meningioma/brisc2025_test_00257_me_ax_t1.jpg,train/meningioma/brisc2025_train_01313_me_ax_t1.jpg,287e57e51279330fe35b02999f3e99c4a8d71a2982384edeb6dc21e65e69c853,6b436fb29f9dd27c8e6a2f30c8d516947c3b856bad43c45b7722e8360e517cbf,2,False,False,True,,,,False,False,2_cross_split,,69
test/meningioma/brisc2025_test_00261_me_ax_t1.jpg,train/meningioma/brisc2025_train_01303_me_ax_t1.jpg,efbb74c524ab95fae4c5ff626880c4a7f23d066111ff682ae04c32b5c422af13,f3fec5bf88028bff924a9866b3efc5711b6a4f4f1bce52692ddef89db1d2996b,2,False,False,True,,,,False,False,2_cross_split,test/meningioma/brisc2025_test_00261_me_ax_t1.jpg,73
test/meningioma/brisc2025_test_00267_me_ax_t1.jpg,train/meningioma/brisc2025_train_01313_me_ax_t1.jpg,d122fa995de9d5266344d97c7e2d6973210911f4c8e549575c873b82aee3ae2a,6b436fb29f9dd27c8e6a2f30c8d516947c3b856bad43c45b7722e8360e517cbf,2,False,False,True,,,,False,False,2_cross_split,,69
test/meningioma/brisc2025_test_00272_me_ax_t1.jpg,train/meningioma/brisc2025_train_01279_me_ax_t1.jpg,b8a42737f41cb71d02cc8f6ea840c15f91ec938639d089be773149eb7cd878a6,ce8b974baddb2dc8bac4115b3f5c9c3006cd7a0134c3722906ef5c08d3294150,2,False,False,True,,,,True,False,2_cross_split,,82
test/meningioma/brisc2025_test_00287_me_ax_t1.jpg,train/meningioma/brisc2025_train_01254_me_ax_t1.jpg,ba6bb4c25be87a339ccfda7a83e3d3018a19a9f2d7d53321c9dcf7a41d7134ee,1db9c81ca21c0ec3f145865ef84c439d9e3fd951b8478cef6a3a2d31a6e7c5d1,2,False,False,True,,,,True,False,2_cross_split,test/meningioma/brisc2025_test_00287_me_ax_t1.jpg,82
test/meningioma/brisc2025_test_00287_me_ax_t1.jpg,train/meningioma/brisc2025_train_01293_me_ax_t1.jpg,ba6bb4c25be87a339ccfda7a83e3d3018a19a9f2d7d53321c9dcf7a41d7134ee,e6ca19cc14a4c5dfaee656165c5b8c93608ab5adb96c354b15fec32fd3249857,2,False,False,True,,,,False,False,2_cross_split,,82
test/meningioma/brisc2025_test_00304_me_ax_t1.jpg,train/meningioma/brisc2025_train_01279_me_ax_t1.jpg,189c6dfd75947dadad4abd3daff45ce9d5b1909c9eea812d796eca85896f39e2,ce8b974baddb2dc8bac4115b3f5c9c3006cd7a0134c3722906ef5c08d3294150,2,False,False,True,,,,False,False,2_cross_split,,82
test/meningioma/brisc2025_test_00314_me_ax_t1.jpg,train/meningioma/brisc2025_train_01384_me_ax_t1.jpg,65a902fcdd43caafbfd32f996cda5eb70f49870ae04b457e63b4e12149168225,b7e81c22bf6e933905cee1abef434f59f4f597b36e290ed1952c8adf3e23652b,2,False,False,True,,,,False,False,2_cross_split,,73
test/meningioma/brisc2025_test_00316_me_ax_t1.jpg,train/meningioma/brisc2025_train_01256_me_ax_t1.jpg,19f85781d3642a0c0a9d3831265070195500ff2f41feb84cf72bb87b12060e7e,eca47283498dca90a78adbac146a0c95a7352e944d7364f3d3f46adf4c60357d,2,False,False,True,,,,False,False,2_cross_split,test/meningioma/brisc2025_test_00316_me_ax_t1.jpg,69
test/meningioma/brisc2025_test_00316_me_ax_t1.jpg,train/meningioma/brisc2025_train_01402_me_ax_t1.jpg,19f85781d3642a0c0a9d3831265070195500ff2f41feb84cf72bb87b12060e7e,7145b21317f3aaaf1d5d68132cbaaca5b7cdf4042e1b7ecf3c4c95b405a06655,2,False,False,True,,,,False,False,2_cross_split,,69
test/meningioma/brisc2025_test_00322_me_ax_t1.jpg,train/meningioma/brisc2025_train_01385_me_ax_t1.jpg,1b806f154eeffce24b422bbcff1082ae4a02ff743378ebb3ff3c6aa9f6020a9b,457fb9e8f89362f5ac7a4e6a869d55ca53e1cf3a40ca9a37e830d6475ebac5b7,2,False,False,True,,,,False,False,2_cross_split,,86
test/meningioma/brisc2025_test_00326_me_ax_t1.jpg,train/meningioma/brisc2025_train_01155_me_ax_t1.jpg,0b938fbd0afa3b337f4252fe83033d4143eb825a558a744ba4f1a28c841a163f,95230820a8e400b07c2a163b33753186a7330eb861590c52f87265b80a876d63,2,False,False,True,,,,True,False,2_cross_split,test/meningioma/brisc2025_test_00326_me_ax_t1.jpg,121
test/meningioma/brisc2025_test_00336_me_ax_t1.jpg,train/meningioma/brisc2025_train_01185_me_ax_t1.jpg,28fd7a9aa2bfa49e0328ff2a6a082c994a04f9b3cb43531520c5eb2b85854b06,76e610505ae94201394a20edde8fd8103ebd057310acc926b7c206609d073278,2,False,False,True,,,,True,False,2_cross_split,test/meningioma/brisc2025_test_00336_me_ax_t1.jpg,125
test/meningioma/brisc2025_test_00336_me_ax_t1.jpg,train/meningioma/brisc2025_train_01186_me_ax_t1.jpg,28fd7a9aa2bfa49e0328ff2a6a082c994a04f9b3cb43531520c5eb2b85854b06,a427fa312cb3d0c36beeb8132403e52c0b1f1730158791a7dbbe284e6889b477,2,False,False,True,,,,True,False,2_cross_split,,125
test/meningioma/brisc2025_test_00342_me_ax_t1.jpg,train/meningioma/brisc2025_train_01203_me_ax_t1.jpg,a28cb51a9c2d6f33c8bdd79379faacabb7f4890770d087d5a9eadd1fc9d43e7b,92d4f4663661fdee2af01b2fea32bdad27e7270d1470fb3327bbe189636bf232,2,False,False,True,,,,True,False,2_cross_split,test/meningioma/brisc2025_test_00342_me_ax_t1.jpg,129
test/meningioma/brisc2025_test_00343_me_ax_t1.jpg,train/meningioma/brisc2025_train_01207_me_ax_t1.jpg,29f8657af167eba11fc001a2a84b8febfd2418e4784777c001448ee59b8e687c,4e4c88a11b026e6d417be242df7936dde4c09991e980c89f7f68adc5ef26209e,2,False,False,True,,,,True,False,2_cross_split,test/meningioma/brisc2025_test_00343_me_ax_t1.jpg,130
test/meningioma/brisc2025_test_00344_me_ax_t1.jpg,train/meningioma/brisc2025_train_01209_me_ax_t1.jpg,960155b05ea8f0ddcbcd3a5e29905c2a4b55832f03e5b7d6491c73955960d278,fd168fc8156c563ec1d83516c40f12c9d207cd0b669b6bc4f708e31f8eafbd24,2,False,False,True,,,,True,False,2_cross_split,,131
test/meningioma/brisc2025_test_00362_me_ax_t1.jpg,train/meningioma/brisc2025_train_01439_me_ax_t1.jpg,ed840286c2dcc2d2cdac5df1a794898b5144dfb5619b2e37fdc21c9b4e1ed93f,299c81643275bf300c7fb3eddddfc40c287309f015db6caef7c7f4514ae43808,2,False,False,True,,,,True,False,2_cross_split,test/meningioma/brisc2025_test_00362_me_ax_t1.jpg,136
test/meningioma/brisc2025_test_00366_me_ax_t1.jpg,train/meningioma/brisc2025_train_01441_me_ax_t1.jpg,1281c5c90cffbec6209adb81173f27f9eae96295726a4fa2e640e589af913b8a,083a956e37459fd225cec6467ba136502bfe79bad88eb7dd5b4f4e761074de03,2,False,False,True,,,,True,False,2_cross_split,,137
test/meningioma/brisc2025_test_00368_me_ax_t1.jpg,train/meningioma/brisc2025_train_01456_me_ax_t1.jpg,8ad4bf4e7a309fda25e7b728eabaf800f6a447ed05dd4f7cf46f5652c22db3cb,e2a955142f1b608205f3bc0ef078d801a644682d608e894950e2d1d85b543e75,2,False,False,True,,,,True,False,2_cross_split,test/meningioma/brisc2025_test_00368_me_ax_t1.jpg,139
test/meningioma/brisc2025_test_00368_me_ax_t1.jpg,train/meningioma/brisc2025_train_02286_me_sa_t1.jpg,8ad4bf4e7a309fda25e7b728eabaf800f6a447ed05dd4f7cf46f5652c22db3cb,e2a955142f1b608205f3bc0ef078d801a644682d608e894950e2d1d85b543e75,2,False,False,True,,,,True,False,2_cross_split,,139
test/meningioma/brisc2025_test_00379_me_ax_t1.jpg,train/meningioma/brisc2025_train_01489_me_ax_t1.jpg,c120061e2760e4627c8362bc22496dcefe250d550c549ca25a6fac1e247de0e6,4e59dbda748f414bf4ea2045702210d9392b569c42ca39091ed2b0e0bbd1f253,2,False,False,True,,,,True,False,2_cross_split,test/meningioma/brisc2025_test_00379_me_ax_t1.jpg,143
test/meningioma/brisc2025_test_00379_me_ax_t1.jpg,train/meningioma/brisc2025_train_01490_me_ax_t1.jpg,c120061e2760e4627c8362bc22496dcefe250d550c549ca25a6fac1e247de0e6,828c41dd54e834a9afb13c81cd20b95151f275362e604dab49046dffdfa71c7a,2,False,False,True,,,,True,False,2_cross_split,,143
test/meningioma/brisc2025_test_00379_me_ax_t1.jpg,train/meningioma/brisc2025_train_01491_me_ax_t1.jpg,c120061e2760e4627c8362bc22496dcefe250d550c549ca25a6fac1e247de0e6,490a0d6e3466257d99fbf51b6401281d15c6d2d44d58768c7fdcf65d58d2f6ee,2,False,False,True,,,,True,False,2_cross_split,,143
test/meningioma/brisc2025_test_00385_me_ax_t1.jpg,train/meningioma/brisc2025_train_01551_me_ax_t1.jpg,6759a0316b83fe27a161bc58377fa9c0aaf3b4eed0f74edff41d848b704e0bfd,b9862b25aab2d2f9adcddca6cc4115f87a8824f9b551b7d7b6b02cc5d197c857,2,False,False,True,,,,True,False,2_cross_split,test/meningioma/brisc2025_test_00385_me_ax_t1.jpg,146
test/meningioma/brisc2025_test_00396_me_co_t1.jpg,train/meningioma/brisc2025_train_01659_me_co_t1.jpg,fb2b0e33367c6b46c5aee62ff7fa335a1cd7f185792e84090f8a62e722d91d8b,eb9fb089c64c264e1b69fa99df94d15eaeea7fe1e1abf02067a54bb2c7831900,2,False,False,True,,,,False,False,2_cross_split,test/meningioma/brisc2025_test_00396_me_co_t1.jpg,151
test/meningioma/brisc2025_test_00400_me_co_t1.jpg,train/meningioma/brisc2025_train_01669_me_co_t1.jpg,deb3cf8255416bd3f24f48f7159965f9e48b5b346e5b22a41b11f8a7f22edec7,0393684019b077c8ca1612bffafae672b08a84ed5e66d5290eb93d541a9face9,2,False,False,True,,,,False,False,2_cross_split,,155
test/meningioma/brisc2025_test_00417_me_co_t1.jpg,train/meningioma/brisc2025_train_01658_me_co_t1.jpg,d50fe37de5cb0b6f97374864487a719fcaaca4e9ede3ef711b623314d64cdbc9,32e43c129cf6fef5fecb82419213685e652d4dbc524f7c7f9d11c42b91c28fa9,2,False,False,True,,,,False,False,2_cross_split,test/meningioma/brisc2025_test_00417_me_co_t1.jpg,155
test/meningioma/brisc2025_test_00481_me_sa_t1.jpg,train/meningioma/brisc2025_train_02009_me_sa_t1.jpg,64d6885599aa04ff6a12e8f961437ba39c355f66f67beac2992daedcf2f6e20e,b6004e9d2015cbe1793941034ee633464ae0b57b9d91f01fdd1581640330a86d,2,False,False,True,,,,False,False,2_cross_split,,177
test/meningioma/brisc2025_test_00486_me_sa_t1.jpg,train/meningioma/brisc2025_train_02004_me_sa_t1.jpg,862b1e94cca563591845710664be57fa2ce1bc18f317233d285f5b396c6cd27c,44c5b942e58c6d70f1c96fdc7c9b3a0b960c2d41bb74546d96006f8d588c9b03,2,False,False,True,,,,False,False,2_cross_split,test/meningioma/brisc2025_test_00486_me_sa_t1.jpg,177
test/meningioma/brisc2025_test_00500_me_sa_t1.jpg,train/meningioma/brisc2025_train_02289_me_sa_t1.jpg,43a366a66d65cbf185118534d0e8d14f3bd5733750f5276b668b61beacd75e55,16bd8d367b1784c7adeddcd309d48f8cd537f56803d7a9dca57fe1cff0a50d00,2,False,False,True,,,,True,False,2_cross_split,,192
test/meningioma/brisc2025_test_00560_me_sa_t1.jpg,train/meningioma/brisc2025_train_02474_me_sa_t1.jpg,ea3670920245f00237d3c32fbe40fa421ffa7a2b236bc3fc51c92e04b894ce33,5e510a88f5471cea9be2e6ad5773e6d66784d0896a2b0fe40b550311fdb3202c,2,False,False,True,,,,True,False,2_cross_split,test/meningioma/brisc2025_test_00560_me_sa_t1.jpg,199
test/pituitary/brisc2025_test_00706_pi_ax_t1.jpg,train/pituitary/brisc2025_train_03610_pi_ax_t1.jpg,5d7bda7d1708d7fa99d8803b3f7618526c8ab05cce97cc86b72d9a62a70a51a4,d60ecf5a2ea3fe4315dbf40a023dc838c66ae07266b3ab49be8beeb3733cd326,2,False,False,True,,,,True,False,2_cross_split,test/pituitary/brisc2025_test_00706_pi_ax_t1.jpg,211
test/pituitary/brisc2025_test_00713_pi_ax_t1.jpg,train/pituitary/brisc2025_train_03632_pi_ax_t1.jpg,952588620494092d634c5caaec91c856d0ea9dc8af3b0b2c6001372b9c234c44,750e8005bbe06ef89ba534bf54e3575bc2bf381076dde6dad69fdf5e93606017,2,False,False,True,,,,True,False,2_cross_split,test/pituitary/brisc2025_test_00713_pi_ax_t1.jpg,212
test/pituitary/brisc2025_test_00720_pi_ax_t1.jpg,train/pituitary/brisc2025_train_03653_pi_ax_t1.jpg,f07e320314ee7d53e61865180aef0b589a845925fdda343a43e6488cf8e7e8db,24cb2880fe794d83b4bf2e97378d1dce5757a86b3d054c9df5cd682791b5b145,2,False,False,True,,,,True,False,2_cross_split,test/pituitary/brisc2025_test_00720_pi_ax_t1.jpg,214
test/pituitary/brisc2025_test_00741_pi_ax_t1.jpg,train/pituitary/brisc2025_train_03718_pi_ax_t1.jpg,60467e039fa4792007cc267717adea470a84c8e2643ee673e3cbbe562febd085,c05038db76c2c74d59e5616fab4046b4229d29c9e0cc9dc78e49e1b92a1a9af3,2,False,False,True,,,,True,False,2_cross_split,test/pituitary/brisc2025_test_00741_pi_ax_t1.jpg,219
test/pituitary/brisc2025_test_00742_pi_ax_t1.jpg,train/pituitary/brisc2025_train_03721_pi_ax_t1.jpg,9551993deef67b63c1636ff187a8da8a4f54647d1375d47eac39d8130b4b8a84,3275c3825fe6ea7a94d7e958cf4fa15d0d3cf0337258abc843195bd9600b4bc0,2,False,False,True,,,,True,False,2_cross_split,test/pituitary/brisc2025_test_00742_pi_ax_t1.jpg,220
test/pituitary/brisc2025_test_00743_pi_ax_t1.jpg,train/pituitary/brisc2025_train_03723_pi_ax_t1.jpg,a96e6bad030f1c8528abb32719201db07442e1b63c9c6a8ec791ed86b236ccf0,53b899408d8068fd71e574ff4b61b547572668c74f53f888c042983148f5b5d6,2,False,False,True,,,,True,False,2_cross_split,test/pituitary/brisc2025_test_00743_pi_ax_t1.jpg,221
test/pituitary/brisc2025_test_00762_pi_ax_t1.jpg,train/pituitary/brisc2025_train_03832_pi_ax_t1.jpg,4dea367845c52fb521f3bff1cb98eda4ccad9c29c40a30491c8b4d462d4c9da6,22b0c494ccada3a509b48cf1213f75e0b3dcb1aa488d7131db8df8a03271c233,2,False,False,True,,,,True,False,2_cross_split,test/pituitary/brisc2025_test_00762_pi_ax_t1.jpg,229
test/pituitary/brisc2025_test_00763_pi_ax_t1.jpg,train/pituitary/brisc2025_train_03787_pi_ax_t1.jpg,d45038bab0737f6d1911913a0500e690c2845fe6852104a7635becca0b2e7160,c8776e1256246478995de0169f4884d0123fadca67b81f31c7ba4092688f5e9d,2,False,False,True,,,,True,False,2_cross_split,test/pituitary/brisc2025_test_00763_pi_ax_t1.jpg,230
test/pituitary/brisc2025_test_00803_pi_ax_t1.jpg,train/pituitary/brisc2025_train_03903_pi_ax_t1.jpg,2cca7fbf936207ce1674bdb3b7faf6870b1f7f761c885d7b4ade8026430eebf0,ce40872570c794587f3221ac6db546e448772aebc39b38d2287f2b1cd6e785bb,2,False,False,True,,,,True,False,2_cross_split,test/pituitary/brisc2025_test_00803_pi_ax_t1.jpg,241
test/pituitary/brisc2025_test_00811_pi_ax_t1.jpg,train/pituitary/brisc2025_train_03928_pi_ax_t1.jpg,483f8deda395b86fbdfce5c47873804f7d649058422a00bd1093742297875cf7,3137608daad571c60d27b63520498c2fd513f15ff61fa9b1d4460df74b5c01f5,2,False,False,True,,,,True,False,2_cross_split,test/pituitary/brisc2025_test_00811_pi_ax_t1.jpg,243
test/pituitary/brisc2025_test_00812_pi_ax_t1.jpg,train/pituitary/brisc2025_train_03930_pi_ax_t1.jpg,3f79680ae69ff8a0138c027f6445715cb7d71bd28c76a7982e81e334afb6a3e2,be696943c64f1968eaca33aaa76c39d2901873b1e2f59415e87d6844d13a7a28,2,False,False,True,,,,True,False,2_cross_split,test/pituitary/brisc2025_test_00812_pi_ax_t1.jpg,244
test/pituitary/brisc2025_test_00813_pi_ax_t1.jpg,train/pituitary/brisc2025_train_03933_pi_ax_t1.jpg,87cfe4d80227c122ef2762f294514ca4c42160a119f1a31045b51a6cbe21ed5c,d7ea4a1e0a3385c37355c03fcd325351dfd9740d4a5da53f5646bdcbe5beec3e,2,False,False,True,,,,True,False,2_cross_split,test/pituitary/brisc2025_test_00813_pi_ax_t1.jpg,245
test/pituitary/brisc2025_test_00848_pi_co_t1.jpg,train/pituitary/brisc2025_train_04279_pi_co_t1.jpg,a7d1a1c3ecd0d2c3a2e10fcb200ae44d508d5642b64153773bd07de34df7becb,f0cb894e428939d6397f7d7cd979b9ca20a130cc82c31ec97b94c4529623a03f,2,False,False,True,,,,True,False,2_cross_split,test/pituitary/brisc2025_test_00848_pi_co_t1.jpg,255
test/pituitary/brisc2025_test_00849_pi_co_t1.jpg,train/pituitary/brisc2025_train_04281_pi_co_t1.jpg,8ec953998bd021a1570ef633b7c3a8b3833f92724b678ec773a6927b131fb336,716da22a02b0f0f5b35ef26e210d116c4ffd554fdd26badb327e78ec64896c76,2,False,False,True,,,,True,False,2_cross_split,test/pituitary/brisc2025_test_00849_pi_co_t1.jpg,256
test/pituitary/brisc2025_test_00862_pi_co_t1.jpg,train/pituitary/brisc2025_train_04318_pi_co_t1.jpg,d7627d9fe24107c9613c5f600acfae38b37bce71e5084f6d94d5c94a14f4ac55,bcb3854cccf1921b2c0d7d7301e0a64c571818adb3d05b85e14cc5ea8b6e9009,2,False,False,True,,,,True,False,2_cross_split,test/pituitary/brisc2025_test_00862_pi_co_t1.jpg,262
test/pituitary/brisc2025_test_00866_pi_co_t1.jpg,train/pituitary/brisc2025_train_04330_pi_co_t1.jpg,eb0fae9b3b977acac24a5a70a62d66ce28c71e77ac3bae9eb622e92e45d36198,5eef214999a0e35bd7b1cced1d58271ae93dcd032b2ce52ee782b1bec9e5b3b5,2,False,False,True,,,,True,False,2_cross_split,,265
test/pituitary/brisc2025_test_00866_pi_co_t1.jpg,train/pituitary/brisc2025_train_04332_pi_co_t1.jpg,eb0fae9b3b977acac24a5a70a62d66ce28c71e77ac3bae9eb622e92e45d36198,2e005ff19bb2baf6f9696dbf6554d35d9718905318f0c9c8aa02b59d91093775,2,False,False,True,,,,True,False,2_cross_split,test/pituitary/brisc2025_test_00866_pi_co_t1.jpg,265
test/pituitary/brisc2025_test_00895_pi_co_t1.jpg,train/pituitary/brisc2025_train_04419_pi_co_t1.jpg,163f98c201cc49617b8a2e33da0a137a424f5853962e10ec3cbab6498bcffc84,44c48b16dc63b13aa8eb3e46f2ac7daebb80a199b88e6ade3e7e05d2f35d4d9b,2,False,False,True,,,,True,False,2_cross_split,,274
test/pituitary/brisc2025_test_00898_pi_co_t1.jpg,train/pituitary/brisc2025_train_04428_pi_co_t1.jpg,932d32e91e54bb09af184952f3fb6b9b53e62bb7fea633dd2a4123c69dd4411c,82a7d0c3d2d56ae61e010cbaa2d484d5854ce35d4f0685560440e738d07ef282,2,False,False,True,,,,True,False,2_cross_split,,275
test/pituitary/brisc2025_test_00898_pi_co_t1.jpg,train/pituitary/brisc2025_train_04429_pi_co_t1.jpg,932d32e91e54bb09af184952f3fb6b9b53e62bb7fea633dd2a4123c69dd4411c,eb5e147c031d5cc6c777dce8c84088647632a92c8c7afec47e2f0dfd738a4a58,2,False,False,True,,,,True,False,2_cross_split,,275
test/pituitary/brisc2025_test_00918_pi_sa_t1.jpg,train/pituitary/brisc2025_train_04748_pi_sa_t1.jpg,e70846e753bbfee41eb1694d480d066b48ec015b5a1e9ebb7c8bc6afa5251765,c311a5a5f69d793b73860932397a7b85db7c52bd86bb3b209c01666a259c38df,2,False,False,True,,,,True,False,2_cross_split,,280
test/pituitary/brisc2025_test_00919_pi_sa_t1.jpg,train/pituitary/brisc2025_train_04750_pi_sa_t1.jpg,195d41d01120fdf1cb3b7af9d600c7da732c27bbb375c4361a76644a993b8ba9,38ab38314afe35fd679fd4c68481f09d818dfab7bff03397394525828eb64571,2,False,False,True,,,,True,False,2_cross_split,,281
test/pituitary/brisc2025_test_00922_pi_sa_t1.jpg,train/pituitary/brisc2025_train_04766_pi_sa_t1.jpg,cb6d9dc7e3dd44ac55f503795c924928143c45a50615d4de89f8f03f5d17d846,966b783f0904f0a1e269638cb29afe60b93072a5023abcc4096fceb87d0bf69e,2,False,False,True,,,,True,False,2_cross_split,test/pituitary/brisc2025_test_00922_pi_sa_t1.jpg,284
test/pituitary/brisc2025_test_00929_pi_sa_t1.jpg,train/pituitary/brisc2025_train_04788_pi_sa_t1.jpg,3aed2816d2a494f8e7958571f78392a74e7536ebd1a5a7e07c6309bcba300266,4bf1d90c772da2bee9dafb8ef1c79584806235d370d8b6f71e5f17a68f6fd56c,2,False,False,True,,,,True,False,2_cross_split,,288
test/pituitary/brisc2025_test_00932_pi_sa_t1.jpg,train/pituitary/brisc2025_train_04797_pi_sa_t1.jpg,80ebc09cffdeaf7bebcdfa5cf687cf4ae20cf44b7886a38f6108df4207a4b74e,4b989435a9f0efd1e8f736c831eda04dfe6616981c0f0769379113d8bb1fee38,2,False,False,True,,,,True,False,2_cross_split,test/pituitary/brisc2025_test_00932_pi_sa_t1.jpg,289
test/pituitary/brisc2025_test_00934_pi_sa_t1.jpg,train/pituitary/brisc2025_train_04783_pi_sa_t1.jpg,4fd5ec172c8daaf2e675e7712cc7d97834de5401460ddd40c1a53c955c191ee9,d622c25575d638cf3ff8995d9c5d66b2a0c954f7156fe322284ef4bc8329e620,2,False,False,True,,,,True,False,2_cross_split,test/pituitary/brisc2025_test_00934_pi_sa_t1.jpg,287
test/pituitary/brisc2025_test_00934_pi_sa_t1.jpg,train/pituitary/brisc2025_train_04784_pi_sa_t1.jpg,4fd5ec172c8daaf2e675e7712cc7d97834de5401460ddd40c1a53c955c191ee9,815182933c6348858cbfda6c071b4519bab68bc8d37446fc000d79b42aa432a6,2,False,False,True,,,,True,False,2_cross_split,,287
test/pituitary/brisc2025_test_00934_pi_sa_t1.jpg,train/pituitary/brisc2025_train_04803_pi_sa_t1.jpg,4fd5ec172c8daaf2e675e7712cc7d97834de5401460ddd40c1a53c955c191ee9,5438ee9b795115b63b875fed6a2b1907307a8d4109c9ae18071a4b081a256f8d,2,False,False,True,,,,True,False,2_cross_split,,287
test/pituitary/brisc2025_test_00947_pi_sa_t1.jpg,train/pituitary/brisc2025_train_04838_pi_sa_t1.jpg,c10d97b573d1e510b2604cc437ee81840b36063dcd4aae157a828db1b79c77fe,b3702b83372ee6b6cf7b20eae6f27492db189f52a599be79233e6622f256006a,2,False,False,True,,,,True,False,2_cross_split,,296
test/pituitary/brisc2025_test_00947_pi_sa_t1.jpg,train/pituitary/brisc2025_train_04839_pi_sa_t1.jpg,c10d97b573d1e510b2604cc437ee81840b36063dcd4aae157a828db1b79c77fe,68643c08b53b71bc9c95e4aa6f7eae2056f310597883c2c53ce650a783c98d66,2,False,False,True,,,,True,False,2_cross_split,,296
test/pituitary/brisc2025_test_00948_pi_sa_t1.jpg,train/pituitary/brisc2025_train_04843_pi_sa_t1.jpg,4c935232c0c6c040c0475eac6f8aef7d0c25d46150c995580beef3fbf445843b,849a42ce51625d0783ae7e31494101364239d600da8f964c7c2f33cd99e8057c,2,False,False,True,,,,True,False,2_cross_split,test/pituitary/brisc2025_test_00948_pi_sa_t1.jpg,297
test/pituitary/brisc2025_test_00949_pi_sa_t1.jpg,train/pituitary/brisc2025_train_04846_pi_sa_t1.jpg,e74a66f082e679dccfac6818438caab3286b8cea17a9e3cd8e3fd88a61656aed,f2ab017925e3b90670a98cbc192c8a4432c5669a04f5017a5a5f6f0f05a4a85e,2,False,False,True,,,,True,False,2_cross_split,,298
test/pituitary/brisc2025_test_00953_pi_sa_t1.jpg,train/pituitary/brisc2025_train_04857_pi_sa_t1.jpg,40c65fb97fda87253f171ff214070ae36abf797005a89f445ab97fb4fa82b2e1,f291318a6b65f05cb19e20f2f1d686f1d82fd34bdd1415ebc294611cc000d447,2,False,False,True,,,,True,False,2_cross_split,,300
test/pituitary/brisc2025_test_00960_pi_sa_t1.jpg,train/pituitary/brisc2025_train_04878_pi_sa_t1.jpg,8c539b274e3c798d1bb1d14f1dfdc57305ff8a6fe26ac29f78fae8f654ca46f3,cfea4c73b72d4405d9a78c084eab728b58d621876727407e9c3e8b447dd523a5,2,False,False,True,,,,True,False,2_cross_split,test/pituitary/brisc2025_test_00960_pi_sa_t1.jpg,293
test/pituitary/brisc2025_test_00960_pi_sa_t1.jpg,train/pituitary/brisc2025_train_04880_pi_sa_t1.jpg,8c539b274e3c798d1bb1d14f1dfdc57305ff8a6fe26ac29f78fae8f654ca46f3,50471d99b5d71f3b05f6e013c639846b2245d67d5ae2ad0ba3c2514ed717bf75,2,False,False,True,,,,True,False,2_cross_split,,293
test/pituitary/brisc2025_test_00984_pi_sa_t1.jpg,train/pituitary/brisc2025_train_04950_pi_sa_t1.jpg,09960ed6694d446e580565c1ee1d7f109f2e7299a0d27ac82fb2a7fb91c65844,79100a40899dc93068e8e48589201542f9b393c246723370d9e102dae642c743,2,False,False,True,,,,True,False,2_cross_split,test/pituitary/brisc2025_test_00984_pi_sa_t1.jpg,310
test/pituitary/brisc2025_test_00987_pi_sa_t1.jpg,train/pituitary/brisc2025_train_04958_pi_sa_t1.jpg,14aee8093d55c10aa845a1536869915126bab2ad02c2992e4fb423b83e17f25b,0c337c4e3c72a4952c4ea2418909c62cc05a035254c5d835be6871c662947c3d,2,False,False,True,,,,True,False,2_cross_split,,311
test/pituitary/brisc2025_test_00993_pi_sa_t1.jpg,train/pituitary/brisc2025_train_04977_pi_sa_t1.jpg,5f892bb1a24838176e76b7f6a6f807e2f7688bb5e2be2783730041e92aee12f2,bc0b13a33bc8479e7dd47949b94e9487a81caef38c12adf9ec8b9cab7ed30b54,2,False,False,True,,,,True,False,2_cross_split,test/pituitary/brisc2025_test_00993_pi_sa_t1.jpg,315
test/glioma/brisc2025_test_00036_gl_ax_t1.jpg,train/glioma/brisc2025_train_00041_gl_ax_t1.jpg,ce9d2e567f3f432253f857c7546baebc7331feeff271b105fa52992a2bc6a0da,3306a930faabe607950226a55c6364e96562af7d407ae2d031cca687e91124c4,4,False,False,True,,,,True,False,2_cross_split,test/glioma/brisc2025_test_00036_gl_ax_t1.jpg,5
test/glioma/brisc2025_test_00037_gl_ax_t1.jpg,train/glioma/brisc2025_train_00042_gl_ax_t1.jpg,c930a430dc434a7543254b3d082e9fbdf27b646cf8babdb06402524c7f67a896,57d4e24d04f8e9adf5ffbb28a2dcdb782d4bc21eb0c138a491177db8996bb4bd,4,False,False,True,,,,True,False,2_cross_split,test/glioma/brisc2025_test_00037_gl_ax_t1.jpg,6
test/glioma/brisc2025_test_00039_gl_ax_t1.jpg,train/glioma/brisc2025_train_00049_gl_ax_t1.jpg,e2a3a5edcdbf2de3d11a36d19e8ce37d729fb8d16005313643879ff33ccd0c38,a8b31d464bd1efc9fb1aa17d15bb119363e5e85e71f738a7e9ad446e73440608,4,False,False,True,,,,True,False,2_cross_split,,7
test/glioma/brisc2025_test_00040_gl_ax_t1.jpg,train/glioma/brisc2025_train_00061_gl_ax_t1.jpg,95d80ee78fb58a0ad2e55530eee396b4bdad3069abbe8a266019b28aa76821db,e2b835d75860e3b9ba30540246852fb83ec3e455c5915ff90e3de303f0f9bf75,4,False,False,True,,,,True,False,2_cross_split,test/glioma/brisc2025_test_00040_gl_ax_t1.jpg,8
test/glioma/brisc2025_test_00043_gl_ax_t1.jpg,train/glioma/brisc2025_train_00068_gl_ax_t1.jpg,0fb5f45a7383c388d55ba7e1963e91890e57a9a3bd5e4baa1595ed0a087a21d5,ff63857a8aa06cdbfbd40b5d828324866fe91cab14c886957162af8164aaba7f,4,False,False,True,,,,True,False,2_cross_split,test/glioma/brisc2025_test_00043_gl_ax_t1.jpg,9
test/glioma/brisc2025_test_00044_gl_ax_t1.jpg,train/glioma/brisc2025_train_00089_gl_ax_t1.jpg,d6d3f99d4249b326cbbac234c0be94db52fc63dbc3c49034631709310a7c75d2,f54205647aa37f0362d44e0eeec99589ae01037820c1ff9af4ff958e7b6e7057,4,False,False,True,,,,True,False,2_cross_split,test/glioma/brisc2025_test_00044_gl_ax_t1.jpg,10
test/glioma/brisc2025_test_00047_gl_ax_t1.jpg,train/glioma/brisc2025_train_00288_gl_ax_t1.jpg,173221c93dc6dbda85f9b57fd1fbd8ceb58ddcdb215a8214dfbddb63c0dd5d81,770663e653ee48f4ac6ab197cf68c0e581b6f69980b751a0d231eee00c1c0988,4,False,False,True,,,,True,False,2_cross_split,test/glioma/brisc2025_test_00047_gl_ax_t1.jpg,11
test/glioma/brisc2025_test_00050_gl_ax_t1.jpg,train/glioma/brisc2025_train_00171_gl_ax_t1.jpg,f8bec64f8353df26bb4ea7aee12c74f9282adefc5844ad0f82e5f3e1b59ee7c1,8baa5a5f3db8045c5780261a61f932cfe7933871b8f62b0df2292fc3cd06d7cf,4,False,False,True,,,,True,False,2_cross_split,test/glioma/brisc2025_test_00050_gl_ax_t1.jpg,12
test/glioma/brisc2025_test_00054_gl_ax_t1.jpg,train/glioma/brisc2025_train_00189_gl_ax_t1.jpg,4b06be5d6000b7eba922e06c32ee96aaa79282741d14b504618d38c6e81d6781,ea1aeb385b71f0ab30d72801ee351a7d575b24077c75f25277cdd7e1484b568b,4,False,False,True,,,,True,False,2_cross_split,test/glioma/brisc2025_test_00054_gl_ax_t1.jpg,13
test/glioma/brisc2025_test_00054_gl_ax_t1.jpg,train/glioma/brisc2025_train_00190_gl_ax_t1.jpg,4b06be5d6000b7eba922e06c32ee96aaa79282741d14b504618d38c6e81d6781,c3b3d0cac8b16892db83d9cacf965b5d601531942a43d53fc8016b4c94c81b29,4,False,False,True,,,,True,False,2_cross_split,,13
test/glioma/brisc2025_test_00056_gl_ax_t1.jpg,train/glioma/brisc2025_train_00205_gl_ax_t1.jpg,b9771e729515d78dbfde511d4d068099ea2aea31cb405b6ce697515077ba912e,55e3241ead513e576d1096c1011063d0ac11c7e9191d41dc84650bd5903910e1,4,False,False,True,,,,True,False,2_cross_split,test/glioma/brisc2025_test_00056_gl_ax_t1.jpg,14
test/glioma/brisc2025_test_00058_gl_ax_t1.jpg,train/glioma/brisc2025_train_00219_gl_ax_t1.jpg,ab3ebe1e4c9b2ee0fc719c1eb440e370252a70497525ff3483e41e9ed41e9274,e56c899bee7db956bcf23da3742f12a1b575b2954b7b411e441d7a53f5a71cb9,4,False,False,True,,,,True,False,2_cross_split,test/glioma/brisc2025_test_00058_gl_ax_t1.jpg,15
test/glioma/brisc2025_test_00059_gl_ax_t1.jpg,train/glioma/brisc2025_train_00224_gl_ax_t1.jpg,f291d0d24d256a7ca17123327c52d9cbfbeb1ff54abca38f0eb7529b6e2b06c6,a607ce2f9e06b77e7674fd064d1cfd1649f99c02d97715027b875923c6e6376d,4,False,False,True,,,,True,False,2_cross_split,test/glioma/brisc2025_test_00059_gl_ax_t1.jpg,16
test/glioma/brisc2025_test_00059_gl_ax_t1.jpg,train/glioma/brisc2025_train_00225_gl_ax_t1.jpg,f291d0d24d256a7ca17123327c52d9cbfbeb1ff54abca38f0eb7529b6e2b06c6,77294e4b28ef2d2346aa08178d22d869f6aa9992e2b65fe84a4253d3b6425034,4,False,False,True,,,,True,False,2_cross_split,,16
test/glioma/brisc2025_test_00067_gl_ax_t1.jpg,train/glioma/brisc2025_train_00241_gl_ax_t1.jpg,ca5396512f1f123a378f039ddbeaaa41e9bb091ef8fd3397e8385225b75bae86,567a6734a79f0d61c5380befc6bc2269f86ec8ab0fd5b476f84e264571c99096,4,False,False,True,,,,True,False,2_cross_split,test/glioma/brisc2025_test_00067_gl_ax_t1.jpg,18
test/glioma/brisc2025_test_00068_gl_ax_t1.jpg,train/glioma/brisc2025_train_00270_gl_ax_t1.jpg,cb0c965a4479579af7ed64dd9fae6e0b081981718fe097387f8f7e1c5b2bfc30,b0ce980808ccd0998dcd201dcc847e89396256d023ba6948b2de712b5bb94e75,4,False,False,True,,,,True,False,2_cross_split,,19
test/glioma/brisc2025_test_00069_gl_ax_t1.jpg,train/glioma/brisc2025_train_00318_gl_ax_t1.jpg,78cd99ecf8a6ec2a08c6ac1d90837bcdea52cded1ca298c8f6fadb74cef68bf1,4cde248af7624252afe1d9c5e77a3a70c8841478dc9d9dc3e2ebf65a37a4d1fe,4,False,False,True,,,,True,False,2_cross_split,test/glioma/brisc2025_test_00069_gl_ax_t1.jpg,20
test/glioma/brisc2025_test_00069_gl_ax_t1.jpg,train/glioma/brisc2025_train_00321_gl_ax_t1.jpg,78cd99ecf8a6ec2a08c6ac1d90837bcdea52cded1ca298c8f6fadb74cef68bf1,75b867a885b9bb9bb3b6e2d74038ff8dcde49857a22c8b0619bf1b56b20078f9,4,False,False,True,,,,True,False,2_cross_split,,20
test/glioma/brisc2025_test_00071_gl_ax_t1.jpg,train/glioma/brisc2025_train_00345_gl_ax_t1.jpg,4cfde810585be24684264f80eb7182aaba109b75a4028c6d288df6ea1a7c24a9,61d631f96bd3b2bb762268b52b221aee5d42757d2dc193c86feb17d8e0e761b9,4,False,False,True,,,,True,False,2_cross_split,test/glioma/brisc2025_test_00071_gl_ax_t1.jpg,21
test/glioma/brisc2025_test_00073_gl_ax_t1.jpg,train/glioma/brisc2025_train_00348_gl_ax_t1.jpg,6e1d1d28c6d3d77256d639f1271a463d9bafd624538037753e378f44e7bc7296,be91fdf9a45366980a8bb34cf999c79fa0c532bf00da50394a8f12476a87c805,4,False,False,True,,,,True,False,2_cross_split,test/glioma/brisc2025_test_00073_gl_ax_t1.jpg,22
test/glioma/brisc2025_test_00076_gl_ax_t1.jpg,train/glioma/brisc2025_train_00357_gl_ax_t1.jpg,2b707db51fdf0c36d3af329a79031bfc042f40d9fa2ba84769997926a4286b32,48d3d754fce9f1cdddc5ce0a21cf09c1d14ef0bb09193d02079ee505748a1145,4,False,False,True,,,,True,False,2_cross_split,test/glioma/brisc2025_test_00076_gl_ax_t1.jpg,24
test/glioma/brisc2025_test_00077_gl_ax_t1.jpg,train/glioma/brisc2025_train_00367_gl_ax_t1.jpg,15da8d206da1a200043f206ded27ac7d06184a6844ac57e421e25fc2762666ea,8ebe9b308f61f2360b84374719a1cfc287654fe7f457c30266a7cf7f6d28a147,4,False,False,True,,,,True,False,2_cross_split,test/glioma/brisc2025_test_00077_gl_ax_t1.jpg,25
test/glioma/brisc2025_test_00080_gl_ax_t1.jpg,train/glioma/brisc2025_train_00376_gl_ax_t1.jpg,8eb1ff1c0da0eec3cea9f28d274a099689c772eafe8cd586b4016fc844afb06a,2389fda31023448903058a7d6e6481baf349d5f925b8e3bb134bd28bd77cb318,4,False,False,True,,,,True,False,2_cross_split,test/glioma/brisc2025_test_00080_gl_ax_t1.jpg,26
test/glioma/brisc2025_test_00082_gl_ax_t1.jpg,train/glioma/brisc2025_train_00382_gl_ax_t1.jpg,6b693a41d8af737afdc7750b775244c3289750d35a271268b7bbb6a81c5f84dc,8fc64ad2589ff8bcd3ed24e8a4730eadd997f17f1a64f509beb3952cef3a5c50,4,False,False,True,,,,True,False,2_cross_split,test/glioma/brisc2025_test_00082_gl_ax_t1.jpg,27
test/glioma/brisc2025_test_00083_gl_ax_t1.jpg,train/glioma/brisc2025_train_00138_gl_ax_t1.jpg,a98eaad5f17d44f5962e143f5eab48a56b037f889183615c726c26a72b9ef613,80882336cbcee87273f0092823a3f38023ec7264ea986c0dcef324fd39ba4c0f,4,False,False,True,,,,True,False,2_cross_split,test/glioma/brisc2025_test_00083_gl_ax_t1.jpg,28
test/glioma/brisc2025_test_00085_gl_ax_t1.jpg,train/glioma/brisc2025_train_00392_gl_ax_t1.jpg,5a743e10f894f426ba66ad637f38cd9246dae2ab6c5ad688316df12d45c0c5fc,288ddd10085c840be845b8ca9c447be63435ef106dbb5a41bcf2cf41ac16fefe,4,False,False,True,,,,True,False,2_cross_split,,29
test/glioma/brisc2025_test_00086_gl_co_t1.jpg,train/glioma/brisc2025_train_00428_gl_co_t1.jpg,6674e11f2138d476e985e5ab20b8550b049c9bc205341a753a500ac2d420321e,f18608438118e39d661c5f82242ace781a24cc8c61bf9d44aaf10aff1399df13,4,False,False,True,,,,True,False,2_cross_split,test/glioma/brisc2025_test_00086_gl_co_t1.jpg,30
test/glioma/brisc2025_test_00110_gl_co_t1.jpg,train/glioma/brisc2025_train_00445_gl_co_t1.jpg,d9f4b45dbd6b4583a3a2a7f3e080221f0e80be285de21fe7e37bd32b5f5d220e,bf416c724c2f6de1aef758d25d5b5062490b3c05563de10f3fa268516607f6f4,4,False,False,True,,,,True,False,2_cross_split,test/glioma/brisc2025_test_00110_gl_co_t1.jpg,31
test/glioma/brisc2025_test_00119_gl_co_t1.jpg,train/glioma/brisc2025_train_01059_gl_sa_t1.jpg,b8573d5300527719e95d55e4503314a1cf0169916b788c37c2c2e5ab3b24a97d,f65c46f6667ee0df250bd7917a4c946e7e347207fbabf3567ab197fc87e0c973,4,False,False,True,,,,True,False,2_cross_split,,32
test/glioma/brisc2025_test_00120_gl_co_t1.jpg,train/glioma/brisc2025_train_00457_gl_co_t1.jpg,bd5d39524c7204ea272cf1a3313a232d65c17d784bd1d3d576b790512b8291e7,d3bce98c65a941987f2537179bad151340668069f674620dacebc37a997883d0,4,False,False,True,,,,True,False,2_cross_split,test/glioma/brisc2025_test_00120_gl_co_t1.jpg,33
test/glioma/brisc2025_test_00121_gl_co_t1.jpg,train/glioma/brisc2025_train_00464_gl_co_t1.jpg,22e6ce785d5be9241f30dc8d070127eb89d6341e66aeb0f2f9fd1c2e5e27756e,df89ff0f2ee56c5d299c461a8ec150ae06fb09dae8ec99322056099a7807d89d,4,False,False,True,,,,True,False,2_cross_split,test/glioma/brisc2025_test_00121_gl_co_t1.jpg,34
test/glioma/brisc2025_test_00122_gl_co_t1.jpg,train/glioma/brisc2025_train_00465_gl_co_t1.jpg,a9fe16be042acc81a47275440f0ff311aa3b27462afbc7fbc53b355eeba3c477,292cfdbd74c8bf8ac410d5a84d521ddc179c67a4001df1c21c29af485eb09a38,4,False,False,True,,,,True,False,2_cross_split,test/glioma/brisc2025_test_00122_gl_co_t1.jpg,35
test/glioma/brisc2025_test_00123_gl_co_t1.jpg,train/glioma/brisc2025_train_00468_gl_co_t1.jpg,432e7742528502311b8b4c481d2c7d0b26ccf4eb75717efe5cf55b62cfef0114,43e6232c360aabfa563e128bf0127bcebe0f4dc9c0896e9881a2856f77ac51d7,4,False,False,True,,,,True,False,2_cross_split,test/glioma/brisc2025_test_00123_gl_co_t1.jpg,36
test/glioma/brisc2025_test_00132_gl_co_t1.jpg,train/glioma/brisc2025_train_00580_gl_co_t1.jpg,138ea2d9b80d50f67c5d1aebb2a804fa92ffb09f1210b4507ea9412f30190213,272f2bdb7e437606cd32b618d9a9756244d38d51208d0976b390cfed3ce4334d,4,False,False,True,,,,True,False,2_cross_split,test/glioma/brisc2025_test_00132_gl_co_t1.jpg,37
test/glioma/brisc2025_test_00137_gl_co_t1.jpg,train/glioma/brisc2025_train_00644_gl_co_t1.jpg,e4faa80962c2a99771ccd8fb0633f4ee6e841412882f223c9d2315fcf1c3f2d8,ee9036fddb23258b41587f7eb99d87761d0570f2a776b83795148f3a4fabcd7e,4,False,False,True,,,,True,False,2_cross_split,test/glioma/brisc2025_test_00137_gl_co_t1.jpg,38
test/glioma/brisc2025_test_00138_gl_co_t1.jpg,train/glioma/brisc2025_train_00648_gl_co_t1.jpg,5d4014bf74d525b80c7fa3c1f3bc09fb42aa4238abb1b2fd086a480c8580250b,49c20e434d16b0f9ca7cfbd700c8d00153693c4eeee8067688049d22281ece65,4,False,False,True,,,,True,False,2_cross_split,test/glioma/brisc2025_test_00138_gl_co_t1.jpg,39
test/glioma/brisc2025_test_00139_gl_co_t1.jpg,train/glioma/brisc2025_train_00673_gl_co_t1.jpg,21d845936e01f927c6789ecbad66243fab37fb3e8be664c865229f49cc5c9a72,f7023a245bf0285e63f5f89fb56c8167d105ee5a3b3f38d56d475955d4e2b323,4,False,False,True,,,,True,False,2_cross_split,test/glioma/brisc2025_test_00139_gl_co_t1.jpg,40
test/glioma/brisc2025_test_00181_gl_sa_t1.jpg,train/glioma/brisc2025_train_00917_gl_sa_t1.jpg,b2d13289d89471bf9313d1ca87bb41179dfd9c765f3ee45146146eb21c127163,7c615e7c472531a849de87a61f16f20c260f49127e05d12f1c899af800a74e48,4,False,False,True,,,,True,False,2_cross_split,test/glioma/brisc2025_test_00181_gl_sa_t1.jpg,44
test/glioma/brisc2025_test_00182_gl_sa_t1.jpg,train/glioma/brisc2025_train_00925_gl_sa_t1.jpg,5501114f7e345f134e21181a7d1379646f42e09cee186f0de521d0836c62f7d2,39def2d3a848e65636053661a662f85d916542575789feb316722bc73ee0b76f,4,False,False,True,,,,True,False,2_cross_split,test/glioma/brisc2025_test_00182_gl_sa_t1.jpg,45
test/glioma/brisc2025_test_00184_gl_sa_t1.jpg,train/glioma/brisc2025_train_00931_gl_sa_t1.jpg,575c7c97705e57ae94d0134ff3cc3259ade68d1d634ef9edd5275b91e753a1a0,74361d9da7838b3530a0903670cdbdec6513cf302ad72b9c83b8c8fc7f497697,4,False,False,True,,,,True,False,2_cross_split,,46
test/glioma/brisc2025_test_00197_gl_sa_t1.jpg,train/glioma/brisc2025_train_00979_gl_sa_t1.jpg,8f369f6871534d3d3ae075fde6719e27b5d66d6ce46ae451eeda39ebaa7503a1,840dbb222ae5c8eb09038dc014f023ff1e0e440f872e81a52904bb2b1c3046eb,4,False,False,True,,,,True,False,2_cross_split,test/glioma/brisc2025_test_00197_gl_sa_t1.jpg,50
test/glioma/brisc2025_test_00198_gl_sa_t1.jpg,train/glioma/brisc2025_train_00982_gl_sa_t1.jpg,c2e3737a7f0ce508c3e91e12548ff07d3e9c6be37c95692c997fa869c9fec6f8,699bb3d7ac76c2c4c8a0c9f379748aac56b3895291a94cc42e939aa0ad6a59b4,4,False,False,True,,,,True,False,2_cross_split,test/glioma/brisc2025_test_00198_gl_sa_t1.jpg,51
test/glioma/brisc2025_test_00200_gl_sa_t1.jpg,train/glioma/brisc2025_train_00985_gl_sa_t1.jpg,22ea78580226301ff5aee59c2e2bc3196dc594e5347d264ef5cc3eb6d41a4b35,5908812dabf4b772571d4dd67d26068672e63708b7ec505aa59b025981695e51,4,False,False,True,,,,True,False,2_cross_split,test/glioma/brisc2025_test_00200_gl_sa_t1.jpg,52
test/glioma/brisc2025_test_00203_gl_sa_t1.jpg,train/glioma/brisc2025_train_00994_gl_sa_t1.jpg,1c630853307d7d3e7afbfee536e6c0295667ddf2f9f04abdafe28384e7eb6454,e86717b349e90887cc685f35916b0b3d29203c88d2c2f9692876cba163f3288b,4,False,False,True,,,,True,False,2_cross_split,test/glioma/brisc2025_test_00203_gl_sa_t1.jpg,53
test/glioma/brisc2025_test_00204_gl_sa_t1.jpg,train/glioma/brisc2025_train_00996_gl_sa_t1.jpg,cbde75ef8d92816a7f90a7f51f0ad5d3119bfc346e8e2c66b50f7d1534387dec,1e2029b934f803f84f7a027828acc34b4c9407b9029ce394312ac8ec8e6935a4,4,False,False,True,,,,True,False,2_cross_split,test/glioma/brisc2025_test_00204_gl_sa_t1.jpg,54
test/glioma/brisc2025_test_00209_gl_sa_t1.jpg,train/glioma/brisc2025_train_01126_gl_sa_t1.jpg,2f28a9237ba6374fc408b06d971ef8d82c3148ff17b7d3312bd38ee0b06ffa35,544aa9e1829e61d95d5c2b68863dd2bd98bb44eaa198226ee55603218a1f485d,4,False,False,True,,,,True,False,2_cross_split,test/glioma/brisc2025_test_00209_gl_sa_t1.jpg,55
test/glioma/brisc2025_test_00211_gl_sa_t1.jpg,train/glioma/brisc2025_train_01013_gl_sa_t1.jpg,4ab3ad332f958850eaddc12cb5359d052fbc39c91b2d9edf647cd5517ee9bef0,3ace50cbddba30e872c114c566b5c225b233acfed1a293f9e352fddd8f565a22,4,False,False,True,,,,True,False,2_cross_split,test/glioma/brisc2025_test_00211_gl_sa_t1.jpg,56
test/glioma/brisc2025_test_00211_gl_sa_t1.jpg,train/glioma/brisc2025_train_01014_gl_sa_t1.jpg,4ab3ad332f958850eaddc12cb5359d052fbc39c91b2d9edf647cd5517ee9bef0,5b7a3cbae3883d2f4933920cdca94c21e518ad8f961dec14a05dcdfc980a1518,4,False,False,True,,,,True,False,2_cross_split,,56
test/glioma/brisc2025_test_00216_gl_sa_t1.jpg,train/glioma/brisc2025_train_01026_gl_sa_t1.jpg,ff0ace20f017c3842d7e0454717d84686fe58991e4b19d4594733bf00544b518,10b538366237cb45e56dcc329de63b1adbed5524816feb3680653f71bfe79607,4,False,False,True,,,,True,False,2_cross_split,test/glioma/brisc2025_test_00216_gl_sa_t1.jpg,58
test/glioma/brisc2025_test_00225_gl_sa_t1.jpg,train/glioma/brisc2025_train_01078_gl_sa_t1.jpg,6f4752b24a8c033c67393679789dc3ee430a451ae2151c5a02f4b230963a5b5e,89f077dc94e5b6bf37e7eb9aab158f7594a6044d5b1d56cb200a05bc3e941029,4,False,False,True,,,,True,False,2_cross_split,test/glioma/brisc2025_test_00225_gl_sa_t1.jpg,59
test/glioma/brisc2025_test_00226_gl_sa_t1.jpg,train/glioma/brisc2025_train_01079_gl_sa_t1.jpg,b5393d3baed219c641af40f24d5750ee867905da184461858da29f776dbe274a,77c7fb8cbe809e3d786a98e9cd84eeb3bbac562bc85412dc28a28cfb54183080,4,False,False,True,,,,True,False,2_cross_split,test/glioma/brisc2025_test_00226_gl_sa_t1.jpg,60
test/glioma/brisc2025_test_00235_gl_sa_t1.jpg,train/glioma/brisc2025_train_01096_gl_sa_t1.jpg,c383ffac14bfe053162381377471fdc69710b15fb057259a0a02a0e66c1c8d3e,e7e429b0d926ab776e1cba6db896f9e08c3168dc2f9f5a59158c9e0276011159,4,False,False,True,,,,True,False,2_cross_split,test/glioma/brisc2025_test_00235_gl_sa_t1.jpg,61
test/glioma/brisc2025_test_00241_gl_sa_t1.jpg,train/glioma/brisc2025_train_01118_gl_sa_t1.jpg,b56b0558e6a73d3aa552595eda9fd9957bd32b084c817ca3d5b8734e23965416,bdb64c23789c446afb48e95af44301a4af05470aa7273f03d7e72b27139d4518,4,False,False,True,,,,True,False,2_cross_split,test/glioma/brisc2025_test_00241_gl_sa_t1.jpg,63
test/glioma/brisc2025_test_00246_gl_sa_t1.jpg,train/glioma/brisc2025_train_01125_gl_sa_t1.jpg,acdc15cc5020bfdc4a5482d22b4af25687b06eee9c305841f84e8738b8b40db3,54adeaab155f8d354d91a7212ade47d72706aa1f3bc8f5a40e09ee5c59d54f10,4,False,False,True,,,,True,False,2_cross_split,test/glioma/brisc2025_test_00246_gl_sa_t1.jpg,65
test/glioma/brisc2025_test_00254_gl_sa_t1.jpg,train/glioma/brisc2025_train_01147_gl_sa_t1.jpg,e0ff0040d0c3ccf69ec8553d478d2a05ff410a4aef84307da60234ccc942e4da,42a092ba18aa277571a80e6426381a69e1e7670b7d94ac14b259116080281a53,4,False,False,True,,,,True,False,2_cross_split,,66
test/meningioma/brisc2025_test_00277_me_ax_t1.jpg,train/meningioma/brisc2025_train_01378_me_ax_t1.jpg,b1836f483d7ab83307c909363656cb6aa3ab4b707343d4f5bafdc5f45890935e,c6c7b3131d20b2ffad95ed0821665cbb7ef9595b0f5c21478647a4bff22a7d15,4,False,False,True,,,,False,False,2_cross_split,test/meningioma/brisc2025_test_00277_me_ax_t1.jpg,86
test/meningioma/brisc2025_test_00307_me_ax_t1.jpg,train/meningioma/brisc2025_train_01387_me_ax_t1.jpg,20c540c392630d5bba27c8a6c47a1933df2a9803135b061ef80652904e810432,23f28ae3e7fa2f1560f4d1a399198490c4516ca9e5c9e8e54cc54494adc26b22,4,False,False,True,,,,False,False,2_cross_split,,108
test/meningioma/brisc2025_test_00311_me_ax_t1.jpg,train/meningioma/brisc2025_train_01410_me_ax_t1.jpg,59d5ca6397cbfb618d05b0e240b138fb61c3f3832b6a70b3f7b9a96806ef4582,fc458c85a8432d97d5276d861e9779b4fedf0aef785896a69200fb973b495544,4,False,False,True,,,,False,False,2_cross_split,,112
test/meningioma/brisc2025_test_00328_me_ax_t1.jpg,train/meningioma/brisc2025_train_01162_me_ax_t1.jpg,a08bbb3b39c0ec7b7050faefc3bc310a76b441e14f45eacf45d8d36b6fd7dd32,c6f2d09f007c950bea3adc4298d5aedfe60187beafe26df9120fece18915d583,4,False,False,True,,,,True,False,2_cross_split,test/meningioma/brisc2025_test_00328_me_ax_t1.jpg,122
test/meningioma/brisc2025_test_00331_me_ax_t1.jpg,train/meningioma/brisc2025_train_01170_me_ax_t1.jpg,303f752cda7b8b63f4f97dcd0cbbc06db535f963ab1608925215cf2c773b6d89,87fcc40c8b78be67e89584493312173a8712b6764863f141088aa8b69ad55565,4,False,False,True,,,,True,False,2_cross_split,test/meningioma/brisc2025_test_00331_me_ax_t1.jpg,123
test/meningioma/brisc2025_test_00334_me_ax_t1.jpg,train/meningioma/brisc2025_train_01180_me_ax_t1.jpg,10b81aeaa0065c1e8ee714e5db4c3a08e323bc3466a2124e7ddd0968117a8ecf,45e2003ab5fc0d91415e7c67300e1a5da63da257283ba0237f11679b478cc9f7,4,False,False,True,,,,True,False,2_cross_split,test/meningioma/brisc2025_test_00334_me_ax_t1.jpg,124
test/meningioma/brisc2025_test_00338_me_ax_t1.jpg,train/meningioma/brisc2025_train_01192_me_ax_t1.jpg,3042b925c7dcf2cad4ede1d56d803fbbb0d60501aa77f91e36b6806c12b53601,13d08e8ef10ff5a79c5b61032e2ddb77be86fe5c9e5c4466452c4b48a985f21d,4,False,False,True,,,,True,False,2_cross_split,test/meningioma/brisc2025_test_00338_me_ax_t1.jpg,126
test/meningioma/brisc2025_test_00339_me_ax_t1.jpg,train/meningioma/brisc2025_train_01211_me_ax_t1.jpg,677cf7d6e793898a9379c285d571df2367535484a2d1eb1a3dc147ad987d9ba7,9793890c7897afc841b9d8866128850ab507aaeaa0e2eaf4d40d2e38b617cc7e,4,False,False,True,,,,True,False,2_cross_split,test/meningioma/brisc2025_test_00339_me_ax_t1.jpg,127
test/meningioma/brisc2025_test_00341_me_ax_t1.jpg,train/meningioma/brisc2025_train_01200_me_ax_t1.jpg,a9394527f65dd440573d41c082bfeaed91e3f2ca4261b07f286b86a946b56319,ab3ff5117ba55f255f9dac3795e42eafe2c1101d1f142fd8e052bbf3ba85ed0a,4,False,False,True,,,,True,False,2_cross_split,test/meningioma/brisc2025_test_00341_me_ax_t1.jpg,128
test/meningioma/brisc2025_test_00353_me_ax_t1.jpg,train/meningioma/brisc2025_train_01306_me_ax_t1.jpg,a04c126a3ee423c1e4b9661ce82f467dc0a93699df81ce9f2496bc0bee7291d8,c05fcc3657c8950f588e6e56d34a278b3e03e283225f08217c21ec4f12063a64,4,False,False,True,,,,True,False,2_cross_split,test/meningioma/brisc2025_test_00353_me_ax_t1.jpg,132
test/meningioma/brisc2025_test_00356_me_ax_t1.jpg,train/meningioma/brisc2025_train_01410_me_ax_t1.jpg,ea27637d808fa8bf891e7249851da44df14b38315095b03db33591b2a386aca0,fc458c85a8432d97d5276d861e9779b4fedf0aef785896a69200fb973b495544,4,False,False,True,,,,True,False,2_cross_split,,112
test/meningioma/brisc2025_test_00358_me_ax_t1.jpg,train/meningioma/brisc2025_train_01415_me_ax_t1.jpg,3a4048513cf7c96b0e4ff2879e947d20ab40bb15745767e4fa825c8479d2a18b,8c52e46713c3f81674ca2dd61485e0e047945d14a5922d070affb14e1a7043af,4,False,False,True,,,,True,False,2_cross_split,test/meningioma/brisc2025_test_00358_me_ax_t1.jpg,133
test/meningioma/brisc2025_test_00359_me_ax_t1.jpg,train/meningioma/brisc2025_train_01420_me_ax_t1.jpg,9bd07e3fe890788c7d5bc8a5b1352763157cc136bf8b57917d4f1fb382a7f7ec,20a6c3852b5abc6ac580b5524ff21e74da26d2032509907436856d31cbc702d0,4,False,False,True,,,,True,False,2_cross_split,test/meningioma/brisc2025_test_00359_me_ax_t1.jpg,2
test/meningioma/brisc2025_test_00360_me_ax_t1.jpg,train/meningioma/brisc2025_train_01414_me_ax_t1.jpg,c88bc40e0c589e1ea9b44de21425d12e602dd8d9a46378cac609f9867acacd0a,31fe2fd6835e25ef2b1700187001432ce685c684b5233619be97866742b777cd,4,False,False,True,,,,True,False,2_cross_split,test/meningioma/brisc2025_test_00360_me_ax_t1.jpg,134
test/meningioma/brisc2025_test_00360_me_ax_t1.jpg,train/meningioma/brisc2025_train_01428_me_ax_t1.jpg,c88bc40e0c589e1ea9b44de21425d12e602dd8d9a46378cac609f9867acacd0a,5dd4b7499ca468bf7d94ad9fee5bb43a42ec718e7192324322186cebbfca737e,4,False,False,True,,,,True,False,2_cross_split,,134
test/meningioma/brisc2025_test_00367_me_ax_t1.jpg,train/meningioma/brisc2025_train_01452_me_ax_t1.jpg,b0d64ca0ec39354a3715626e8a6df4c456c007f218a6c83722da8533b99031bf,23a5c32e914eba2dcb9d116dfa56e433bbffe4378ced9629a13c72c35b6a5b87,4,False,False,True,,,,True,False,2_cross_split,,138
test/meningioma/brisc2025_test_00371_me_ax_t1.jpg,train/meningioma/brisc2025_train_01463_me_ax_t1.jpg,8d03a7f8015f5b37f7486b00e7bb9f13782b95bc39cd5cff726af2d3464e1f92,b75d3b17c45d310834ba37802dac2af44f72f92f033af6e5279ce998786abdc1,4,False,False,True,,,,True,False,2_cross_split,test/meningioma/brisc2025_test_00371_me_ax_t1.jpg,140
test/meningioma/brisc2025_test_00372_me_ax_t1.jpg,train/meningioma/brisc2025_train_01542_me_ax_t1.jpg,7e0fa93e6aadbd0d53be5c7afb1c820d7f9e504d54a62b68ee2fba57d9756a60,7ef594e83cf6835f4322ef90acbf37f27bab5b3ec275e20d83c52f7f13e370a6,4,False,False,True,,,,True,False,2_cross_split,test/meningioma/brisc2025_test_00372_me_ax_t1.jpg,141
test/meningioma/brisc2025_test_00381_me_ax_t1.jpg,train/meningioma/brisc2025_train_01496_me_ax_t1.jpg,4b819b2901adddfa20ab471258e64bc542b7a3f18ec4e1fac51e7a5696894127,0a8a69c2909d4b13309e27eb5668c2639a7e4970fc8aa02289ba9e5e6c2e33eb,4,False,False,True,,,,True,False,2_cross_split,test/meningioma/brisc2025_test_00381_me_ax_t1.jpg,144
test/meningioma/brisc2025_test_00384_me_ax_t1.jpg,train/meningioma/brisc2025_train_01545_me_ax_t1.jpg,4ca0fcda8bd93f967f468463b0c93dbe4b16887da2987c5e37f1eb00ddcb2fb6,6e5ca8d2cbba5c2a2633f42b799660ff02b02dec3cbc72cc6263797f759137ea,4,False,False,True,,,,True,False,2_cross_split,test/meningioma/brisc2025_test_00384_me_ax_t1.jpg,145
test/meningioma/brisc2025_test_00384_me_ax_t1.jpg,train/meningioma/brisc2025_train_01546_me_ax_t1.jpg,4ca0fcda8bd93f967f468463b0c93dbe4b16887da2987c5e37f1eb00ddcb2fb6,592e6bac493629742729200e79098e971a4df440405a30e99810f82bf27b5427,4,False,False,True,,,,True,False,2_cross_split,,145
test/meningioma/brisc2025_test_00388_me_ax_t1.jpg,train/meningioma/brisc2025_train_01561_me_ax_t1.jpg,8043af2c8224d134606bb9cfa9637e7a974cf8985892a0158517f378b1b129b2,bdfef5ffb30d007a969ee40f022f789aebdd89a3fd390ebf6a4607b01b4daea3,4,False,False,True,,,,True,False,2_cross_split,test/meningioma/brisc2025_test_00388_me_ax_t1.jpg,147
test/meningioma/brisc2025_test_00389_me_ax_t1.jpg,train/meningioma/brisc2025_train_01564_me_ax_t1.jpg,d07872df5218bcb7145de53f60737b138a2a8b9edd362b758b25106456044985,aeca95c8fa91b70333e82dc035fafc8eeb4bce4a7dcc86392fe2f2b6897d3b99,4,False,False,True,,,,True,False,2_cross_split,test/meningioma/brisc2025_test_00389_me_ax_t1.jpg,148
test/meningioma/brisc2025_test_00435_me_co_t1.jpg,train/meningioma/brisc2025_train_01858_me_co_t1.jpg,77d1a53171807f4ac1df61651a8f2fc8f631ef6632810bd69abc454f60068cef,193a67c6940542684a72ac8d2353cf27d3702dd9cf5c16ae79f23bfcf24b4287,4,False,False,True,,,,True,False,2_cross_split,test/meningioma/brisc2025_test_00435_me_co_t1.jpg,165
test/meningioma/brisc2025_test_00438_me_co_t1.jpg,train/meningioma/brisc2025_train_01865_me_co_t1.jpg,8f6fd71b2fc638c8ebff4f3e487f1ef979361cd93906e5ea51305a47896bf852,da5da424e765704b2cb9978665dfdbee5c1bbdc50a75de3de55732ba6e95ab54,4,False,False,True,,,,True,False,2_cross_split,test/meningioma/brisc2025_test_00438_me_co_t1.jpg,166
test/meningioma/brisc2025_test_00445_me_co_t1.jpg,train/meningioma/brisc2025_train_01888_me_co_t1.jpg,d9167a9fef05c1360f4232f565c0bb16d374c9e3228e06ad80898961db652909,212cc0a46983666254c8b5ea9f838d855b55b8a38e187f1e65051cc26f1664cc,4,False,False,True,,,,True,False,2_cross_split,test/meningioma/brisc2025_test_00445_me_co_t1.jpg,167
test/meningioma/brisc2025_test_00449_me_co_t1.jpg,train/meningioma/brisc2025_train_01907_me_co_t1.jpg,2672a579f7777465341466e2e9b551dca4860c4eb187e196928371bfacf46aa1,49015205f06081a262490c8de5234054d9abdfa0457a479b74760f671a0b1550,4,False,False,True,,,,True,False,2_cross_split,test/meningioma/brisc2025_test_00449_me_co_t1.jpg,168
test/meningioma/brisc2025_test_00457_me_co_t1.jpg,train/meningioma/brisc2025_train_01928_me_co_t1.jpg,a8623b666a8c0fbb5ac40954fc4bb8f5bd4ff78b89e00b757fdb87800e8172f5,6bd98378ee56157c5dc62c5686588b33ed5c311779e37126a7f79b4afed37f83,4,False,False,True,,,,True,False,2_cross_split,test/meningioma/brisc2025_test_00457_me_co_t1.jpg,169
test/meningioma/brisc2025_test_00459_me_co_t1.jpg,train/meningioma/brisc2025_train_01937_me_co_t1.jpg,32e42f314ff3317532689a888e52499ef243b1e67106c7691fd0afd40cce7a98,09c1396bd32bd4199756c3dbe63adee47c7ca836bb06ec0520e9d89c33f36d4b,4,False,False,True,,,,True,False,2_cross_split,test/meningioma/brisc2025_test_00459_me_co_t1.jpg,170
test/meningioma/brisc2025_test_00468_me_co_t1.jpg,train/meningioma/brisc2025_train_01966_me_co_t1.jpg,bf774e830df49974523263c4a9e1fb8d506bd2af7902cf9de4e505a6dbc34e7c,9c29b5b481465aa7bd177d6580d12788ae76266880f230e966d8461eb8acf1e7,4,False,False,True,,,,True,False,2_cross_split,,171
test/meningioma/brisc2025_test_00472_me_co_t1.jpg,train/meningioma/brisc2025_train_01980_me_co_t1.jpg,bc8d16b9154f8202e22275f3cc41da455c68ce89d565a9aba5a6f564bad7a34a,ecd7239367633454d44bbf208a10a7c606564d73deceb947698c432ab1065595,4,False,False,True,,,,True,False,2_cross_split,test/meningioma/brisc2025_test_00472_me_co_t1.jpg,172
test/meningioma/brisc2025_test_00474_me_co_t1.jpg,train/meningioma/brisc2025_train_01987_me_co_t1.jpg,ddfceb61b57ad2beb7509d06c86020830697d40f6eb8ef760f8854778ce55e9d,abca2b22229fea165162669f2f856566968ae17b61ffa60a43913fd97481e9bc,4,False,False,True,,,,True,False,2_cross_split,test/meningioma/brisc2025_test_00474_me_co_t1.jpg,173
test/meningioma/brisc2025_test_00497_me_sa_t1.jpg,train/meningioma/brisc2025_train_02280_me_sa_t1.jpg,cf0fd9ba3e6fa589f5b775d19e83c523c8d653e96b7652a206072d45ce0f5c0f,fd5ae8ca80af53eadf86a19a5e28e90710cc795a48df9d68052fdf771bbbd274,4,False,False,True,,,,True,False,2_cross_split,,189
test/meningioma/brisc2025_test_00498_me_sa_t1.jpg,train/meningioma/brisc2025_train_02283_me_sa_t1.jpg,9cc55cc1543d651d76f2ce4cb2dfaec2cf3e575c5545aab7101b4eb9c9bd0ca7,c59e752aa923884714155afcdfdd76f082e92f14de35e834d9a688821b0b9eff,4,False,False,True,,,,True,False,2_cross_split,,190
test/meningioma/brisc2025_test_00499_me_sa_t1.jpg,train/meningioma/brisc2025_train_02285_me_sa_t1.jpg,31eb720c5dff0cd05151d7def29463154f3d01c8ae2707c9ae36dcf859edf875,7a150a1c581ccef225181a00f0b01518438bbcb6aee85c925746f2af3d8d0f63,4,False,False,True,,,,True,False,2_cross_split,test/meningioma/brisc2025_test_00499_me_sa_t1.jpg,191
test/meningioma/brisc2025_test_00500_me_sa_t1.jpg,train/meningioma/brisc2025_train_02287_me_sa_t1.jpg,43a366a66d65cbf185118534d0e8d14f3bd5733750f5276b668b61beacd75e55,35e81a1b763295a5acecb1f54478b2ce1583ab334ad71f7e368043ab5ef176e8,4,False,False,True,,,,True,False,2_cross_split,test/meningioma/brisc2025_test_00500_me_sa_t1.jpg,192
test/meningioma/brisc2025_test_00500_me_sa_t1.jpg,train/meningioma/brisc2025_train_02288_me_sa_t1.jpg,43a366a66d65cbf185118534d0e8d14f3bd5733750f5276b668b61beacd75e55,3b7d1314e0187929a5ef5813ee5b954e3ad4973e4045d0d08141a385d5e14ebc,4,False,False,True,,,,True,False,2_cross_split,,192
test/meningioma/brisc2025_test_00502_me_sa_t1.jpg,train/meningioma/brisc2025_train_02281_me_sa_t1.jpg,f612fbb182e66e066f6f221721fe9e5f96a5d3289298b490526d0c453306c586,dff24e77000735d77a3c02cffbddcabfe591ed9ae5d9263e588441dc78cd03f9,4,False,False,True,,,,True,False,2_cross_split,test/meningioma/brisc2025_test_00502_me_sa_t1.jpg,193
test/meningioma/brisc2025_test_00502_me_sa_t1.jpg,train/meningioma/brisc2025_train_02296_me_sa_t1.jpg,f612fbb182e66e066f6f221721fe9e5f96a5d3289298b490526d0c453306c586,cc2ad61b029bba91680bf86cd7f66da1e077236d98a79b281600c0e44beca5c1,4,False,False,True,,,,True,False,2_cross_split,,193
test/meningioma/brisc2025_test_00510_me_sa_t1.jpg,train/meningioma/brisc2025_train_02323_me_sa_t1.jpg,5c0b433669a9fa6e57fe96a5d523fae9ce2e8bc11d61e3ff16cb34ef393e7387,d620cb0e3d960389b9a5a9684831c19e88736d2941e9bdb6b6a5a57effc79507,4,False,False,True,,,,True,False,2_cross_split,test/meningioma/brisc2025_test_00510_me_sa_t1.jpg,194
test/meningioma/brisc2025_test_00514_me_sa_t1.jpg,train/meningioma/brisc2025_train_02334_me_sa_t1.jpg,6b922e9a49199b33c949b64ba4bd3103493d85fb99422640bfac674c5a830724,6fbb477712c85964f6f10d62b4b0e3c1aa75d4207f89dfbe7bc17ba271f3971f,4,False,False,True,,,,True,False,2_cross_split,,195
test/meningioma/brisc2025_test_00520_me_sa_t1.jpg,train/meningioma/brisc2025_train_02354_me_sa_t1.jpg,46831db37510009c86776e55347b754e509afdd5bda836214f7d0d1045a13984,c6e8617297566fce8a711b96cad066cf12f38536cb1f0715433d1a63c8a18007,4,False,False,True,,,,True,False,2_cross_split,test/meningioma/brisc2025_test_00520_me_sa_t1.jpg,196
test/meningioma/brisc2025_test_00523_me_sa_t1.jpg,train/meningioma/brisc2025_train_02361_me_sa_t1.jpg,39493de1c9c5bbdd4c91e39b2d45cf307b99e4a7795bb38cd4b42d2b393cfa6d,4e6e9867b99160e8a0c65a241bb21a855dbaded140618a604d0fb3215951df9e,4,False,False,True,,,,True,False,2_cross_split,test/meningioma/brisc2025_test_00523_me_sa_t1.jpg,197
test/meningioma/brisc2025_test_00537_me_sa_t1.jpg,train/meningioma/brisc2025_train_02403_me_sa_t1.jpg,db3ee76305447ebcda44887802f3650de2462ead4ff6b9a7a9484172b74b0484,ffe12100f5ef29258c67e195c72176965cebdd7e6e08527931b45475f92bb5e5,4,False,False,True,,,,True,False,2_cross_split,test/meningioma/brisc2025_test_00537_me_sa_t1.jpg,198
test/no_tumor/brisc2025_test_00697_no_sa_t1.jpg,train/no_tumor/brisc2025_train_03426_no_sa_t1.jpg,fdd76316c8ba14617b141803727b0352da7b971b0dfaa2b95a3c8a9cfcbb5d6b,8408cc08505c0aa66ca593b54b750e5fc16d5d9f137b57c9e202ebfb250f0f61,4,False,False,True,,,,True,False,2_cross_split,test/no_tumor/brisc2025_test_00697_no_sa_t1.jpg,209
test/pituitary/brisc2025_test_00702_pi_ax_t1.jpg,train/pituitary/brisc2025_train_03572_pi_ax_t1.jpg,34e1650e051aec62b84827e25a7f1837af279eeb3e179bc80972f3eb3217fa8a,822e33dbd71f34989a2c0a056cf52ca4fef933146de8c0c5c0b8a124f28b40d8,4,False,False,True,,,,True,False,2_cross_split,test/pituitary/brisc2025_test_00702_pi_ax_t1.jpg,210
test/pituitary/brisc2025_test_00714_pi_ax_t1.jpg,train/pituitary/brisc2025_train_03634_pi_ax_t1.jpg,f4cba70913a9ee440210429ace9092907f9f1d572fc37b7679aa8753a9fbf05b,0d50d81e9b33e55e1edb0caf63b7285a7abdc8aa5c35fbd097eb82b6b248f23a,4,False,False,True,,,,True,False,2_cross_split,test/pituitary/brisc2025_test_00714_pi_ax_t1.jpg,213
test/pituitary/brisc2025_test_00729_pi_ax_t1.jpg,train/pituitary/brisc2025_train_03681_pi_ax_t1.jpg,abbb6b040c916369958f66f7ca516973b83a57194b77ae4b95ad47b94bca6cbf,14fa61b19d2bae5ad6145a7a6bec82cfe4ad2ed5660ca0f5b47eec2b788ef51b,4,False,False,True,,,,True,False,2_cross_split,test/pituitary/brisc2025_test_00729_pi_ax_t1.jpg,215
test/pituitary/brisc2025_test_00730_pi_ax_t1.jpg,train/pituitary/brisc2025_train_03684_pi_ax_t1.jpg,fb2e75a04f5bbaeebab66d069139051974f5106de5d9a0a1d11353e69f3a6432,e3632c3db28f34854cc5cdccb42da8fa98e8207ea5449cea36acffa8aa1a245d,4,False,False,True,,,,True,False,2_cross_split,test/pituitary/brisc2025_test_00730_pi_ax_t1.jpg,216
test/pituitary/brisc2025_test_00730_pi_ax_t1.jpg,train/pituitary/brisc2025_train_03685_pi_ax_t1.jpg,fb2e75a04f5bbaeebab66d069139051974f5106de5d9a0a1d11353e69f3a6432,01b8c3e1318e688ffb4aa4d83b3ff6aebfffb0b85a00d30589cf8eff2903705f,4,False,False,True,,,,True,False,2_cross_split,,216
test/pituitary/brisc2025_test_00735_pi_ax_t1.jpg,train/pituitary/brisc2025_train_03699_pi_ax_t1.jpg,915ef7a80a561704be70b4b07f6c94fc6d08da061dbf146bbc6f15eec760744f,e406e11fc41eeeadfb90f8ddb5202af455f2e953f0b5ab2154713f5f1163db68,4,False,False,True,,,,True,False,2_cross_split,test/pituitary/brisc2025_test_00735_pi_ax_t1.jpg,217
test/pituitary/brisc2025_test_00741_pi_ax_t1.jpg,train/pituitary/brisc2025_train_03719_pi_ax_t1.jpg,60467e039fa4792007cc267717adea470a84c8e2643ee673e3cbbe562febd085,ed89b4c4359e5d632f1a783f8c4fe0786edd224c2bb0d86a908ba028a935b633,4,False,False,True,,,,True,False,2_cross_split,,219
test/pituitary/brisc2025_test_00743_pi_ax_t1.jpg,train/pituitary/brisc2025_train_03724_pi_ax_t1.jpg,a96e6bad030f1c8528abb32719201db07442e1b63c9c6a8ec791ed86b236ccf0,934b52967d00fb73284336ff980fd9af7cc910f35faab92e67562b3bd4705d18,4,False,False,True,,,,True,False,2_cross_split,,221
test/pituitary/brisc2025_test_00746_pi_ax_t1.jpg,train/pituitary/brisc2025_train_03733_pi_ax_t1.jpg,956b33372919ef872dca162d06e1b4e1c98f78ab282fc39217bcabbd9d8e781c,605451ef8728da6eb9f33745b1362d9d855f6937aab1e922d0a9b59e4e0b0b2f,4,False,False,True,,,,True,False,2_cross_split,test/pituitary/brisc2025_test_00746_pi_ax_t1.jpg,222
test/pituitary/brisc2025_test_00746_pi_ax_t1.jpg,train/pituitary/brisc2025_train_03734_pi_ax_t1.jpg,956b33372919ef872dca162d06e1b4e1c98f78ab282fc39217bcabbd9d8e781c,cd42dc532af977e069c6092ede3cd6b9bd0d63aa1698ee22f2020fa961883878,4,False,False,True,,,,True,False,2_cross_split,,222
test/pituitary/brisc2025_test_00750_pi_ax_t1.jpg,train/pituitary/brisc2025_train_03745_pi_ax_t1.jpg,2ff4148f9df002d656776798bd105ecf6d968798386ef1739faef5588700ffe7,016b7ee664644ef3718bb33f63ec7e3d8fe9e8e625512ffe11c6ab73cb441494,4,False,False,True,,,,True,False,2_cross_split,,223
test/pituitary/brisc2025_test_00752_pi_ax_t1.jpg,train/pituitary/brisc2025_train_03753_pi_ax_t1.jpg,acdb610f2f0bef373df6147a405bcb4ae52a01e68f225b4078495b99c7d5ae80,aa3ed042a69477c125a08c662683202394f0b2c229e6be5aa11cb04357987f0f,4,False,False,True,,,,True,False,2_cross_split,test/pituitary/brisc2025_test_00752_pi_ax_t1.jpg,225
test/pituitary/brisc2025_test_00758_pi_ax_t1.jpg,train/pituitary/brisc2025_train_03774_pi_ax_t1.jpg,1e610c59c58a2dac6ff569de30e53c06a1c4cd09208b4065aeed36053ad83359,8d7cb01aae04aabca3bb7a8c237e3465c0d005ca43c1c434ddc54171c003911a,4,False,False,True,,,,True,False,2_cross_split,test/pituitary/brisc2025_test_00758_pi_ax_t1.jpg,226
test/pituitary/brisc2025_test_00759_pi_ax_t1.jpg,train/pituitary/brisc2025_train_03776_pi_ax_t1.jpg,1eae4fd9c617c96a74608830d715b53f8f523483a8c8a261eab2e3289772f29d,4d62d91117fc65fae4dc320473a8874037689c9a8be50cd227f9443b914398b8,4,False,False,True,,,,True,False,2_cross_split,,227
test/pituitary/brisc2025_test_00759_pi_ax_t1.jpg,train/pituitary/brisc2025_train_03777_pi_ax_t1.jpg,1eae4fd9c617c96a74608830d715b53f8f523483a8c8a261eab2e3289772f29d,bee4bd665ca935bbbb9f3cd0540b4b6f77e47f61f37cf76de303600cd5c4a3e0,4,False,False,True,,,,True,False,2_cross_split,test/pituitary/brisc2025_test_00759_pi_ax_t1.jpg,227
test/pituitary/brisc2025_test_00760_pi_ax_t1.jpg,train/pituitary/brisc2025_train_03779_pi_ax_t1.jpg,b4a3c4dea7818186a76d8e75e15249f7d4e7a923e773337b631bf117804626a8,15d1329cbb1fa681af3a038d0343b9f1260a5a23abc37e65d83e8111ed4c24f4,4,False,False,True,,,,True,False,2_cross_split,test/pituitary/brisc2025_test_00760_pi_ax_t1.jpg,228
test/pituitary/brisc2025_test_00760_pi_ax_t1.jpg,train/pituitary/brisc2025_train_03780_pi_ax_t1.jpg,b4a3c4dea7818186a76d8e75e15249f7d4e7a923e773337b631bf117804626a8,643a183fb0f167032628a1f260c8842e829987b57212527eaf13096017e11ce4,4,False,False,True,,,,True,False,2_cross_split,,228
test/pituitary/brisc2025_test_00762_pi_ax_t1.jpg,train/pituitary/brisc2025_train_03840_pi_ax_t1.jpg,4dea367845c52fb521f3bff1cb98eda4ccad9c29c40a30491c8b4d462d4c9da6,a1da7746214388cd5cd0ba3867290eafa53c943159a3dcadf51a55557fcc182c,4,False,False,True,,,,True,False,2_cross_split,,229
test/pituitary/brisc2025_test_00765_pi_ax_t1.jpg,train/pituitary/brisc2025_train_03793_pi_ax_t1.jpg,6ed207453a197ca96066484bab2e34c76e1a8adbb14692652586d0bbd989b790,4d0f817cf442c516efe4950f981a743593db417941c67428ecf467234adcc00d,4,False,False,True,,,,True,False,2_cross_split,test/pituitary/brisc2025_test_00765_pi_ax_t1.jpg,231
test/pituitary/brisc2025_test_00768_pi_ax_t1.jpg,train/pituitary/brisc2025_train_03802_pi_ax_t1.jpg,7fbaed956704c6763066fddbd9cf7df33d62764d2578797dd67f35ef4ec0f6e9,da51f7b055ccab4ca496e94860db20edcc7dad22563851b13a7eab56b411d259,4,False,False,True,,,,True,False,2_cross_split,test/pituitary/brisc2025_test_00768_pi_ax_t1.jpg,232
test/pituitary/brisc2025_test_00768_pi_ax_t1.jpg,train/pituitary/brisc2025_train_03803_pi_ax_t1.jpg,7fbaed956704c6763066fddbd9cf7df33d62764d2578797dd67f35ef4ec0f6e9,8420bb8691ff6db60d9cfa6ebe52eb887908f686515e3e261c7f26c132949005,4,False,False,True,,,,True,False,2_cross_split,,232
test/pituitary/brisc2025_test_00769_pi_ax_t1.jpg,train/pituitary/brisc2025_train_03804_pi_ax_t1.jpg,d8d3701f96bba89d449ec1f7247692c57f49a5df6e86ad14b7c8bdbc07e1a3f0,01e9e945d414f2393b28b31868c26cab1a36437e53940f3c93d61b0e8197579a,4,False,False,True,,,,True,False,2_cross_split,test/pituitary/brisc2025_test_00769_pi_ax_t1.jpg,233
test/pituitary/brisc2025_test_00773_pi_ax_t1.jpg,train/pituitary/brisc2025_train_03816_pi_ax_t1.jpg,fb424c61ecbca46e066ef224a840007eaa83ef511a84a5f2495fae72d7df6212,c236714d558942b424ad540d445ff8a24a10a23a1d427c3884b315daacfe8d45,4,False,False,True,,,,True,False,2_cross_split,test/pituitary/brisc2025_test_00773_pi_ax_t1.jpg,234
test/pituitary/brisc2025_test_00774_pi_ax_t1.jpg,train/pituitary/brisc2025_train_03820_pi_ax_t1.jpg,454be562f083d3cdbe35b8016808677ba71e86ecfaaf8287035a7ffca011ea83,3aa48dc87b01639c66569821f197a9681df3ac3dccadeafb69811a722e78b0b4,4,False,False,True,,,,True,False,2_cross_split,test/pituitary/brisc2025_test_00774_pi_ax_t1.jpg,235
test/pituitary/brisc2025_test_00778_pi_ax_t1.jpg,train/pituitary/brisc2025_train_03831_pi_ax_t1.jpg,3b557827713ec26db6cafa089106bfbb234f0476e15edc9ff9a23a96c76a0df2,eefbca2e0cf43f1331b1b8155ed7f7293a3d3f02a7965fbe02954a832cc97c5b,4,False,False,True,,,,True,False,2_cross_split,test/pituitary/brisc2025_test_00778_pi_ax_t1.jpg,236
test/pituitary/brisc2025_test_00782_pi_ax_t1.jpg,train/pituitary/brisc2025_train_03845_pi_ax_t1.jpg,800b425efc6aa88e022b97340800b8b4e83892476581e7d7d6e1229174f76fe9,1fa4832f992ad72fab13a481f6cbccfa6e67daf32af33677bd05ade98158d412,4,False,False,True,,,,True,False,2_cross_split,test/pituitary/brisc2025_test_00782_pi_ax_t1.jpg,237
test/pituitary/brisc2025_test_00790_pi_ax_t1.jpg,train/pituitary/brisc2025_train_03866_pi_ax_t1.jpg,586aae9d15a191d16b25237406f4b67b3e3347147f62ed34d25717d2c7303279,6ecaccfcfdcb904023ee4abfd70411e512a37377dc09643fff3a40850659708a,4,False,False,True,,,,True,False,2_cross_split,test/pituitary/brisc2025_test_00790_pi_ax_t1.jpg,238
test/pituitary/brisc2025_test_00791_pi_ax_t1.jpg,train/pituitary/brisc2025_train_03871_pi_ax_t1.jpg,748ad533c3bfffd7e741b04ef5748249d4ec5f1416fdd3b65bfd23bc2a4be0b4,63d211771828f1da7b472e35e0c0ee1ceab1cde1ed45827c133dc6af4026a4e1,4,False,False,True,,,,True,False,2_cross_split,test/pituitary/brisc2025_test_00791_pi_ax_t1.jpg,239
test/pituitary/brisc2025_test_00791_pi_ax_t1.jpg,train/pituitary/brisc2025_train_03872_pi_ax_t1.jpg,748ad533c3bfffd7e741b04ef5748249d4ec5f1416fdd3b65bfd23bc2a4be0b4,d81e993e706045e6d7950a3ca07fa9268a4957b9ff0e3c84bb0be10ee345e5e8,4,False,False,True,,,,True,False,2_cross_split,,239
test/pituitary/brisc2025_test_00792_pi_ax_t1.jpg,train/pituitary/brisc2025_train_03873_pi_ax_t1.jpg,b4a03e14b35148ecf08b71bd73b9e288c868d15a084a0914a32609dc3cf61344,5b39d33facdf14cafe67f35029c5784f6c69928ca1c0d400558032b82c8c242d,4,False,False,True,,,,True,False,2_cross_split,test/pituitary/brisc2025_test_00792_pi_ax_t1.jpg,240
test/pituitary/brisc2025_test_00806_pi_ax_t1.jpg,train/pituitary/brisc2025_train_03912_pi_ax_t1.jpg,8139269728a6ef82aaa4ddad7fd261866df4542d71ffd069e7456b119c8827aa,7a3964761e1ce5edfdf6e169b8eb758ca57fa331c0c0290cb888081fb586705a,4,False,False,True,,,,True,False,2_cross_split,,219
test/pituitary/brisc2025_test_00808_pi_ax_t1.jpg,train/pituitary/brisc2025_train_03917_pi_ax_t1.jpg,24ea37875f0b1084c214b33495f628fde9e288178124ec7cfe5318eea687ab2d,699323cdaed52de139183980d96ddb55e87d6b92495de9b3b8895ad14625f9c9,4,False,False,True,,,,True,False,2_cross_split,,242
test/pituitary/brisc2025_test_00808_pi_ax_t1.jpg,train/pituitary/brisc2025_train_03918_pi_ax_t1.jpg,24ea37875f0b1084c214b33495f628fde9e288178124ec7cfe5318eea687ab2d,5aa00eb43b76989355553eb41ad34e4b1cb0cef508e8e6e32678224731df6018,4,False,False,True,,,,True,False,2_cross_split,test/pituitary/brisc2025_test_00808_pi_ax_t1.jpg,242
test/pituitary/brisc2025_test_00814_pi_ax_t1.jpg,train/pituitary/brisc2025_train_03935_pi_ax_t1.jpg,89c201bb78d46ca19e0d77f71094b27e37217b8018513a09832928e54221eac8,f47c2a35aab50fe4076545244df0e888f1e94bd2523ee6850557c37a1fda5feb,4,False,False,True,,,,True,False,2_cross_split,,246
test/pituitary/brisc2025_test_00814_pi_ax_t1.jpg,train/pituitary/brisc2025_train_03937_pi_ax_t1.jpg,89c201bb78d46ca19e0d77f71094b27e37217b8018513a09832928e54221eac8,ec80c8c8576fab2d6600af12200698ea11bcff4b4aabdbc56e2b6d0f883c7f2c,4,False,False,True,,,,True,False,2_cross_split,test/pituitary/brisc2025_test_00814_pi_ax_t1.jpg,246
test/pituitary/brisc2025_test_00821_pi_ax_t1.jpg,train/pituitary/brisc2025_train_03956_pi_ax_t1.jpg,3daba1a20d05f60b56f3ab097ab4fbc8713362940938cd3a9b64624c42057901,f9ed71d8b9a247acb62b3b01a15b030aff454cae6f4463721691e9bc211e9b4a,4,False,False,True,,,,True,False,2_cross_split,test/pituitary/brisc2025_test_00821_pi_ax_t1.jpg,247
test/pituitary/brisc2025_test_00832_pi_co_t1.jpg,train/pituitary/brisc2025_train_04210_pi_co_t1.jpg,e783287438a43ba7603c57b22db6803a793fa62b6772de6ea34f0b5e5dcf8a2b,a1d8352b9c16ae767d381d13ace7fbb9b8b136c68d05d8e27e7eee1b1f35470a,4,False,False,True,,,,True,False,2_cross_split,test/pituitary/brisc2025_test_00832_pi_co_t1.jpg,250
test/pituitary/brisc2025_test_00841_pi_co_t1.jpg,train/pituitary/brisc2025_train_04258_pi_co_t1.jpg,8c7c069f8bad14d9379ab3e756382e898d432cae5a69654f783cbddbee482d52,e5613b1d09318c6bbd168ce0e6b8410298f82683dff50c50b825cc03aa074363,4,False,False,True,,,,True,False,2_cross_split,test/pituitary/brisc2025_test_00841_pi_co_t1.jpg,252
test/pituitary/brisc2025_test_00843_pi_co_t1.jpg,train/pituitary/brisc2025_train_04263_pi_co_t1.jpg,08b2a54b17369821f04f6ba034378218ec5578f70ec44670c437d634cf415094,ce0bcba0f4d073b4b72581878fd4b84039d3b7d5549bb0b72915ef3ee440edf0,4,False,False,True,,,,True,False,2_cross_split,test/pituitary/brisc2025_test_00843_pi_co_t1.jpg,253
test/pituitary/brisc2025_test_00847_pi_co_t1.jpg,train/pituitary/brisc2025_train_04276_pi_co_t1.jpg,b6cf57e3cd909b35ae9e6911080e0492cdc5fca0e3050351ac3fb11fc36caf23,48c78905e55d3425dfdf12b41539c384205cc994552c05fd18f49d844bd7feb2,4,False,False,True,,,,True,False,2_cross_split,test/pituitary/brisc2025_test_00847_pi_co_t1.jpg,254
test/pituitary/brisc2025_test_00850_pi_co_t1.jpg,train/pituitary/brisc2025_train_04284_pi_co_t1.jpg,2e6cbc4423ede79bc296d817225551c7b550aa2be5bc284b6fa81738a127cbd8,894e93695918c3d9931976247514c784bd550610945aa758aad6f05912f07595,4,False,False,True,,,,True,False,2_cross_split,test/pituitary/brisc2025_test_00850_pi_co_t1.jpg,257
test/pituitary/brisc2025_test_00852_pi_co_t1.jpg,train/pituitary/brisc2025_train_04291_pi_co_t1.jpg,3850fcf5142c2f3e9dc89ee47cf3698eec1d862e117009eab5d6720ec89b4a12,5dfc77c03494564ee66de0e89e78ccffe74036e5f1f4e8143439cc796c0eb24c,4,False,False,True,,,,True,False,2_cross_split,test/pituitary/brisc2025_test_00852_pi_co_t1.jpg,258
test/pituitary/brisc2025_test_00855_pi_co_t1.jpg,train/pituitary/brisc2025_train_04297_pi_co_t1.jpg,bb87133b87a74f1b16c4d6c2c7e83e94ce9de5265edfd7789c8aa1d13c0603aa,9bad72b301093e229375f389d3ea8a819faf96f1d8f3e3b66fb25ebffb9583d7,4,False,False,True,,,,True,False,2_cross_split,test/pituitary/brisc2025_test_00855_pi_co_t1.jpg,259
test/pituitary/brisc2025_test_00856_pi_co_t1.jpg,train/pituitary/brisc2025_train_04301_pi_co_t1.jpg,c8e6b217c957e9329fdfd13a9fb932802a60fec8333f961f61da50260edf028b,5b6c500d25a28500f8225be2bb557de392813f810d955b9f9ae51541da47ccee,4,False,False,True,,,,True,False,2_cross_split,test/pituitary/brisc2025_test_00856_pi_co_t1.jpg,260
test/pituitary/brisc2025_test_00856_pi_co_t1.jpg,train/pituitary/brisc2025_train_04302_pi_co_t1.jpg,c8e6b217c957e9329fdfd13a9fb932802a60fec8333f961f61da50260edf028b,35ef3dd0fac8dcba82304fdb8ce709e3f656538899ad332ac23e6821c4ab3164,4,False,False,True,,,,True,False,2_cross_split,,260
test/pituitary/brisc2025_test_00856_pi_co_t1.jpg,train/pituitary/brisc2025_train_04303_pi_co_t1.jpg,c8e6b217c957e9329fdfd13a9fb932802a60fec8333f961f61da50260edf028b,84651a019d2c338a77c7c51a3775af37ac24c2c990361386b4a1dbbcb5038b0d,4,False,False,True,,,,True,False,2_cross_split,,260
test/pituitary/brisc2025_test_00858_pi_co_t1.jpg,train/pituitary/brisc2025_train_04307_pi_co_t1.jpg,56953561c419d2ad159b319aafad1c45b267cead352caab6df283a1bee382111,efa610b1f2367aca573bc4eebfcf29dcb589f8ce5f4cb5025afd13ad6361bf58,4,False,False,True,,,,True,False,2_cross_split,test/pituitary/brisc2025_test_00858_pi_co_t1.jpg,261
test/pituitary/brisc2025_test_00864_pi_co_t1.jpg,train/pituitary/brisc2025_train_04325_pi_co_t1.jpg,f711a0a4cb95a131526785e0aa5ecdbfd0966a022801892fcf7431b2b165c70a,c0df2067b19f03007beee855c93e868387d23481a3b8490d6f5ae18c6b297c46,4,False,False,True,,,,True,False,2_cross_split,test/pituitary/brisc2025_test_00864_pi_co_t1.jpg,263
test/pituitary/brisc2025_test_00865_pi_co_t1.jpg,train/pituitary/brisc2025_train_04328_pi_co_t1.jpg,ab93aeb89701f4f5520ee13a3723236bb91ef45fb193a1df2a87cf29f651a7e4,bea491c50e5d3a060156e6871748d8149f7f62982579afbdfe81bec49c642730,4,False,False,True,,,,True,False,2_cross_split,test/pituitary/brisc2025_test_00865_pi_co_t1.jpg,264
test/pituitary/brisc2025_test_00870_pi_co_t1.jpg,train/pituitary/brisc2025_train_04343_pi_co_t1.jpg,72d63b32734bdeb4ca01c0f0ef1b05ae8e72251c0afcaa1750b020c2b3356fcf,bf084ec303080280c2a5e3c9decdc1bfe37973658fa09dbeb496246041096970,4,False,False,True,,,,True,False,2_cross_split,test/pituitary/brisc2025_test_00870_pi_co_t1.jpg,266
test/pituitary/brisc2025_test_00870_pi_co_t1.jpg,train/pituitary/brisc2025_train_04344_pi_co_t1.jpg,72d63b32734bdeb4ca01c0f0ef1b05ae8e72251c0afcaa1750b020c2b3356fcf,8ed4accd7a09042e088ab54f6151af6ddd67b01286b0c280141f11aeadec80e8,4,False,False,True,,,,True,False,2_cross_split,,266
test/pituitary/brisc2025_test_00871_pi_co_t1.jpg,train/pituitary/brisc2025_train_04345_pi_co_t1.jpg,aee92a429b65b82ca9d04476ff8f747ccf734a91cbec1e1f1e86bcf8a5b46aee,98d64ac46cc970b607b73b93ac9929e6b1b28582dadef1b2c3b3c57077f77daf,4,False,False,True,,,,True,False,2_cross_split,test/pituitary/brisc2025_test_00871_pi_co_t1.jpg,267
test/pituitary/brisc2025_test_00875_pi_co_t1.jpg,train/pituitary/brisc2025_train_04357_pi_co_t1.jpg,c8d90b682d40052f392e40404fb2a2ced362fea13a156fc2894093385a8ba6d8,cbbb6282031eab8cc1ad96bd6cc55a1748f786548e044146f4c9c68007f11aff,4,False,False,True,,,,True,False,2_cross_split,,268
test/pituitary/brisc2025_test_00883_pi_co_t1.jpg,train/pituitary/brisc2025_train_04383_pi_co_t1.jpg,a8fc9bafeb3c734de5c953dcba95cb7ee28794e75a2abad85d3daaed93d242bf,8657875bb0ce3671d9ba85450a20a64e78eeacf85cc99552e5eb81c4c93c7e5a,4,False,False,True,,,,True,False,2_cross_split,test/pituitary/brisc2025_test_00883_pi_co_t1.jpg,269
test/pituitary/brisc2025_test_00885_pi_co_t1.jpg,train/pituitary/brisc2025_train_04387_pi_co_t1.jpg,396390b5853c76493988b91587ee90f12261759e79dd8db98661257d52efae95,496288b003f7863b7441767b1bc601c14f97639ae9821466a050e0f5caf87380,4,False,False,True,,,,True,False,2_cross_split,test/pituitary/brisc2025_test_00885_pi_co_t1.jpg,270
test/pituitary/brisc2025_test_00885_pi_co_t1.jpg,train/pituitary/brisc2025_train_04388_pi_co_t1.jpg,396390b5853c76493988b91587ee90f12261759e79dd8db98661257d52efae95,aaeb1dce8d24e0cf72d22693e24a92f6deeded71fe78f8c36541b6870956772d,4,False,False,True,,,,True,False,2_cross_split,,270
test/pituitary/brisc2025_test_00888_pi_co_t1.jpg,train/pituitary/brisc2025_train_04396_pi_co_t1.jpg,d96cdaacef10d3910a5c37f5667db516f63e2f952a579cffc0204c340185dca1,d3adaa44b503579e9db8f11cce818ace22e97e788f7cae315c2bea5cd147a57c,4,False,False,True,,,,True,False,2_cross_split,,271
test/pituitary/brisc2025_test_00889_pi_co_t1.jpg,train/pituitary/brisc2025_train_04400_pi_co_t1.jpg,86f6bc8fd5d5af223b8fbb1a7fd6ebb125ded496dfb6549b0569d0333c3c6869,e8b051083198eb9e96432fcb89e2c8b574dc7298e4e390e60e9e1b54d0ff4b63,4,False,False,True,,,,True,False,2_cross_split,test/pituitary/brisc2025_test_00889_pi_co_t1.jpg,272
test/pituitary/brisc2025_test_00894_pi_co_t1.jpg,train/pituitary/brisc2025_train_04414_pi_co_t1.jpg,1671bcab3c07388850afc71c09b815e213426ee97940149383ea3d31c4ef9730,f9a81b4eb4a080608a1c642937fa241316dfb149934868b944384daf84bd8fba,4,False,False,True,,,,True,False,2_cross_split,test/pituitary/brisc2025_test_00894_pi_co_t1.jpg,273
test/pituitary/brisc2025_test_00894_pi_co_t1.jpg,train/pituitary/brisc2025_train_04415_pi_co_t1.jpg,1671bcab3c07388850afc71c09b815e213426ee97940149383ea3d31c4ef9730,49864523b52b0a00ab6eb0e68e871fb5a823dd97fd112993f3d99ddf86733dd3,4,False,False,True,,,,True,False,2_cross_split,,273
test/pituitary/brisc2025_test_00895_pi_co_t1.jpg,train/pituitary/brisc2025_train_04418_pi_co_t1.jpg,163f98c201cc49617b8a2e33da0a137a424f5853962e10ec3cbab6498bcffc84,b009b05f96a1d7661e060f019d1a560e407777c947d0cbb3c666b57cf937d7c2,4,False,False,True,,,,True,False,2_cross_split,test/pituitary/brisc2025_test_00895_pi_co_t1.jpg,274
test/pituitary/brisc2025_test_00895_pi_co_t1.jpg,train/pituitary/brisc2025_train_04420_pi_co_t1.jpg,163f98c201cc49617b8a2e33da0a137a424f5853962e10ec3cbab6498bcffc84,c7aa36d6c962a00fa8c86c30fc4c570b7a884f44d50a4d38e039e0a70dd14577,4,False,False,True,,,,True,False,2_cross_split,,274
test/pituitary/brisc2025_test_00896_pi_co_t1.jpg,train/pituitary/brisc2025_train_04420_pi_co_t1.jpg,8605d8840ac615c0960f1fac3b37dd1d07f37288c21382b5a1ad4d72a92b591b,c7aa36d6c962a00fa8c86c30fc4c570b7a884f44d50a4d38e039e0a70dd14577,4,False,False,True,,,,True,False,2_cross_split,test/pituitary/brisc2025_test_00896_pi_co_t1.jpg,274
test/pituitary/brisc2025_test_00898_pi_co_t1.jpg,train/pituitary/brisc2025_train_04426_pi_co_t1.jpg,932d32e91e54bb09af184952f3fb6b9b53e62bb7fea633dd2a4123c69dd4411c,3725a1aafb5c03578d2695afbc29212649cb8c43d55b3e9703282dfabfca6773,4,False,False,True,,,,True,False,2_cross_split,test/pituitary/brisc2025_test_00898_pi_co_t1.jpg,275
test/pituitary/brisc2025_test_00903_pi_co_t1.jpg,train/pituitary/brisc2025_train_04444_pi_co_t1.jpg,2f51b439a75879b610b0fe8730ee58728311d9a6e56eb22cd90ba51009d9ed69,844ac34753345dbef7de30703c493ef11dfb5b135f72f83896b5caa938161653,4,False,False,True,,,,True,False,2_cross_split,test/pituitary/brisc2025_test_00903_pi_co_t1.jpg,276
test/pituitary/brisc2025_test_00906_pi_co_t1.jpg,train/pituitary/brisc2025_train_04449_pi_co_t1.jpg,02765f73553bc49727595f00141ff335ff7522bf7e2d89276f00a3e495ada4ad,7c0a9dcc61577d07109db9b36a5a03d4f1ee3c8082b7294facf0cabd9e02030c,4,False,False,True,,,,True,False,2_cross_split,test/pituitary/brisc2025_test_00906_pi_co_t1.jpg,277
test/pituitary/brisc2025_test_00909_pi_co_t1.jpg,train/pituitary/brisc2025_train_04462_pi_co_t1.jpg,ea660b4d2ba64b903b8624950507b3d73f9988459a3e635ec7043ce4d564df22,28adb6b1b4ff20f5cc30f4647d56f26c8256fdedaf24ecf5918c5a0385babc40,4,False,False,True,,,,True,False,2_cross_split,test/pituitary/brisc2025_test_00909_pi_co_t1.jpg,278
test/pituitary/brisc2025_test_00915_pi_sa_t1.jpg,train/pituitary/brisc2025_train_04740_pi_sa_t1.jpg,1bbfc73287665f5100d95ebde02161334e78ea680a36aa3a75ab7f32c0744728,deb84c8fc0de967539c870cf987b48056fadb9ab53c33899d0f7fce691b0c820,4,False,False,True,,,,True,False,2_cross_split,test/pituitary/brisc2025_test_00915_pi_sa_t1.jpg,279
test/pituitary/brisc2025_test_00916_pi_sa_t1.jpg,train/pituitary/brisc2025_train_04739_pi_sa_t1.jpg,96546e5b1565521dcbe93da96e5ee7796d1ec73f01031c6e300966f0419e3b9d,0ab28e8d7266b04f99dcd7c8c2f210e1fddec11f21d2e53f134ccd7e8d6e99d1,4,False,False,True,,,,True,False,2_cross_split,,279
test/pituitary/brisc2025_test_00916_pi_sa_t1.jpg,train/pituitary/brisc2025_train_04740_pi_sa_t1.jpg,96546e5b1565521dcbe93da96e5ee7796d1ec73f01031c6e300966f0419e3b9d,deb84c8fc0de967539c870cf987b48056fadb9ab53c33899d0f7fce691b0c820,4,False,False,True,,,,True,False,2_cross_split,test/pituitary/brisc2025_test_00916_pi_sa_t1.jpg,279
test/pituitary/brisc2025_test_00918_pi_sa_t1.jpg,train/pituitary/brisc2025_train_04746_pi_sa_t1.jpg,e70846e753bbfee41eb1694d480d066b48ec015b5a1e9ebb7c8bc6afa5251765,f6346cc85d2e6661bd1c8fc0f9ddf794c359bcf7d9602942430fe1263f1d53a4,4,False,False,True,,,,True,False,2_cross_split,test/pituitary/brisc2025_test_00918_pi_sa_t1.jpg,280
test/pituitary/brisc2025_test_00919_pi_sa_t1.jpg,train/pituitary/brisc2025_train_04635_pi_sa_t1.jpg,195d41d01120fdf1cb3b7af9d600c7da732c27bbb375c4361a76644a993b8ba9,d24ed1577de77f289d9fff6eb001012389a169e57e99a1d8a80d553ed1188d3e,4,False,False,True,,,,True,False,2_cross_split,test/pituitary/brisc2025_test_00919_pi_sa_t1.jpg,281
test/pituitary/brisc2025_test_00919_pi_sa_t1.jpg,train/pituitary/brisc2025_train_04751_pi_sa_t1.jpg,195d41d01120fdf1cb3b7af9d600c7da732c27bbb375c4361a76644a993b8ba9,6d4f59f661247bdd290f3432a628db82fac30fc1afbabb3d801bac4146055ef7,4,False,False,True,,,,True,False,2_cross_split,,281
test/pituitary/brisc2025_test_00920_pi_sa_t1.jpg,train/pituitary/brisc2025_train_04752_pi_sa_t1.jpg,33e7ac04d5ce8666c5b02fddbb2f97011920dedb90a94d1375bc3886ccc02796,cc2fba74aa724ca2f3c59562a3a4578b20b10ecff17058796424221022bf3ad0,4,False,False,True,,,,True,False,2_cross_split,test/pituitary/brisc2025_test_00920_pi_sa_t1.jpg,282
test/pituitary/brisc2025_test_00920_pi_sa_t1.jpg,train/pituitary/brisc2025_train_04753_pi_sa_t1.jpg,33e7ac04d5ce8666c5b02fddbb2f97011920dedb90a94d1375bc3886ccc02796,efe1e6fe0be253ca90c4a2e1475afe42260c625522c6e49e946c085f1bd1e3ba,4,False,False,True,,,,True,False,2_cross_split,,282
test/pituitary/brisc2025_test_00921_pi_sa_t1.jpg,train/pituitary/brisc2025_train_04765_pi_sa_t1.jpg,6813b37154fabceaa8e70c3d31764af3e63047d27a7ddb7e8bb7cc914faa1fba,af8a3f12745af74ce90b86f240982c8e525ee803219731bdbf93a3e56f166e5d,4,False,False,True,,,,True,False,2_cross_split,test/pituitary/brisc2025_test_00921_pi_sa_t1.jpg,283
test/pituitary/brisc2025_test_00921_pi_sa_t1.jpg,train/pituitary/brisc2025_train_04769_pi_sa_t1.jpg,6813b37154fabceaa8e70c3d31764af3e63047d27a7ddb7e8bb7cc914faa1fba,2a5a8b4fe4aae0487b4116c0d4525333fc7bb31be85af5cf3528945c37c2ee57,4,False,False,True,,,,True,False,2_cross_split,,283
test/pituitary/brisc2025_test_00923_pi_sa_t1.jpg,train/pituitary/brisc2025_train_04770_pi_sa_t1.jpg,e655e5ca585d38c59b22513f6f9c179ddb1bd747d9baf9dd1c1d58d5ec4e4e3e,eb3b4a031b8879c4ea1d61971804dc36293d36c59238c3dab67475d3b0137379,4,False,False,True,,,,True,False,2_cross_split,test/pituitary/brisc2025_test_00923_pi_sa_t1.jpg,285
test/pituitary/brisc2025_test_00927_pi_sa_t1.jpg,train/pituitary/brisc2025_train_04781_pi_sa_t1.jpg,de44495987fb8c37599a1b2cbe4a51ccd5af8c95eadd5d35898c0510b483d24f,d4d574ce487be642016532453336ca6403b65971034e325fae945cf62db00f6c,4,False,False,True,,,,True,False,2_cross_split,,286
test/pituitary/brisc2025_test_00927_pi_sa_t1.jpg,train/pituitary/brisc2025_train_04782_pi_sa_t1.jpg,de44495987fb8c37599a1b2cbe4a51ccd5af8c95eadd5d35898c0510b483d24f,48091dce8d2dcac542371227081e683be9c59510b1f7c6b2c31943d2e6058c96,4,False,False,True,,,,True,False,2_cross_split,test/pituitary/brisc2025_test_00927_pi_sa_t1.jpg,286
test/pituitary/brisc2025_test_00928_pi_sa_t1.jpg,train/pituitary/brisc2025_train_04783_pi_sa_t1.jpg,f1225c07b5fa9acfcca5ba67a5b7f5dde4a834c42c8b365237a636014a494989,d622c25575d638cf3ff8995d9c5d66b2a0c954f7156fe322284ef4bc8329e620,4,False,False,True,,,,True,False,2_cross_split,test/pituitary/brisc2025_test_00928_pi_sa_t1.jpg,287
test/pituitary/brisc2025_test_00929_pi_sa_t1.jpg,train/pituitary/brisc2025_train_04786_pi_sa_t1.jpg,3aed2816d2a494f8e7958571f78392a74e7536ebd1a5a7e07c6309bcba300266,bf3a2b2bb951fc4e54fd7d50a273fafaae8eb069d8b81c669cbf9fc0ee35fe98,4,False,False,True,,,,True,False,2_cross_split,test/pituitary/brisc2025_test_00929_pi_sa_t1.jpg,288
test/pituitary/brisc2025_test_00929_pi_sa_t1.jpg,train/pituitary/brisc2025_train_04787_pi_sa_t1.jpg,3aed2816d2a494f8e7958571f78392a74e7536ebd1a5a7e07c6309bcba300266,694f73be38251b40dd8f1d0b7b69c2d4bc8b4b9dda70e2ae143eb20f7125b444,4,False,False,True,,,,True,False,2_cross_split,,288
test/pituitary/brisc2025_test_00934_pi_sa_t1.jpg,train/pituitary/brisc2025_train_04785_pi_sa_t1.jpg,4fd5ec172c8daaf2e675e7712cc7d97834de5401460ddd40c1a53c955c191ee9,6b17a5a26f33a48f265dc322915176bb5a039949516bb41a84e1972fc2af1685,4,False,False,True,,,,True,False,2_cross_split,,287
test/pituitary/brisc2025_test_00935_pi_sa_t1.jpg,train/pituitary/brisc2025_train_04806_pi_sa_t1.jpg,45b2193030d00acfee7ed0987b5c6a9d1952e6a2403358751e0748ffc4e3693a,bdbb4972f9a0720d289f9fb2a96a8c564d30ae2b43ff2559b723b80dd8faf93e,4,False,False,True,,,,True,False,2_cross_split,test/pituitary/brisc2025_test_00935_pi_sa_t1.jpg,290
test/pituitary/brisc2025_test_00936_pi_sa_t1.jpg,train/pituitary/brisc2025_train_04809_pi_sa_t1.jpg,291bb25a5c314a6730404e64878658e28c496747b45b5aee0c5525cafbe24983,fed0dbb8a45355a437b239f4e1a3e6b480b4f91601c6529eb5da1dc6b1e3976c,4,False,False,True,,,,True,False,2_cross_split,test/pituitary/brisc2025_test_00936_pi_sa_t1.jpg,291
test/pituitary/brisc2025_test_00938_pi_sa_t1.jpg,train/pituitary/brisc2025_train_04813_pi_sa_t1.jpg,37758141f7516ceab218237f4c1b9b050ae50cda88f65afb8ee8a6107ee36f47,463212c92242d2b3423e9ab1e1d2a9d73a837fd1228560ad898311c715e61201,4,False,False,True,,,,True,False,2_cross_split,test/pituitary/brisc2025_test_00938_pi_sa_t1.jpg,292
test/pituitary/brisc2025_test_00939_pi_sa_t1.jpg,train/pituitary/brisc2025_train_04880_pi_sa_t1.jpg,25751771574da86e881ede9be6432ef0b1c9fbaaf24a49d65fcf8e4a59c47ac9,50471d99b5d71f3b05f6e013c639846b2245d67d5ae2ad0ba3c2514ed717bf75,4,False,False,True,,,,True,False,2_cross_split,,293
test/pituitary/brisc2025_test_00940_pi_sa_t1.jpg,train/pituitary/brisc2025_train_04818_pi_sa_t1.jpg,2763f31bdd107c0f4b6ed7a5344c3d0b1b2fc21d3cda66095d57cc9f95c4e030,8082f7055705f3e48a52e5d82a5fb3428ddfd904046bf4965024d1b8deb44720,4,False,False,True,,,,True,False,2_cross_split,test/pituitary/brisc2025_test_00940_pi_sa_t1.jpg,294
test/pituitary/brisc2025_test_00942_pi_sa_t1.jpg,train/pituitary/brisc2025_train_04824_pi_sa_t1.jpg,fe67230c3f0dc7bd8ff36e613de194ef41ce077e3071805fe1dc2f27a27a7e5e,872468d6915839d41a98d8b161c22128139cfb7dc4cb72c509885cc0d79c999d,4,False,False,True,,,,True,False,2_cross_split,test/pituitary/brisc2025_test_00942_pi_sa_t1.jpg,295
test/pituitary/brisc2025_test_00947_pi_sa_t1.jpg,train/pituitary/brisc2025_train_04837_pi_sa_t1.jpg,c10d97b573d1e510b2604cc437ee81840b36063dcd4aae157a828db1b79c77fe,9a4f44940012b22b81a332c7b2bfc716f9bd037c3e0785550267a349c1277d4c,4,False,False,True,,,,True,False,2_cross_split,test/pituitary/brisc2025_test_00947_pi_sa_t1.jpg,296
test/pituitary/brisc2025_test_00948_pi_sa_t1.jpg,train/pituitary/brisc2025_train_04844_pi_sa_t1.jpg,4c935232c0c6c040c0475eac6f8aef7d0c25d46150c995580beef3fbf445843b,599c1570a495e2a31f2e272e7a3ca53437f27a07d22871b83f9709cebeb2c0a3,4,False,False,True,,,,True,False,2_cross_split,,297
test/pituitary/brisc2025_test_00949_pi_sa_t1.jpg,train/pituitary/brisc2025_train_04845_pi_sa_t1.jpg,e74a66f082e679dccfac6818438caab3286b8cea17a9e3cd8e3fd88a61656aed,d46b547a7e9f010e10c02ce7f825aa7b794a469c44f32ca722c36ff596ee25f8,4,False,False,True,,,,True,False,2_cross_split,test/pituitary/brisc2025_test_00949_pi_sa_t1.jpg,298
test/pituitary/brisc2025_test_00950_pi_sa_t1.jpg,train/pituitary/brisc2025_train_04849_pi_sa_t1.jpg,4cc6c0aa0f74dd6d5e57ece4a7dde0dc80dbaa9629f03be99569a282b5e9ca80,3a94f090c2f5e925afe5d137eacb8ea77b32dce334f7856415afbd3be28e2cde,4,False,False,True,,,,True,False,2_cross_split,test/pituitary/brisc2025_test_00950_pi_sa_t1.jpg,299
test/pituitary/brisc2025_test_00952_pi_sa_t1.jpg,train/pituitary/brisc2025_train_04853_pi_sa_t1.jpg,adda9ee2dfca3974c0495dc6c96a6896cf232b31f85cfa54dfb1cfc5dbd24df3,6683b8e26c19c245bafc3496a7b252d1bc1cf17cb716e4ad5ad78cde6a3dea88,4,False,False,True,,,,True,False,2_cross_split,test/pituitary/brisc2025_test_00952_pi_sa_t1.jpg,300
test/pituitary/brisc2025_test_00952_pi_sa_t1.jpg,train/pituitary/brisc2025_train_04854_pi_sa_t1.jpg,adda9ee2dfca3974c0495dc6c96a6896cf232b31f85cfa54dfb1cfc5dbd24df3,c0ab4ceeb487d2ed96c4c82b96116645e9074cf78b7b91ba1c96d20c75de10ce,4,False,False,True,,,,True,False,2_cross_split,,300
test/pituitary/brisc2025_test_00953_pi_sa_t1.jpg,train/pituitary/brisc2025_train_04854_pi_sa_t1.jpg,40c65fb97fda87253f171ff214070ae36abf797005a89f445ab97fb4fa82b2e1,c0ab4ceeb487d2ed96c4c82b96116645e9074cf78b7b91ba1c96d20c75de10ce,4,False,False,True,,,,True,False,2_cross_split,test/pituitary/brisc2025_test_00953_pi_sa_t1.jpg,300
test/pituitary/brisc2025_test_00956_pi_sa_t1.jpg,train/pituitary/brisc2025_train_04864_pi_sa_t1.jpg,3e71153a283175f5793b5cb1dd433b419342863fd6a63e4806023a2ecc1247c6,59f1f1e66a11861289de1957bbe33cf3030971c7419ae792fb2d3f361a398ece,4,False,False,True,,,,True,False,2_cross_split,test/pituitary/brisc2025_test_00956_pi_sa_t1.jpg,301
test/pituitary/brisc2025_test_00956_pi_sa_t1.jpg,train/pituitary/brisc2025_train_04865_pi_sa_t1.jpg,3e71153a283175f5793b5cb1dd433b419342863fd6a63e4806023a2ecc1247c6,f0de08e0db0b9700ae689d0e9328b2ba856d0194f15c58fbe80f666edafd6f42,4,False,False,True,,,,True,False,2_cross_split,,301
test/pituitary/brisc2025_test_00956_pi_sa_t1.jpg,train/pituitary/brisc2025_train_04866_pi_sa_t1.jpg,3e71153a283175f5793b5cb1dd433b419342863fd6a63e4806023a2ecc1247c6,ebbee2b534acbd79ae5f53288110c42c76f30d35244ecfe7b90b7d83d612e87a,4,False,False,True,,,,True,False,2_cross_split,,301
test/pituitary/brisc2025_test_00963_pi_sa_t1.jpg,train/pituitary/brisc2025_train_04886_pi_sa_t1.jpg,b98e236fba3fdd7d257b4c2d99d945129c35b1b98af5cc37ac2595cc4822d3b6,45e69cd71d4ae510bd69dad621a5b35e6d56d3eae11ef72dabd53872c4601882,4,False,False,True,,,,True,False,2_cross_split,test/pituitary/brisc2025_test_00963_pi_sa_t1.jpg,302
test/pituitary/brisc2025_test_00965_pi_sa_t1.jpg,train/pituitary/brisc2025_train_04889_pi_sa_t1.jpg,1b474fe0b6014eecb1673c0542b62df07fbb2a9f9bc41df4a2922bb62da6cf7d,27e656afcc646d764fb47785bc3fce63f62a83c06ca08495c986bd09ec8d9957,4,False,False,True,,,,True,False,2_cross_split,test/pituitary/brisc2025_test_00965_pi_sa_t1.jpg,303
test/pituitary/brisc2025_test_00966_pi_sa_t1.jpg,train/pituitary/brisc2025_train_04895_pi_sa_t1.jpg,1c2f032ead29235dca0bbfb1c7f507f3fa39b22601c8223d7d146214ce979c64,f945a08157480673d2fc485238812436a7447ab644bef6266552921a1ee9469a,4,False,False,True,,,,True,False,2_cross_split,test/pituitary/brisc2025_test_00966_pi_sa_t1.jpg,304
test/pituitary/brisc2025_test_00973_pi_sa_t1.jpg,train/pituitary/brisc2025_train_04916_pi_sa_t1.jpg,603ce98d0646432a93d26e91d0fdd16cb43829f69621efb23bfeca4cd44aafb4,3b48b2c7edf2927472697aed875f633ba80c85606f7aa08d8f7a57d1c7126647,4,False,False,True,,,,True,False,2_cross_split,test/pituitary/brisc2025_test_00973_pi_sa_t1.jpg,305
test/pituitary/brisc2025_test_00973_pi_sa_t1.jpg,train/pituitary/brisc2025_train_04917_pi_sa_t1.jpg,603ce98d0646432a93d26e91d0fdd16cb43829f69621efb23bfeca4cd44aafb4,1c45ea4593db8e46ea161def669d59419b6655ef114998a9d4c7ca51cd80b88f,4,False,False,True,,,,True,False,2_cross_split,,305
test/pituitary/brisc2025_test_00975_pi_sa_t1.jpg,train/pituitary/brisc2025_train_04922_pi_sa_t1.jpg,b4f7abb3b64949a4ba60956cc1b063798b914fc6adbce8ccdb01a5708c60f073,83d1ef63ae379a75fed4555f47178c0ca28e5cb993ff4567b68992d12853874b,4,False,False,True,,,,True,False,2_cross_split,test/pituitary/brisc2025_test_00975_pi_sa_t1.jpg,306
test/pituitary/brisc2025_test_00975_pi_sa_t1.jpg,train/pituitary/brisc2025_train_04923_pi_sa_t1.jpg,b4f7abb3b64949a4ba60956cc1b063798b914fc6adbce8ccdb01a5708c60f073,f453fb86935f756c13266c7c6aef9bd6dc0e026378219d7113a27ebd9ec2b186,4,False,False,True,,,,True,False,2_cross_split,,306
test/pituitary/brisc2025_test_00976_pi_sa_t1.jpg,train/pituitary/brisc2025_train_04926_pi_sa_t1.jpg,a553139234728a9aea6926cec5de0593486e63a0893132a3dfb93fc11cf2d6a4,41671ce92f0a57c27973e17ebdfdb7e5cdc254c27f35d89922b6ccc13054bb4c,4,False,False,True,,,,True,False,2_cross_split,test/pituitary/brisc2025_test_00976_pi_sa_t1.jpg,307
test/pituitary/brisc2025_test_00980_pi_sa_t1.jpg,train/pituitary/brisc2025_train_04936_pi_sa_t1.jpg,4aa1dae58a3bb96c9713609e9edab834b1288e9190b7507052bfae710011deac,b1164b537f57fa241ab382ea2633667ba75895f7939478e340a9f2907da57bcc,4,False,False,True,,,,True,False,2_cross_split,test/pituitary/brisc2025_test_00980_pi_sa_t1.jpg,308
test/pituitary/brisc2025_test_00980_pi_sa_t1.jpg,train/pituitary/brisc2025_train_04937_pi_sa_t1.jpg,4aa1dae58a3bb96c9713609e9edab834b1288e9190b7507052bfae710011deac,d65954d970058a8951ec108f1b31972dbbdbbce5dd09620ca8c8f33072a2fcab,4,False,False,True,,,,True,False,2_cross_split,,308
test/pituitary/brisc2025_test_00983_pi_sa_t1.jpg,train/pituitary/brisc2025_train_04944_pi_sa_t1.jpg,8c96acd6a9fe04b338e30c583dd4a244e6b22a1ace014041309697e84f6ec755,31292be38b64ffaa400e35873164d23c714d5c02a08c5bc48f393b011f2d1868,4,False,False,True,,,,True,False,2_cross_split,test/pituitary/brisc2025_test_00983_pi_sa_t1.jpg,309
test/pituitary/brisc2025_test_00983_pi_sa_t1.jpg,train/pituitary/brisc2025_train_04946_pi_sa_t1.jpg,8c96acd6a9fe04b338e30c583dd4a244e6b22a1ace014041309697e84f6ec755,54fb3860c69fe79daef27175ff92095d116bd23ec7658a0ba7283e84e48e0704,4,False,False,True,,,,True,False,2_cross_split,,309
test/pituitary/brisc2025_test_00984_pi_sa_t1.jpg,train/pituitary/brisc2025_train_04955_pi_sa_t1.jpg,09960ed6694d446e580565c1ee1d7f109f2e7299a0d27ac82fb2a7fb91c65844,0f703766db923ddf041115cf724a341cd2d2f225df172abb52b42bd7a9c3d2b2,4,False,False,True,,,,True,False,2_cross_split,,310
test/pituitary/brisc2025_test_00984_pi_sa_t1.jpg,train/pituitary/brisc2025_train_04987_pi_sa_t1.jpg,09960ed6694d446e580565c1ee1d7f109f2e7299a0d27ac82fb2a7fb91c65844,293cdaedb1fc046c97105c6a69b062917cc617348d84120e23ee2558571b1e54,4,False,False,True,,,,True,False,2_cross_split,,310
test/pituitary/brisc2025_test_00985_pi_sa_t1.jpg,train/pituitary/brisc2025_train_04952_pi_sa_t1.jpg,33958cc767014f5e2d1b7548ee6b305d57df9b2f712d3a902e85838d5604ce05,714648fe4d16dd71306def2c9a5b621a1b68db3517af24c77b3838460b9cc94f,4,False,False,True,,,,True,False,2_cross_split,,310
test/pituitary/brisc2025_test_00985_pi_sa_t1.jpg,train/pituitary/brisc2025_train_04953_pi_sa_t1.jpg,33958cc767014f5e2d1b7548ee6b305d57df9b2f712d3a902e85838d5604ce05,919b4880b1f291a9f5a200445e75e9dbc89eb506072676edca1da902d4322c6f,4,False,False,True,,,,True,False,2_cross_split,,310
test/pituitary/brisc2025_test_00989_pi_sa_t1.jpg,train/pituitary/brisc2025_train_04964_pi_sa_t1.jpg,b371de342892f335949353a41d89dc93c9c28e39ad0e5e4c7c770353f7125598,5866ed9174ea57221379e19587ac2cc74248c18ed5d6a0604097d479f5c9d66b,4,False,False,True,,,,True,False,2_cross_split,test/pituitary/brisc2025_test_00989_pi_sa_t1.jpg,312
test/pituitary/brisc2025_test_00990_pi_sa_t1.jpg,train/pituitary/brisc2025_train_04967_pi_sa_t1.jpg,e680decd85aa741deab1ff30a3b53ceaf28815b29fdef1ddd18bd22c00c7f4fe,61484fe9e1ab5bc4531281c9d1f6953eb70a8fa13cd1c885b93de6cae06c53f2,4,False,False,True,,,,True,False,2_cross_split,test/pituitary/brisc2025_test_00990_pi_sa_t1.jpg,313
test/pituitary/brisc2025_test_00990_pi_sa_t1.jpg,train/pituitary/brisc2025_train_04968_pi_sa_t1.jpg,e680decd85aa741deab1ff30a3b53ceaf28815b29fdef1ddd18bd22c00c7f4fe,f4a3792ad46c07a21b706b5639df922c2b8ef4e629be30c6028eb370cbc7684f,4,False,False,True,,,,True,False,2_cross_split,,313
test/pituitary/brisc2025_test_00990_pi_sa_t1.jpg,train/pituitary/brisc2025_train_04969_pi_sa_t1.jpg,e680decd85aa741deab1ff30a3b53ceaf28815b29fdef1ddd18bd22c00c7f4fe,c1f1e89b6ec15887eec21d30d99f5386391cce520f0e7624230c61cd095520c6,4,False,False,True,,,,True,False,2_cross_split,,313
test/pituitary/brisc2025_test_00991_pi_sa_t1.jpg,train/pituitary/brisc2025_train_04971_pi_sa_t1.jpg,9b2a6538e60af09588ee4a6edce86d416d8e139a27cb289950e91825a221a1cd,2c357f08c9ce1aad1ebe14bac6850ade681e629d212e73da696a7160420fcc9e,4,False,False,True,,,,True,False,2_cross_split,test/pituitary/brisc2025_test_00991_pi_sa_t1.jpg,314
test/pituitary/brisc2025_test_00991_pi_sa_t1.jpg,train/pituitary/brisc2025_train_04972_pi_sa_t1.jpg,9b2a6538e60af09588ee4a6edce86d416d8e139a27cb289950e91825a221a1cd,8460636964861450514a44faf3b40a7b9bee689aa687a417d4ff8840e8d20a9b,4,False,False,True,,,,True,False,2_cross_split,,314
test/pituitary/brisc2025_test_00993_pi_sa_t1.jpg,train/pituitary/brisc2025_train_04978_pi_sa_t1.jpg,5f892bb1a24838176e76b7f6a6f807e2f7688bb5e2be2783730041e92aee12f2,1d8ea851e6e5b1a7b34197957dd23eba91f24bf5a70ba3d6e9c11d94e288314b,4,False,False,True,,,,True,False,2_cross_split,,315
test/pituitary/brisc2025_test_01000_pi_sa_t1.jpg,train/pituitary/brisc2025_train_04997_pi_sa_t1.jpg,60d58514c5b307c5615198de6c54f37c8340738b4ca18a4f682a5a2631d8e923,836eabb3d1b4260dd3ac8614fc14fce05548fa7aa22b46a39168bf6cd969769a,4,False,False,True,,,,True,False,2_cross_split,test/pituitary/brisc2025_test_01000_pi_sa_t1.jpg,316
test/glioma/brisc2025_test_00030_gl_ax_t1.jpg,test/glioma/brisc2025_test_00092_gl_co_t1.jpg,0de951286256834bd2ddc4e26fe9795265fc200a9f7c85af3fc707eb0bfc8803,0de951286256834bd2ddc4e26fe9795265fc200a9f7c85af3fc707eb0bfc8803,0,True,False,False,,,,True,True,3_within_split,,4
test/meningioma/brisc2025_test_00256_me_ax_t1.jpg,test/meningioma/brisc2025_test_00349_me_ax_t1.jpg,ab6340a63c76fe15809d9989b432bb6520301573452d9efed240c9e211e100f9,69c1c453795ef46d2c171bafe4d4af47b0f059026d3e231227668cd7c8928068,0,False,False,False,,,,True,True,3_within_split,test/meningioma/brisc2025_test_00349_me_ax_t1.jpg,68
test/meningioma/brisc2025_test_00257_me_ax_t1.jpg,test/meningioma/brisc2025_test_00267_me_ax_t1.jpg,287e57e51279330fe35b02999f3e99c4a8d71a2982384edeb6dc21e65e69c853,d122fa995de9d5266344d97c7e2d6973210911f4c8e549575c873b82aee3ae2a,0,False,False,False,,,,False,False,3_within_split,,69
test/meningioma/brisc2025_test_00262_me_ax_t1.jpg,test/meningioma/brisc2025_test_00275_me_ax_t1.jpg,86847c6a4729a4b19bf1b3f58905c68812c6f75ea680c0ccb1621b94e165d16f,86847c6a4729a4b19bf1b3f58905c68812c6f75ea680c0ccb1621b94e165d16f,0,True,False,False,,,,True,True,3_within_split,,74
test/meningioma/brisc2025_test_00265_me_ax_t1.jpg,test/meningioma/brisc2025_test_00305_me_ax_t1.jpg,80954652d15d172bfeddcc5cfbfef504b221e9c5378bbb195a06b2b6c486ce3f,bf179c5981986242a58d0c3b3ddb9ec1a487e89979c9b8346d2412cc792b20d7,0,False,False,False,,,,False,False,3_within_split,,77
test/meningioma/brisc2025_test_00271_me_ax_t1.jpg,test/meningioma/brisc2025_test_00313_me_ax_t1.jpg,bb916ba7fe525b5ba8f325bdfb2941bbb9119c84f0ae3662a59bcd342679cfe8,67783a1aeb696e36c1be2bc1af3c0a02d3f61d32248b5bfa2840b22a72b8484e,0,False,False,False,,,,False,False,3_within_split,,81
test/meningioma/brisc2025_test_00272_me_ax_t1.jpg,test/meningioma/brisc2025_test_00304_me_ax_t1.jpg,b8a42737f41cb71d02cc8f6ea840c15f91ec938639d089be773149eb7cd878a6,189c6dfd75947dadad4abd3daff45ce9d5b1909c9eea812d796eca85896f39e2,0,False,False,False,,,,False,False,3_within_split,,82
test/meningioma/brisc2025_test_00276_me_ax_t1.jpg,test/meningioma/brisc2025_test_00302_me_ax_t1.jpg,b31d723ab6491c8da12fddc8b756b398e5f35cf08f063f092b1a8c7cbc2d78c3,a63f2866a725f2b4a72deebd9399962fa5fd20a0a5a7b3c571bd97ba1365c857,0,False,False,False,,,,False,False,3_within_split,,85
test/meningioma/brisc2025_test_00315_me_ax_t1.jpg,test/meningioma/brisc2025_test_00352_me_ax_t1.jpg,9d77e3a05ebb113dabfd559fb0840079b9fbd2d7ee52002f4dfccba75f2dbe71,f3d00bbb942117c2fb62466414d3c466ca283b678200fe87424e4128b80b2dba,0,False,False,False,,,,True,True,3_within_split,,114
test/meningioma/brisc2025_test_00319_me_ax_t1.jpg,test/meningioma/brisc2025_test_00354_me_ax_t1.jpg,ad1982ac07eb702eb985f1e22e322cb353e24b8313cce4e5655acd8302837e04,f813b3d84d164a5b7e87174946eb5c7acaae34e62b480bb31bcb0d6d518986b1,0,False,False,False,,,,True,True,3_within_split,test/meningioma/brisc2025_test_00354_me_ax_t1.jpg,117
test/meningioma/brisc2025_test_00361_me_ax_t1.jpg,test/meningioma/brisc2025_test_00429_me_co_t1.jpg,94247e44617a135f0ce0ad29fcdff8c7bf484f3f2e4a9826c2ba4267709e5706,94247e44617a135f0ce0ad29fcdff8c7bf484f3f2e4a9826c2ba4267709e5706,0,True,False,False,,,,True,True,3_within_split,,135
test/meningioma/brisc2025_test_00402_me_co_t1.jpg,test/meningioma/brisc2025_test_00408_me_co_t1.jpg,5c6da12069abad1ea0d958b7cbeec5b4ebed459dc9b1f2177246cc4e597b0b4b,eadc6dd552a21452ea3a1f171e62f805c6f66927d6f8670961aac7e9495ded81,0,False,False,False,,,,False,False,3_within_split,,156
test/meningioma/brisc2025_test_00415_me_co_t1.jpg,test/meningioma/brisc2025_test_00416_me_co_t1.jpg,f55311fb8ccf1b86450233262bd00b176bd1c404e5849b59c0a3cd5e4440626b,f55311fb8ccf1b86450233262bd00b176bd1c404e5849b59c0a3cd5e4440626b,0,True,False,False,,,,True,True,3_within_split,,161
test/no_tumor/brisc2025_test_00652_no_co_t1.jpg,test/no_tumor/brisc2025_test_00653_no_co_t1.jpg,83a902ae1b975dacbc65c496ccd4c38ba8f2d7112b32dbc7f308b5b6140bb41b,1595479fb08ed8c4fd104630f8df149d7bcf45cc6ffc722335e1c43a1b224d9b,0,False,False,False,,,,True,False,3_within_split,test/no_tumor/brisc2025_test_00653_no_co_t1.jpg,203
test/no_tumor/brisc2025_test_00659_no_co_t1.jpg,test/no_tumor/brisc2025_test_00660_no_co_t1.jpg,8d7abec740c4d59168bd40626034ce16cc2054a6b46cdf913d1dcaab2671397a,8d7abec740c4d59168bd40626034ce16cc2054a6b46cdf913d1dcaab2671397a,0,True,False,False,,,,True,True,3_within_split,,204
train/glioma/brisc2025_train_00057_gl_ax_t1.jpg,train/glioma/brisc2025_train_00059_gl_ax_t1.jpg,b3e23a07ea2fe7eb605c6b788bcfe709e586b7923abcacf910a74d8f1b15badd,dd2b85dcc22e042b17b1e4b1978292deb65c4cbb00dc74f38920dda603bd7dcb,0,False,False,False,,,,True,False,3_within_split,train/glioma/brisc2025_train_00059_gl_ax_t1.jpg,318
train/glioma/brisc2025_train_00062_gl_ax_t1.jpg,train/glioma/brisc2025_train_00063_gl_ax_t1.jpg,7cb479ac3290e8b903cd1d3a91dcfdda3269446b7c996591b0f5784bf520bba4,80fd3e27df1d9f8ff58dbc60cd3638560d5e2900ef62a94dedbe31fe0e13e080,0,False,False,False,,,,True,False,3_within_split,train/glioma/brisc2025_train_00063_gl_ax_t1.jpg,319
train/glioma/brisc2025_train_00248_gl_ax_t1.jpg,train/glioma/brisc2025_train_00249_gl_ax_t1.jpg,a7b34ba88ef8b47db096336683550988bbf8cb30042b37acaacb597d53a51b87,6b75b33c104238feff9c2d438e64b93baad11d39943c80d8ca487c1670f9fbf5,0,False,False,False,,,,True,False,3_within_split,train/glioma/brisc2025_train_00249_gl_ax_t1.jpg,318
train/meningioma/brisc2025_train_01237_me_ax_t1.jpg,train/meningioma/brisc2025_train_01648_me_co_t1.jpg,622644677145b5202656ca1d281cc6680c12f440a077e4af7f5e85493a1b890f,622644677145b5202656ca1d281cc6680c12f440a077e4af7f5e85493a1b890f,0,True,False,False,,,,True,True,3_within_split,,418
train/meningioma/brisc2025_train_01238_me_ax_t1.jpg,train/meningioma/brisc2025_train_01649_me_co_t1.jpg,1105b29d6d5b9c2a3c59314b8fc63c661df43e488beb0d996a1bea7079643b42,1105b29d6d5b9c2a3c59314b8fc63c661df43e488beb0d996a1bea7079643b42,0,True,False,False,,,,True,True,3_within_split,,419
train/meningioma/brisc2025_train_01239_me_ax_t1.jpg,train/meningioma/brisc2025_train_01650_me_co_t1.jpg,b53353cf2ca67b3a2cfc03843a14a774c08257de9a0f44f016f3c6650955a619,b53353cf2ca67b3a2cfc03843a14a774c08257de9a0f44f016f3c6650955a619,0,True,False,False,,,,True,True,3_within_split,,420
train/meningioma/brisc2025_train_01240_me_ax_t1.jpg,train/meningioma/brisc2025_train_01651_me_co_t1.jpg,a75f3d6a34ffafc4fb88ae4bbd95408fbe07bae9404dcb2931fd9b557f786762,a75f3d6a34ffafc4fb88ae4bbd95408fbe07bae9404dcb2931fd9b557f786762,0,True,False,False,,,,True,True,3_within_split,,421
train/meningioma/brisc2025_train_01246_me_ax_t1.jpg,train/meningioma/brisc2025_train_01265_me_ax_t1.jpg,4951f7ba2e002020c835b3f50136c3249f3ae004624b35a262e65dd431d70e56,8fa0f1b0bad36d5bd71216ede76d56161464a390dd2600b0b1cbb81038188c39,0,False,False,False,,,,False,False,3_within_split,train/meningioma/brisc2025_train_01265_me_ax_t1.jpg,81
train/meningioma/brisc2025_train_01246_me_ax_t1.jpg,train/meningioma/brisc2025_train_01302_me_ax_t1.jpg,4951f7ba2e002020c835b3f50136c3249f3ae004624b35a262e65dd431d70e56,4951f7ba2e002020c835b3f50136c3249f3ae004624b35a262e65dd431d70e56,0,True,False,False,,,,True,True,3_within_split,,81
train/meningioma/brisc2025_train_01247_me_ax_t1.jpg,train/meningioma/brisc2025_train_01268_me_ax_t1.jpg,24f09f91af40e42f2798bbc29df353ce17e6a0c0b533fb923b2fa8f75df6b496,24f09f91af40e42f2798bbc29df353ce17e6a0c0b533fb923b2fa8f75df6b496,0,True,False,False,,,,True,True,3_within_split,,74
train/meningioma/brisc2025_train_01247_me_ax_t1.jpg,train/meningioma/brisc2025_train_01386_me_ax_t1.jpg,24f09f91af40e42f2798bbc29df353ce17e6a0c0b533fb923b2fa8f75df6b496,24f09f91af40e42f2798bbc29df353ce17e6a0c0b533fb923b2fa8f75df6b496,0,True,False,False,,,,True,True,3_within_split,,74
train/meningioma/brisc2025_train_01250_me_ax_t1.jpg,train/meningioma/brisc2025_train_01294_me_ax_t1.jpg,ae8aa3c5ee2590c27b3ce8b795ee1d76d399da54bb4682fe01ea50f8fd15aac7,f9d94f5dbe03a80e7725fbfd4927ef965bf852983da2497e40addfab16c94a3e,0,False,False,False,,,,False,False,3_within_split,train/meningioma/brisc2025_train_01294_me_ax_t1.jpg,77
train/meningioma/brisc2025_train_01251_me_ax_t1.jpg,train/meningioma/brisc2025_train_01652_me_co_t1.jpg,2c8be230a33c267864fdce27d56db309cd612981d9bb68b2b3ce9b8f18e57c31,2c8be230a33c267864fdce27d56db309cd612981d9bb68b2b3ce9b8f18e57c31,0,True,False,False,,,,True,True,3_within_split,,422
train/meningioma/brisc2025_train_01254_me_ax_t1.jpg,train/meningioma/brisc2025_train_01293_me_ax_t1.jpg,1db9c81ca21c0ec3f145865ef84c439d9e3fd951b8478cef6a3a2d31a6e7c5d1,e6ca19cc14a4c5dfaee656165c5b8c93608ab5adb96c354b15fec32fd3249857,0,False,False,False,,,,False,False,3_within_split,train/meningioma/brisc2025_train_01293_me_ax_t1.jpg,82
train/meningioma/brisc2025_train_01256_me_ax_t1.jpg,train/meningioma/brisc2025_train_01402_me_ax_t1.jpg,eca47283498dca90a78adbac146a0c95a7352e944d7364f3d3f46adf4c60357d,7145b21317f3aaaf1d5d68132cbaaca5b7cdf4042e1b7ecf3c4c95b405a06655,0,False,False,False,,,,False,False,3_within_split,train/meningioma/brisc2025_train_01402_me_ax_t1.jpg,69
train/meningioma/brisc2025_train_01265_me_ax_t1.jpg,train/meningioma/brisc2025_train_01302_me_ax_t1.jpg,8fa0f1b0bad36d5bd71216ede76d56161464a390dd2600b0b1cbb81038188c39,4951f7ba2e002020c835b3f50136c3249f3ae004624b35a262e65dd431d70e56,0,False,False,False,,,,False,False,3_within_split,,81
train/meningioma/brisc2025_train_01268_me_ax_t1.jpg,train/meningioma/brisc2025_train_01386_me_ax_t1.jpg,24f09f91af40e42f2798bbc29df353ce17e6a0c0b533fb923b2fa8f75df6b496,24f09f91af40e42f2798bbc29df353ce17e6a0c0b533fb923b2fa8f75df6b496,0,True,False,False,,,,True,True,3_within_split,,74
train/meningioma/brisc2025_train_01269_me_ax_t1.jpg,train/meningioma/brisc2025_train_01291_me_ax_t1.jpg,f260fc621e5ae555a5eaaab2dcb29d491386a3849191b0ff9556bdf18a5ada76,e465760e8b0ca460951cfa70174020194061c32793bc236212be4280a8b25a6e,0,False,False,False,,,,False,False,3_within_split,train/meningioma/brisc2025_train_01291_me_ax_t1.jpg,85
train/meningioma/brisc2025_train_01276_me_ax_t1.jpg,train/meningioma/brisc2025_train_01277_me_ax_t1.jpg,09b9031e30e757eb6e648686f0ca412357e86895ebbc52d300d2d0a9305fd417,09b9031e30e757eb6e648686f0ca412357e86895ebbc52d300d2d0a9305fd417,0,True,False,False,,,,True,True,3_within_split,,423
train/meningioma/brisc2025_train_01346_me_ax_t1.jpg,train/meningioma/brisc2025_train_01347_me_ax_t1.jpg,e28edeb147e6e9347814198c4d3d87a4db27fbb3e6288829cea52effab51b445,632b2be4fb34f336291dd7603e43ab5cffb2bb53de702938fda180bc6a250601,0,False,False,False,,,,True,False,3_within_split,train/meningioma/brisc2025_train_01347_me_ax_t1.jpg,432
train/meningioma/brisc2025_train_01442_me_ax_t1.jpg,train/meningioma/brisc2025_train_01887_me_co_t1.jpg,db01a452cd2bc8950a03e6ea270b6b20e439fde923c9a2cd30b212f3443b698b,db01a452cd2bc8950a03e6ea270b6b20e439fde923c9a2cd30b212f3443b698b,0,True,False,False,,,,True,True,3_within_split,,438
train/meningioma/brisc2025_train_01456_me_ax_t1.jpg,train/meningioma/brisc2025_train_02286_me_sa_t1.jpg,e2a955142f1b608205f3bc0ef078d801a644682d608e894950e2d1d85b543e75,e2a955142f1b608205f3bc0ef078d801a644682d608e894950e2d1d85b543e75,0,True,False,False,,,,True,True,3_within_split,,139
train/meningioma/brisc2025_train_01460_me_ax_t1.jpg,train/meningioma/brisc2025_train_02310_me_sa_t1.jpg,6850de4414799ffeff8453156b05e59049870b1e0801f956558ca825482a3a13,6850de4414799ffeff8453156b05e59049870b1e0801f956558ca825482a3a13,0,True,False,False,,,,True,True,3_within_split,,439
train/meningioma/brisc2025_train_01467_me_ax_t1.jpg,train/meningioma/brisc2025_train_02365_me_sa_t1.jpg,d8934847ee16e6194ed30b5ba09727b530eaade5f8660632f768619a525a5bbd,d8934847ee16e6194ed30b5ba09727b530eaade5f8660632f768619a525a5bbd,0,True,False,False,,,,True,True,3_within_split,,440
train/meningioma/brisc2025_train_01469_me_ax_t1.jpg,train/meningioma/brisc2025_train_02394_me_sa_t1.jpg,aa050bde7cc73aaa0e59adc79f95ba3018346d444340ae65aef92add28224323,aa050bde7cc73aaa0e59adc79f95ba3018346d444340ae65aef92add28224323,0,True,False,False,,,,True,True,3_within_split,,441
train/meningioma/brisc2025_train_01526_me_ax_t1.jpg,train/meningioma/brisc2025_train_01527_me_ax_t1.jpg,de8592a85364773572a57567375e3e8e73e38913c60c51d1bbb5306354c61322,3f2e25e763d4bfa91cdeaed943912c4bebd420d9a370c22c6af26dc4182a79b7,0,False,False,False,,,,True,False,3_within_split,train/meningioma/brisc2025_train_01527_me_ax_t1.jpg,318
train/meningioma/brisc2025_train_01545_me_ax_t1.jpg,train/meningioma/brisc2025_train_01546_me_ax_t1.jpg,6e5ca8d2cbba5c2a2633f42b799660ff02b02dec3cbc72cc6263797f759137ea,592e6bac493629742729200e79098e971a4df440405a30e99810f82bf27b5427,0,False,False,False,,,,True,False,3_within_split,train/meningioma/brisc2025_train_01546_me_ax_t1.jpg,145
train/meningioma/brisc2025_train_01571_me_co_t1.jpg,train/meningioma/brisc2025_train_01997_me_sa_t1.jpg,fce25282f9c298280721e6608db8dd49289984e7004b61c4dd142d442735ecce,fce25282f9c298280721e6608db8dd49289984e7004b61c4dd142d442735ecce,0,True,False,False,,,,True,True,3_within_split,,448
train/meningioma/brisc2025_train_01660_me_co_t1.jpg,train/meningioma/brisc2025_train_01664_me_co_t1.jpg,45938b1b529e1075b171d940aabb0388b4f863984ab96af7879025f0b31a668c,ad80fb721b5d5ee5b77ff2e29e3473a54db92a5004c7de810fe1353e89a65d33,0,False,False,False,,,,False,False,3_within_split,train/meningioma/brisc2025_train_01664_me_co_t1.jpg,156
train/meningioma/brisc2025_train_01667_me_co_t1.jpg,train/meningioma/brisc2025_train_01668_me_co_t1.jpg,e2c7bc9c2d735e5b584b329f5cda1aec1f2415b2972c4aa8efc8d0a61e61b280,e2c7bc9c2d735e5b584b329f5cda1aec1f2415b2972c4aa8efc8d0a61e61b280,0,True,False,False,,,,True,True,3_within_split,,161
train/meningioma/brisc2025_train_02099_me_sa_t1.jpg,train/meningioma/brisc2025_train_02100_me_sa_t1.jpg,451f339dbf4d33864e0dd8940f533bbeddda6492cf60bb15615342bd467cc721,451f339dbf4d33864e0dd8940f533bbeddda6492cf60bb15615342bd467cc721,0,True,False,False,,,,True,True,3_within_split,,497
train/meningioma/brisc2025_train_02125_me_sa_t1.jpg,train/meningioma/brisc2025_train_02126_me_sa_t1.jpg,1a63bc6b031b8f9aea7decf821c5418de6120db0a945055d040656c1589eb8de,22ff202c8c1effc27362d7016064f225b192c4399265e042e6fdf6b4816e64e9,0,False,False,False,,,,True,False,3_within_split,train/meningioma/brisc2025_train_02126_me_sa_t1.jpg,502
train/no_tumor/brisc2025_train_03060_no_co_t1.jpg,train/no_tumor/brisc2025_train_03069_no_co_t1.jpg,b6ca4aa3a35c99cf47e444b807e3784ae55e3a18918e5ebf4873725f8dbbcd97,f15054a730ae4577be21cb077b22556adc02fcf9796efa992d02d53695175583,0,False,False,False,,,,True,False,3_within_split,train/no_tumor/brisc2025_train_03069_no_co_t1.jpg,530
train/no_tumor/brisc2025_train_03288_no_sa_t1.jpg,train/no_tumor/brisc2025_train_03320_no_sa_t1.jpg,c1cbafc4571ff3429c4344f222f646a37e77412cfffd4a917f0bf0b12450c0fc,1c2777af9f5bc61e341ae578e2583953ee93cfbea2be89afc2682c2333e2d16e,0,False,False,False,,,,True,False,3_within_split,train/no_tumor/brisc2025_train_03320_no_sa_t1.jpg,559
train/no_tumor/brisc2025_train_03467_no_sa_t1.jpg,train/no_tumor/brisc2025_train_03502_no_sa_t1.jpg,e44e359eed2a16c1262d6b43d709bc29abd1d8d435afa03a8f975629a07676e6,e44e359eed2a16c1262d6b43d709bc29abd1d8d435afa03a8f975629a07676e6,0,True,False,False,,,,True,True,3_within_split,,565
train/no_tumor/brisc2025_train_03470_no_sa_t1.jpg,train/no_tumor/brisc2025_train_03491_no_sa_t1.jpg,e0469797181b80d7dbc8d52ad3bd187ed938065ff6d85a25c73eb8c0d0bae700,e0469797181b80d7dbc8d52ad3bd187ed938065ff6d85a25c73eb8c0d0bae700,0,True,False,False,,,,True,True,3_within_split,,566
train/no_tumor/brisc2025_train_03471_no_sa_t1.jpg,train/no_tumor/brisc2025_train_03495_no_sa_t1.jpg,1e1a27e88f2812b4b950fca09bf5f4b8fe20514826756ac69b37b43c0c73214b,1e1a27e88f2812b4b950fca09bf5f4b8fe20514826756ac69b37b43c0c73214b,0,True,False,False,,,,True,True,3_within_split,,567
train/no_tumor/brisc2025_train_03472_no_sa_t1.jpg,train/no_tumor/brisc2025_train_03496_no_sa_t1.jpg,6eb81fdade7fe9fd565c5e71c5ae80afdae447935f0ac443ca1d1b9d8cb0909e,6eb81fdade7fe9fd565c5e71c5ae80afdae447935f0ac443ca1d1b9d8cb0909e,0,True,False,False,,,,True,True,3_within_split,,568
train/no_tumor/brisc2025_train_03475_no_sa_t1.jpg,train/no_tumor/brisc2025_train_03487_no_sa_t1.jpg,092a6997f62fdbaa2bc49469a827ef799ebd70cc75d1b0bf8466c5054241905b,092a6997f62fdbaa2bc49469a827ef799ebd70cc75d1b0bf8466c5054241905b,0,True,False,False,,,,True,True,3_within_split,,569
train/no_tumor/brisc2025_train_03477_no_sa_t1.jpg,train/no_tumor/brisc2025_train_03493_no_sa_t1.jpg,1139856fed19589e9f95b7c059324c88a0e77baed54e8e726d496b2cc84b0c8e,1139856fed19589e9f95b7c059324c88a0e77baed54e8e726d496b2cc84b0c8e,0,True,False,False,,,,True,True,3_within_split,,570
train/no_tumor/brisc2025_train_03478_no_sa_t1.jpg,train/no_tumor/brisc2025_train_03492_no_sa_t1.jpg,66e52289dbb20ebe544be658dbc1345e18f031967fe6f972bfb91dd8a39d48cb,66e52289dbb20ebe544be658dbc1345e18f031967fe6f972bfb91dd8a39d48cb,0,True,False,False,,,,True,True,3_within_split,,571
train/no_tumor/brisc2025_train_03482_no_sa_t1.jpg,train/no_tumor/brisc2025_train_03486_no_sa_t1.jpg,8e69d582e948d4bdf753ad925311df27bab28db64ba2ee766d5e595cf95cd329,8e69d582e948d4bdf753ad925311df27bab28db64ba2ee766d5e595cf95cd329,0,True,False,False,,,,True,True,3_within_split,,572
train/no_tumor/brisc2025_train_03489_no_sa_t1.jpg,train/no_tumor/brisc2025_train_03497_no_sa_t1.jpg,25dbc9664f03a7af82b74aec6c5497cd94dc5f6f639907656725d0ac88cfd111,25dbc9664f03a7af82b74aec6c5497cd94dc5f6f639907656725d0ac88cfd111,0,True,False,False,,,,True,True,3_within_split,,573
train/pituitary/brisc2025_train_03612_pi_ax_t1.jpg,train/pituitary/brisc2025_train_03613_pi_ax_t1.jpg,c2eb40de407cccb68b425748f0fabae16ecd3745ff2f53b5f4b2367756b3fb49,3062d3f70457960af8eda0728849b1747050d5fc4321feb7d87ad7ab6628fe7d,0,False,False,False,,,,True,False,3_within_split,,583
train/pituitary/brisc2025_train_03994_pi_co_t1.jpg,train/pituitary/brisc2025_train_03995_pi_co_t1.jpg,6c374ab41105e5927d08e15103c8c27416f8e7d03c15c03d104ace5b310bd0ed,6c374ab41105e5927d08e15103c8c27416f8e7d03c15c03d104ace5b310bd0ed,0,True,False,False,,,,True,True,3_within_split,,607
train/pituitary/brisc2025_train_04070_pi_co_t1.jpg,train/pituitary/brisc2025_train_04071_pi_co_t1.jpg,8e2b4a6d3ce98d740a636942e40c14783eac078cf1758678c9d5aee948057aa7,8e2b4a6d3ce98d740a636942e40c14783eac078cf1758678c9d5aee948057aa7,0,True,False,False,,,,True,True,3_within_split,,620
train/pituitary/brisc2025_train_04176_pi_co_t1.jpg,train/pituitary/brisc2025_train_04177_pi_co_t1.jpg,3e802dd22f483ce4d442fe2c7f1890c1c810ec8c1131b364fd4e4593bf0f268a,3e802dd22f483ce4d442fe2c7f1890c1c810ec8c1131b364fd4e4593bf0f268a,0,True,False,False,,,,True,True,3_within_split,,248
train/pituitary/brisc2025_train_04176_pi_co_t1.jpg,train/pituitary/brisc2025_train_04178_pi_co_t1.jpg,3e802dd22f483ce4d442fe2c7f1890c1c810ec8c1131b364fd4e4593bf0f268a,3e802dd22f483ce4d442fe2c7f1890c1c810ec8c1131b364fd4e4593bf0f268a,0,True,False,False,,,,True,True,3_within_split,,248
train/pituitary/brisc2025_train_04177_pi_co_t1.jpg,train/pituitary/brisc2025_train_04178_pi_co_t1.jpg,3e802dd22f483ce4d442fe2c7f1890c1c810ec8c1131b364fd4e4593bf0f268a,3e802dd22f483ce4d442fe2c7f1890c1c810ec8c1131b364fd4e4593bf0f268a,0,True,False,False,,,,True,True,3_within_split,,248
train/pituitary/brisc2025_train_04201_pi_co_t1.jpg,train/pituitary/brisc2025_train_04202_pi_co_t1.jpg,690ed9d73b96706b833cfbb95e40543fe022c7579ab74693873e2c26766c5efb,690ed9d73b96706b833cfbb95e40543fe022c7579ab74693873e2c26766c5efb,0,True,False,False,,,,True,True,3_within_split,,635
train/pituitary/brisc2025_train_04223_pi_co_t1.jpg,train/pituitary/brisc2025_train_04224_pi_co_t1.jpg,4b9d301cb859f22fda8dd8b44a8d1df0a3a8e8364850196b0d7b78cf5659345d,93c048797863776f29ff4e855cd515591ffa6ebc024509586746009bfc90378e,0,False,False,False,,,,True,False,3_within_split,train/pituitary/brisc2025_train_04224_pi_co_t1.jpg,637
train/pituitary/brisc2025_train_04343_pi_co_t1.jpg,train/pituitary/brisc2025_train_04344_pi_co_t1.jpg,bf084ec303080280c2a5e3c9decdc1bfe37973658fa09dbeb496246041096970,8ed4accd7a09042e088ab54f6151af6ddd67b01286b0c280141f11aeadec80e8,0,False,False,False,,,,True,False,3_within_split,train/pituitary/brisc2025_train_04344_pi_co_t1.jpg,266
train/pituitary/brisc2025_train_04494_pi_sa_t1.jpg,train/pituitary/brisc2025_train_04594_pi_sa_t1.jpg,c27c953b150b8cfa6c2820bac42a13a5d1b5b6420409973ba07a18542429afd5,c27c953b150b8cfa6c2820bac42a13a5d1b5b6420409973ba07a18542429afd5,0,True,False,False,,,,True,True,3_within_split,,657
train/pituitary/brisc2025_train_04550_pi_sa_t1.jpg,train/pituitary/brisc2025_train_04551_pi_sa_t1.jpg,dea65808e631f46024aaa034984629ab8a455f2b951ca7022f12fa9e62b7c8ff,dea65808e631f46024aaa034984629ab8a455f2b951ca7022f12fa9e62b7c8ff,0,True,False,False,,,,True,True,3_within_split,,667
train/pituitary/brisc2025_train_04596_pi_sa_t1.jpg,train/pituitary/brisc2025_train_04597_pi_sa_t1.jpg,8a4a14e666a67b90bf01bac1b85170bacf41fda33c7a7394d5e82e83c6f6f324,8a4a14e666a67b90bf01bac1b85170bacf41fda33c7a7394d5e82e83c6f6f324,0,True,False,False,,,,True,True,3_within_split,,674
train/pituitary/brisc2025_train_04647_pi_sa_t1.jpg,train/pituitary/brisc2025_train_04648_pi_sa_t1.jpg,a1ee82164acd190067400d50f236fbb6004c0002fe3c09e4cf2d71752865140b,a1ee82164acd190067400d50f236fbb6004c0002fe3c09e4cf2d71752865140b,0,True,False,False,,,,True,True,3_within_split,,681
train/pituitary/brisc2025_train_04676_pi_sa_t1.jpg,train/pituitary/brisc2025_train_04677_pi_sa_t1.jpg,8afa71fed3d0307237b24872056b750f3c06ee0d9527c35241b908eb7404080f,8afa71fed3d0307237b24872056b750f3c06ee0d9527c35241b908eb7404080f,0,True,False,False,,,,True,True,3_within_split,,686
train/pituitary/brisc2025_train_04730_pi_sa_t1.jpg,train/pituitary/brisc2025_train_04732_pi_sa_t1.jpg,6d5041976ac234dd6163a564439d2d052cdd5c139c1f5d29b50f76457ac98ff6,f201e240c765dd650146cb09c8197069a6f7fda60be0f6b9ca1286f15d02eb16,0,False,False,False,,,,True,False,3_within_split,train/pituitary/brisc2025_train_04732_pi_sa_t1.jpg,698
train/pituitary/brisc2025_train_04741_pi_sa_t1.jpg,train/pituitary/brisc2025_train_04742_pi_sa_t1.jpg,7d0738e4f6493b449e20a147b80f674c589dc478dd6b5ccd4fb6ea1c329f0cfe,7d0738e4f6493b449e20a147b80f674c589dc478dd6b5ccd4fb6ea1c329f0cfe,0,True,False,False,,,,True,True,3_within_split,,700
train/pituitary/brisc2025_train_04741_pi_sa_t1.jpg,train/pituitary/brisc2025_train_04743_pi_sa_t1.jpg,7d0738e4f6493b449e20a147b80f674c589dc478dd6b5ccd4fb6ea1c329f0cfe,7d0738e4f6493b449e20a147b80f674c589dc478dd6b5ccd4fb6ea1c329f0cfe,0,True,False,False,,,,True,True,3_within_split,,700
train/pituitary/brisc2025_train_04742_pi_sa_t1.jpg,train/pituitary/brisc2025_train_04743_pi_sa_t1.jpg,7d0738e4f6493b449e20a147b80f674c589dc478dd6b5ccd4fb6ea1c329f0cfe,7d0738e4f6493b449e20a147b80f674c589dc478dd6b5ccd4fb6ea1c329f0cfe,0,True,False,False,,,,True,True,3_within_split,,700
train/pituitary/brisc2025_train_04838_pi_sa_t1.jpg,train/pituitary/brisc2025_train_04839_pi_sa_t1.jpg,b3702b83372ee6b6cf7b20eae6f27492db189f52a599be79233e6622f256006a,68643c08b53b71bc9c95e4aa6f7eae2056f310597883c2c53ce650a783c98d66,0,False,False,False,,,,True,False,3_within_split,,296
test/glioma/brisc2025_test_00187_gl_sa_t1.jpg,test/glioma/brisc2025_test_00188_gl_sa_t1.jpg,70e7d52974ac56818a63fac120b009a6d7ec98e06075e4f013c20581c8297b27,b429ba7a0b1da4af4ad2d7165a3bf90884053d199801a6b6444375f3a49d455c,2,False,False,False,,,,True,False,3_within_split,test/glioma/brisc2025_test_00188_gl_sa_t1.jpg,48
test/meningioma/brisc2025_test_00257_me_ax_t1.jpg,test/meningioma/brisc2025_test_00316_me_ax_t1.jpg,287e57e51279330fe35b02999f3e99c4a8d71a2982384edeb6dc21e65e69c853,19f85781d3642a0c0a9d3831265070195500ff2f41feb84cf72bb87b12060e7e,2,False,False,False,,,,False,False,3_within_split,,69
test/meningioma/brisc2025_test_00261_me_ax_t1.jpg,test/meningioma/brisc2025_test_00314_me_ax_t1.jpg,efbb74c524ab95fae4c5ff626880c4a7f23d066111ff682ae04c32b5c422af13,65a902fcdd43caafbfd32f996cda5eb70f49870ae04b457e63b4e12149168225,2,False,False,False,,,,False,False,3_within_split,,73
test/meningioma/brisc2025_test_00267_me_ax_t1.jpg,test/meningioma/brisc2025_test_00316_me_ax_t1.jpg,d122fa995de9d5266344d97c7e2d6973210911f4c8e549575c873b82aee3ae2a,19f85781d3642a0c0a9d3831265070195500ff2f41feb84cf72bb87b12060e7e,2,False,False,False,,,,False,False,3_within_split,,69
test/meningioma/brisc2025_test_00272_me_ax_t1.jpg,test/meningioma/brisc2025_test_00287_me_ax_t1.jpg,b8a42737f41cb71d02cc8f6ea840c15f91ec938639d089be773149eb7cd878a6,ba6bb4c25be87a339ccfda7a83e3d3018a19a9f2d7d53321c9dcf7a41d7134ee,2,False,False,False,,,,True,False,3_within_split,,82
test/meningioma/brisc2025_test_00287_me_ax_t1.jpg,test/meningioma/brisc2025_test_00304_me_ax_t1.jpg,ba6bb4c25be87a339ccfda7a83e3d3018a19a9f2d7d53321c9dcf7a41d7134ee,189c6dfd75947dadad4abd3daff45ce9d5b1909c9eea812d796eca85896f39e2,2,False,False,False,,,,False,False,3_within_split,,82
test/meningioma/brisc2025_test_00396_me_co_t1.jpg,test/meningioma/brisc2025_test_00401_me_co_t1.jpg,fb2b0e33367c6b46c5aee62ff7fa335a1cd7f185792e84090f8a62e722d91d8b,d42c2063d877d317380155375c55a3f736e1202e404cbfa0d4507bef3350f4e3,2,False,False,False,,,,False,False,3_within_split,,151
test/meningioma/brisc2025_test_00400_me_co_t1.jpg,test/meningioma/brisc2025_test_00417_me_co_t1.jpg,deb3cf8255416bd3f24f48f7159965f9e48b5b346e5b22a41b11f8a7f22edec7,d50fe37de5cb0b6f97374864487a719fcaaca4e9ede3ef711b623314d64cdbc9,2,False,False,False,,,,False,False,3_within_split,,155
test/meningioma/brisc2025_test_00481_me_sa_t1.jpg,test/meningioma/brisc2025_test_00486_me_sa_t1.jpg,64d6885599aa04ff6a12e8f961437ba39c355f66f67beac2992daedcf2f6e20e,862b1e94cca563591845710664be57fa2ce1bc18f317233d285f5b396c6cd27c,2,False,False,False,,,,False,False,3_within_split,,177
test/no_tumor/brisc2025_test_00575_no_ax_t1.jpg,test/no_tumor/brisc2025_test_00576_no_ax_t1.jpg,ac00b3f75b2082d67a93e94fa740bb9840de425be104107dae8cbd7719476adf,47d38bdb70f7e745638744f11da787f6d12cc51f666afa13c6f4fbe11ff3b0e5,2,False,False,False,,,,True,False,3_within_split,test/no_tumor/brisc2025_test_00576_no_ax_t1.jpg,200
test/no_tumor/brisc2025_test_00667_no_sa_t1.jpg,test/no_tumor/brisc2025_test_00694_no_sa_t1.jpg,c1a5c5c2dd7712305b375694caf4492c9a86425db071007abdc20994209e96b8,8a778e2d18f62aa4bfed88a19c943ac364c39f64c2b742aa011209710b574eb7,2,False,False,False,,,,True,False,3_within_split,test/no_tumor/brisc2025_test_00694_no_sa_t1.jpg,205
train/glioma/brisc2025_train_00054_gl_ax_t1.jpg,train/glioma/brisc2025_train_00055_gl_ax_t1.jpg,74bc45f1e1e08c9ecc7c4604918d4ffad8431d59bdd930edd7fcb279e73997ff,5d8d97d6a9cb441cb5018bca16af835ea192d3e630e8ec7bdadf8293748f0770,2,False,False,False,,,,True,False,3_within_split,train/glioma/brisc2025_train_00055_gl_ax_t1.jpg,318
train/glioma/brisc2025_train_00055_gl_ax_t1.jpg,train/glioma/brisc2025_train_00056_gl_ax_t1.jpg,5d8d97d6a9cb441cb5018bca16af835ea192d3e630e8ec7bdadf8293748f0770,d58cdf17314a094da866df2f63739ea31b549cb3daf7ac9e7c84fae9f3b4bb1c,2,False,False,False,,,,True,False,3_within_split,,318
train/glioma/brisc2025_train_00056_gl_ax_t1.jpg,train/glioma/brisc2025_train_00057_gl_ax_t1.jpg,d58cdf17314a094da866df2f63739ea31b549cb3daf7ac9e7c84fae9f3b4bb1c,b3e23a07ea2fe7eb605c6b788bcfe709e586b7923abcacf910a74d8f1b15badd,2,False,False,False,,,,True,False,3_within_split,,318
train/glioma/brisc2025_train_00056_gl_ax_t1.jpg,train/glioma/brisc2025_train_00059_gl_ax_t1.jpg,d58cdf17314a094da866df2f63739ea31b549cb3daf7ac9e7c84fae9f3b4bb1c,dd2b85dcc22e042b17b1e4b1978292deb65c4cbb00dc74f38920dda603bd7dcb,2,False,False,False,,,,True,False,3_within_split,,318
train/glioma/brisc2025_train_00057_gl_ax_t1.jpg,train/glioma/brisc2025_train_00058_gl_ax_t1.jpg,b3e23a07ea2fe7eb605c6b788bcfe709e586b7923abcacf910a74d8f1b15badd,a3841aa70a2bdab533746b7e6cc89d2c1432758b027079b0d92378241c18ab44,2,False,False,False,,,,True,False,3_within_split,train/glioma/brisc2025_train_00058_gl_ax_t1.jpg,318
train/glioma/brisc2025_train_00058_gl_ax_t1.jpg,train/glioma/brisc2025_train_00059_gl_ax_t1.jpg,a3841aa70a2bdab533746b7e6cc89d2c1432758b027079b0d92378241c18ab44,dd2b85dcc22e042b17b1e4b1978292deb65c4cbb00dc74f38920dda603bd7dcb,2,False,False,False,,,,True,False,3_within_split,,318
train/glioma/brisc2025_train_00061_gl_ax_t1.jpg,train/glioma/brisc2025_train_00067_gl_ax_t1.jpg,e2b835d75860e3b9ba30540246852fb83ec3e455c5915ff90e3de303f0f9bf75,79ed29f95df80bdd32124be165751d2b25020b084efd4887912b42662162e9b9,2,False,False,False,,,,True,False,3_within_split,train/glioma/brisc2025_train_00067_gl_ax_t1.jpg,8
train/glioma/brisc2025_train_00065_gl_ax_t1.jpg,train/glioma/brisc2025_train_00066_gl_ax_t1.jpg,6867d98872346fb442cff19f2e1326970dc190182ba263d25bf2625fc005b8d7,529b71783a1ed30fc10fe95bb7270eb9d99eec04cd120e49aba2470ebb1c9e8c,2,False,False,False,,,,True,False,3_within_split,train/glioma/brisc2025_train_00066_gl_ax_t1.jpg,320
train/glioma/brisc2025_train_00083_gl_ax_t1.jpg,train/glioma/brisc2025_train_00085_gl_ax_t1.jpg,1047ad2f928f305be5a6db28ea3120d2574656c4325fa6a291ae05378cde62c1,af8d9f673e52265236b321162eaa8d884e775aeaafe438d6e8d6d5a6c2580a14,2,False,False,False,,,,True,False,3_within_split,,324
train/glioma/brisc2025_train_00085_gl_ax_t1.jpg,train/glioma/brisc2025_train_00086_gl_ax_t1.jpg,af8d9f673e52265236b321162eaa8d884e775aeaafe438d6e8d6d5a6c2580a14,8cc82c38191d3273c39831ccd77b95dcf72e762c29877d38ea3cba408fe1fb5a,2,False,False,False,,,,True,False,3_within_split,,324
train/glioma/brisc2025_train_00093_gl_ax_t1.jpg,train/glioma/brisc2025_train_00094_gl_ax_t1.jpg,0348a950531d7a8f9b59744f07e5cc89275a64040e0c380b828c548dcd2653fe,c9f5f041c5e333ef43f1bfb3669a3c3adbf1fe957862a46ea3365789d168e55b,2,False,False,False,,,,True,False,3_within_split,train/glioma/brisc2025_train_00094_gl_ax_t1.jpg,326
train/glioma/brisc2025_train_00117_gl_ax_t1.jpg,train/glioma/brisc2025_train_00118_gl_ax_t1.jpg,3a5ee71b5d21befecbba842ecc8140fbc9d592d8fe8654d4ce533789d564ed32,5c14e8851aafe430aa95f57dad831a021a928f085985b7f48531e7ccb8b44470,2,False,False,False,,,,True,False,3_within_split,train/glioma/brisc2025_train_00118_gl_ax_t1.jpg,328
train/glioma/brisc2025_train_00118_gl_ax_t1.jpg,train/glioma/brisc2025_train_00119_gl_ax_t1.jpg,5c14e8851aafe430aa95f57dad831a021a928f085985b7f48531e7ccb8b44470,5c4325f9d165d8aa3e7ab7c42163123d37145fd8a98c3e3585932e3323ce2fdc,2,False,False,False,,,,True,False,3_within_split,,328
train/glioma/brisc2025_train_00120_gl_ax_t1.jpg,train/glioma/brisc2025_train_00121_gl_ax_t1.jpg,3a0e14b20b51093bd9a9c44cc397baec5ce467b01a29c3d69b166ebfab8cdb89,eedae8d3a5445292fe51d2f4a166c93a40ae43c907ba3a97b3c32b0afb511c17,2,False,False,False,,,,True,False,3_within_split,train/glioma/brisc2025_train_00121_gl_ax_t1.jpg,328
train/glioma/brisc2025_train_00126_gl_ax_t1.jpg,train/glioma/brisc2025_train_00130_gl_ax_t1.jpg,a9e786da1394fb76996b32fbbc4275471d5803e5edb446b6186dcc22cfc4aed1,08527c8ec2f1990f550ec9b2b91e4f8ca80f386cbab0511249461d47bd7277d0,2,False,False,False,,,,True,False,3_within_split,train/glioma/brisc2025_train_00130_gl_ax_t1.jpg,329
train/glioma/brisc2025_train_00126_gl_ax_t1.jpg,train/glioma/brisc2025_train_00131_gl_ax_t1.jpg,a9e786da1394fb76996b32fbbc4275471d5803e5edb446b6186dcc22cfc4aed1,b877880b7702ead56ba91b4e9cd966c5bd9ee16bc8866d6a5746da6f36dbb785,2,False,False,False,,,,True,False,3_within_split,train/glioma/brisc2025_train_00131_gl_ax_t1.jpg,329
train/glioma/brisc2025_train_00130_gl_ax_t1.jpg,train/glioma/brisc2025_train_00131_gl_ax_t1.jpg,08527c8ec2f1990f550ec9b2b91e4f8ca80f386cbab0511249461d47bd7277d0,b877880b7702ead56ba91b4e9cd966c5bd9ee16bc8866d6a5746da6f36dbb785,2,False,False,False,,,,True,False,3_within_split,,329
train/glioma/brisc2025_train_00133_gl_ax_t1.jpg,train/glioma/brisc2025_train_00134_gl_ax_t1.jpg,56997c66cdf2fe85e3162afdef80a0eb30dc5c6976f790af2158d007d5b485af,07776587c4e9aa90b0bc8ddcf66dc58432cc9b7642f3a92bbe2c65d9c327cd6c,2,False,False,False,,,,True,False,3_within_split,train/glioma/brisc2025_train_00134_gl_ax_t1.jpg,330
train/glioma/brisc2025_train_00139_gl_ax_t1.jpg,train/glioma/brisc2025_train_00140_gl_ax_t1.jpg,1d127bfe899af629fa92e41459c602e7b2cdbe7e8fa13d2b3459adef4880e8fb,3fa3411bfc8b21af70c75f3799790429bc7c6909e7d015c5449357123008b10d,2,False,False,False,,,,True,False,3_within_split,,28
train/glioma/brisc2025_train_00153_gl_ax_t1.jpg,train/glioma/brisc2025_train_00154_gl_ax_t1.jpg,0e0f0e489e46b0b98199f84a3c5de5e2de5d59bc3e1a1c65e0b6c91a423cbf62,3d9618b232c695e3023ff62ae1230ba287fd2fe3dea69453a43cb6a658193ff0,2,False,False,False,,,,True,False,3_within_split,,332
train/glioma/brisc2025_train_00154_gl_ax_t1.jpg,train/glioma/brisc2025_train_00155_gl_ax_t1.jpg,3d9618b232c695e3023ff62ae1230ba287fd2fe3dea69453a43cb6a658193ff0,62f29d07607b6c8221bbf9fd17d5fec83aee75cb78862a81d0f5f2a046900a7d,2,False,False,False,,,,True,False,3_within_split,,332
train/glioma/brisc2025_train_00164_gl_ax_t1.jpg,train/glioma/brisc2025_train_00165_gl_ax_t1.jpg,aace60e9ff85e29d0cd635d8d0ccb2bbdcfa5eab6297d50ad86572ffe8bdcd28,5fbdaa16a930bd87508d871123a081eb62c662fe9afe7e2b230cd5647d4284e3,2,False,False,False,,,,True,False,3_within_split,train/glioma/brisc2025_train_00165_gl_ax_t1.jpg,334
train/glioma/brisc2025_train_00165_gl_ax_t1.jpg,train/glioma/brisc2025_train_00166_gl_ax_t1.jpg,5fbdaa16a930bd87508d871123a081eb62c662fe9afe7e2b230cd5647d4284e3,32bd0b5965578eb36333190937f5c10c749a0a12ea0dd6d990d2f8d28e069024,2,False,False,False,,,,True,False,3_within_split,,334
train/glioma/brisc2025_train_00185_gl_ax_t1.jpg,train/glioma/brisc2025_train_00186_gl_ax_t1.jpg,5ccac8c5e3d461309b4c238a2cf18c9e1e4c7dcab3ed24b5214520cfa4a5bc96,5d52e3276bdc6e23566dc727aaeb20af28aa3c9718d6be6081452bd796cd0088,2,False,False,False,,,,True,False,3_within_split,,337
train/glioma/brisc2025_train_00186_gl_ax_t1.jpg,train/glioma/brisc2025_train_00187_gl_ax_t1.jpg,5d52e3276bdc6e23566dc727aaeb20af28aa3c9718d6be6081452bd796cd0088,0fe28cc4315011f45f0190cb6af42ae2e7312cc91a43c0cd2442403abd429e02,2,False,False,False,,,,True,False,3_within_split,,337
train/glioma/brisc2025_train_00247_gl_ax_t1.jpg,train/glioma/brisc2025_train_00248_gl_ax_t1.jpg,d20cb5446f49480f7471797374a9f2651714497dc965d782597be7639b130823,a7b34ba88ef8b47db096336683550988bbf8cb30042b37acaacb597d53a51b87,2,False,False,False,,,,True,False,3_within_split,,318
train/glioma/brisc2025_train_00247_gl_ax_t1.jpg,train/glioma/brisc2025_train_00249_gl_ax_t1.jpg,d20cb5446f49480f7471797374a9f2651714497dc965d782597be7639b130823,6b75b33c104238feff9c2d438e64b93baad11d39943c80d8ca487c1670f9fbf5,2,False,False,False,,,,True,False,3_within_split,,318
train/glioma/brisc2025_train_00252_gl_ax_t1.jpg,train/glioma/brisc2025_train_00253_gl_ax_t1.jpg,65bb5f273ac1249c554e2e423c1f7035180839fcc9d4ef9ea1f2307fee3f4f10,4826ccab68fb5a6bd25ae807e908085781af403bd93415a537c32df9ac584ac2,2,False,False,False,,,,True,False,3_within_split,train/glioma/brisc2025_train_00253_gl_ax_t1.jpg,342
train/glioma/brisc2025_train_00253_gl_ax_t1.jpg,train/glioma/brisc2025_train_00254_gl_ax_t1.jpg,4826ccab68fb5a6bd25ae807e908085781af403bd93415a537c32df9ac584ac2,e87eef05057533397a823556a9d712dcbeed8ba51ce04a33a4d9a976b24168cf,2,False,False,False,,,,True,False,3_within_split,,342
train/glioma/brisc2025_train_00310_gl_ax_t1.jpg,train/glioma/brisc2025_train_00311_gl_ax_t1.jpg,75de6db8a6e76e8d33fa13bf756462f54f755e682cac55a0673f4ebbc4de4887,d5559692807cbe9da28eb147207e9f367200945861b45dfec24145e499424a8b,2,False,False,False,,,,True,False,3_within_split,train/glioma/brisc2025_train_00311_gl_ax_t1.jpg,346
train/glioma/brisc2025_train_00318_gl_ax_t1.jpg,train/glioma/brisc2025_train_00319_gl_ax_t1.jpg,4cde248af7624252afe1d9c5e77a3a70c8841478dc9d9dc3e2ebf65a37a4d1fe,be85cc66ab65f9e9aeec5961455356fe6150e06f172239cf61274fd9ff13f468,2,False,False,False,,,,True,False,3_within_split,train/glioma/brisc2025_train_00319_gl_ax_t1.jpg,20
train/glioma/brisc2025_train_00320_gl_ax_t1.jpg,train/glioma/brisc2025_train_00321_gl_ax_t1.jpg,461c278e65baeba1a53e3a733677567ea389d81353f6ad9ec74d70018e3d1aef,75b867a885b9bb9bb3b6e2d74038ff8dcde49857a22c8b0619bf1b56b20078f9,2,False,False,False,,,,True,False,3_within_split,train/glioma/brisc2025_train_00321_gl_ax_t1.jpg,20
train/glioma/brisc2025_train_00391_gl_ax_t1.jpg,train/glioma/brisc2025_train_00392_gl_ax_t1.jpg,15a0fc39345a41a3925bb85f8f1185e3997dccd71ce022177c0d58cac093e00e,288ddd10085c840be845b8ca9c447be63435ef106dbb5a41bcf2cf41ac16fefe,2,False,False,False,,,,True,False,3_within_split,train/glioma/brisc2025_train_00392_gl_ax_t1.jpg,29
train/glioma/brisc2025_train_00503_gl_co_t1.jpg,train/glioma/brisc2025_train_00504_gl_co_t1.jpg,7190cfceab0b21d7fe99e0fefee5acc52041de7b2fb5315e3b33ee6fbf33c5e2,4d0fc86b7c2d1c5f208243760b6b346452fa3f0364e221a298e64ac342848fe1,2,False,False,False,,,,True,False,3_within_split,train/glioma/brisc2025_train_00504_gl_co_t1.jpg,357
train/glioma/brisc2025_train_00514_gl_co_t1.jpg,train/glioma/brisc2025_train_00515_gl_co_t1.jpg,7920b628a57cf2cd7d628125c07a5539ad66073a483fd2e1726336ab23e27314,786e139f91a3e06b6d0575a8fa28266d15dbbdddf1ff2c4c658941221042e98b,2,False,False,False,,,,True,False,3_within_split,,358
train/glioma/brisc2025_train_00604_gl_co_t1.jpg,train/glioma/brisc2025_train_00605_gl_co_t1.jpg,832bb6fe0d17fd97049a3e052b459125e239d6288447e83290facfb844531187,b537c73a8f1fc8ae67c4f5ecc18494c84c9a1ef7b8f9b2ea65dde9a219515055,2,False,False,False,,,,True,False,3_within_split,train/glioma/brisc2025_train_00605_gl_co_t1.jpg,364
train/glioma/brisc2025_train_00615_gl_co_t1.jpg,train/glioma/brisc2025_train_00616_gl_co_t1.jpg,d37c648eafe20f6bcb55d2260b5f576d065c462db2ad23ae485a8cfb5309b053,e120394769c9624cbe47f25d09cbb771e75d7e00390c4a62040e9f569ce242f8,2,False,False,False,,,,True,False,3_within_split,train/glioma/brisc2025_train_00616_gl_co_t1.jpg,366
train/glioma/brisc2025_train_00641_gl_co_t1.jpg,train/glioma/brisc2025_train_00642_gl_co_t1.jpg,0f5a2a1ed40455791a5f54dac0df3bdf8cdf1dcfa314120407f1b6e635c7b108,dac0960fdce9b26e03e6c679c7335053b356a8b0191811797b0788c0f164cc02,2,False,False,False,,,,True,False,3_within_split,train/glioma/brisc2025_train_00642_gl_co_t1.jpg,368
train/glioma/brisc2025_train_00666_gl_co_t1.jpg,train/glioma/brisc2025_train_00667_gl_co_t1.jpg,acc3cbb4af767cd31abe47ab7fde559c6260947f7e67ba1dbfb4c773581a591f,b444716305314ae067cf2221fac928c830735fc2b3a3247468864252b2f410d7,2,False,False,False,,,,True,False,3_within_split,train/glioma/brisc2025_train_00667_gl_co_t1.jpg,370
train/glioma/brisc2025_train_00693_gl_co_t1.jpg,train/glioma/brisc2025_train_00694_gl_co_t1.jpg,764d1295159f74760c4695f31e384489822e72b946df70bb3c1dd13e0e0095a9,8dfab7ca1bc3729df9e500424fa51d9e44d527d2179ec10f56d6c3c8d5c6c34f,2,False,False,False,,,,True,False,3_within_split,,371
train/glioma/brisc2025_train_00717_gl_co_t1.jpg,train/glioma/brisc2025_train_00718_gl_co_t1.jpg,b64dc2d55d37c2bb6b27d38b2b42a15d65c9e1e13b85a5a319202b9abe5b3bb9,58e1d9750e0299c67bceaab2b3eb4c2acb51b8257dabaecf337b435ad978c8ed,2,False,False,False,,,,True,False,3_within_split,train/glioma/brisc2025_train_00718_gl_co_t1.jpg,372
train/glioma/brisc2025_train_00738_gl_co_t1.jpg,train/glioma/brisc2025_train_00739_gl_co_t1.jpg,75ab36c9c5f94f6c29ea4709721e8b953d87cfadf6e51cffa9235744c5fd02fe,89cde6f3098a534c3eb421d8a47aafecb37a7f7d0f45a8c24a06c5ab35d4dbec,2,False,False,False,,,,True,False,3_within_split,train/glioma/brisc2025_train_00739_gl_co_t1.jpg,373
train/glioma/brisc2025_train_00758_gl_co_t1.jpg,train/glioma/brisc2025_train_00759_gl_co_t1.jpg,35cf8e8124f421dfcdfad84fedde9c01778c2f47e4a7a9f9a932a9ed72b59386,25214dc581fbca9524d0db52423bd862a25945164b59d31d6cc1a49617a3c84c,2,False,False,False,,,,True,False,3_within_split,train/glioma/brisc2025_train_00759_gl_co_t1.jpg,375
train/glioma/brisc2025_train_00770_gl_co_t1.jpg,train/glioma/brisc2025_train_00771_gl_co_t1.jpg,cf62be31de13d56e9ad6f5c0abdb4c3132c7c8b087326e8c262cfc34031543ec,80b0cbfbf913c4414e6f315da99b0b4d16e7f22fb18caf901b3c075452289b35,2,False,False,False,,,,True,False,3_within_split,train/glioma/brisc2025_train_00771_gl_co_t1.jpg,376
train/glioma/brisc2025_train_00795_gl_co_t1.jpg,train/glioma/brisc2025_train_00796_gl_co_t1.jpg,fa6158cbce0f7bea1facf6dd8074327ffd8975f1e5d698c1ae6972885505e6fd,9a097f4bf73748a628030dd1e8e868cec01768ecf23f1180197fa4b60aaa49f8,2,False,False,False,,,,True,False,3_within_split,train/glioma/brisc2025_train_00796_gl_co_t1.jpg,378
train/glioma/brisc2025_train_00857_gl_sa_t1.jpg,train/glioma/brisc2025_train_01059_gl_sa_t1.jpg,86b49602c31c6e9e4a91805e2c17f80352afee001644e3de702a8e4da3dbb67d,f65c46f6667ee0df250bd7917a4c946e7e347207fbabf3567ab197fc87e0c973,2,False,False,False,,,,True,False,3_within_split,train/glioma/brisc2025_train_01059_gl_sa_t1.jpg,32
train/glioma/brisc2025_train_00904_gl_sa_t1.jpg,train/glioma/brisc2025_train_00906_gl_sa_t1.jpg,c378e02d22bce70c5363fe5cf8372b0e93012c232067dc57997cb6dd3e5da2bc,c660c6de690f5413e45ac3cba8e44b3ba6598b274b16cddf1be82f14b0ae485e,2,False,False,False,,,,True,False,3_within_split,train/glioma/brisc2025_train_00906_gl_sa_t1.jpg,393
train/glioma/brisc2025_train_00929_gl_sa_t1.jpg,train/glioma/brisc2025_train_00930_gl_sa_t1.jpg,1d47c700cd1b49d3e0f8ca8e119bc9429b33dcabef96cc012dfe343a41a8e859,c3f4970ef1d5c2ecca6dd3cda6ffe78f816a9f8c4385b5f196dd66ac124c3e07,2,False,False,False,,,,True,False,3_within_split,train/glioma/brisc2025_train_00930_gl_sa_t1.jpg,46
train/glioma/brisc2025_train_00979_gl_sa_t1.jpg,train/glioma/brisc2025_train_00980_gl_sa_t1.jpg,840dbb222ae5c8eb09038dc014f023ff1e0e440f872e81a52904bb2b1c3046eb,ec5bcebb46990384e90ade38f41c153467e3e609159664bf84e004049e5e4de8,2,False,False,False,,,,True,False,3_within_split,train/glioma/brisc2025_train_00980_gl_sa_t1.jpg,50
train/glioma/brisc2025_train_01005_gl_sa_t1.jpg,train/glioma/brisc2025_train_01006_gl_sa_t1.jpg,10d48f3916646aebe3b9cd699b7537f63640bb5642fea4cfa90c2a65d9856e77,dea9eda5a5482ae6a2dca7310a300b169b760a2c050075361de35a56c29d74d0,2,False,False,False,,,,True,False,3_within_split,train/glioma/brisc2025_train_01006_gl_sa_t1.jpg,396
train/glioma/brisc2025_train_01022_gl_sa_t1.jpg,train/glioma/brisc2025_train_01023_gl_sa_t1.jpg,4d2aef2c6a6c428ab3a48c439fb64a3dbb5031490d22209ca7ff0f79f7e55a14,65e290c1b7c8d6da174252f0f34779c2d0a54939cdd0c9b5ea60fce8a66fc26f,2,False,False,False,,,,True,False,3_within_split,,398
train/glioma/brisc2025_train_01042_gl_sa_t1.jpg,train/glioma/brisc2025_train_01043_gl_sa_t1.jpg,d363cc3273f2205dbc4fb6a75e107f74d6d192a8070db8733aed47b6b72fb035,f2896e5ec407aff2719d5771165a55203fb40c0e3fc6e235fd06cfd8b9a9f40e,2,False,False,False,,,,True,False,3_within_split,train/glioma/brisc2025_train_01043_gl_sa_t1.jpg,400
train/glioma/brisc2025_train_01073_gl_sa_t1.jpg,train/glioma/brisc2025_train_01074_gl_sa_t1.jpg,a75b10a72002bc31342c3c0d7d305b82b0d340caa9cdacd4c1c73a541cabed31,d02ffd7f3db1fe8fae42487ac44dd4f56d9a48d7650adf3b370a57ecf04e3980,2,False,False,False,,,,True,False,3_within_split,train/glioma/brisc2025_train_01074_gl_sa_t1.jpg,404
train/meningioma/brisc2025_train_01148_me_ax_t1.jpg,train/meningioma/brisc2025_train_01245_me_ax_t1.jpg,f0a192cd7c99edb918c133feedf77cc440f57e7eaa937c6f986ff21963b6bbed,55538ca1bb6785372040a44a3e24bced61f4281ba5fc219caa4314fa17370e79,2,False,False,False,,,,True,False,3_within_split,train/meningioma/brisc2025_train_01245_me_ax_t1.jpg,408
train/meningioma/brisc2025_train_01156_me_ax_t1.jpg,train/meningioma/brisc2025_train_01157_me_ax_t1.jpg,b2a35871156e8f7f1ee5f0e52537b219776da7a6f396d72aafa2926b15988e07,d61f1435ba07e53a2f1db1be64b0786482863da3730c2f8bb75545d9acf0304e,2,False,False,False,,,,True,False,3_within_split,train/meningioma/brisc2025_train_01157_me_ax_t1.jpg,409
train/meningioma/brisc2025_train_01183_me_ax_t1.jpg,train/meningioma/brisc2025_train_01184_me_ax_t1.jpg,6416747c972d1fd717c8f71d6c9a9aea927d7c9dccf0d9e3812e103bf635d8ee,212186698aeab8d96bf07a07ba3475feec7488ac931dd71a89c58d72a2139fb8,2,False,False,False,,,,True,False,3_within_split,train/meningioma/brisc2025_train_01184_me_ax_t1.jpg,411
train/meningioma/brisc2025_train_01209_me_ax_t1.jpg,train/meningioma/brisc2025_train_01210_me_ax_t1.jpg,fd168fc8156c563ec1d83516c40f12c9d207cd0b669b6bc4f708e31f8eafbd24,960155b05ea8f0ddcbcd3a5e29905c2a4b55832f03e5b7d6491c73955960d278,2,False,False,False,,,,True,False,3_within_split,train/meningioma/brisc2025_train_01210_me_ax_t1.jpg,131
train/meningioma/brisc2025_train_01228_me_ax_t1.jpg,train/meningioma/brisc2025_train_01229_me_ax_t1.jpg,ed23ea62ba6e40d48c802f7a21f02a3c8eac3ee64899881ac8ce366218265947,272f9e1bcf95f15df518c8471533a0f539388b2c0bc6a194135a3ad287e18bbe,2,False,False,False,,,,True,False,3_within_split,train/meningioma/brisc2025_train_01229_me_ax_t1.jpg,415
train/meningioma/brisc2025_train_01232_me_ax_t1.jpg,train/meningioma/brisc2025_train_01233_me_ax_t1.jpg,d06b09c04650f0074f8cd5371622dc27ed76824286e8ebd37b73fc04aab74673,a933bcf64cf11f1f6d7fb72dbb9e9ef31a7ef9361841c31c7f685a73476aa0e0,2,False,False,False,,,,True,False,3_within_split,train/meningioma/brisc2025_train_01233_me_ax_t1.jpg,416
train/meningioma/brisc2025_train_01232_me_ax_t1.jpg,train/meningioma/brisc2025_train_01376_me_ax_t1.jpg,d06b09c04650f0074f8cd5371622dc27ed76824286e8ebd37b73fc04aab74673,5fe53f576bbe8a5d3fb4ee950e5c3f944e6bd0dae6c3a0276286d8e39777fb22,2,False,False,False,,,,True,False,3_within_split,train/meningioma/brisc2025_train_01376_me_ax_t1.jpg,416
train/meningioma/brisc2025_train_01233_me_ax_t1.jpg,train/meningioma/brisc2025_train_01376_me_ax_t1.jpg,a933bcf64cf11f1f6d7fb72dbb9e9ef31a7ef9361841c31c7f685a73476aa0e0,5fe53f576bbe8a5d3fb4ee950e5c3f944e6bd0dae6c3a0276286d8e39777fb22,2,False,False,False,,,,True,False,3_within_split,,416
train/meningioma/brisc2025_train_01254_me_ax_t1.jpg,train/meningioma/brisc2025_train_01279_me_ax_t1.jpg,1db9c81ca21c0ec3f145865ef84c439d9e3fd951b8478cef6a3a2d31a6e7c5d1,ce8b974baddb2dc8bac4115b3f5c9c3006cd7a0134c3722906ef5c08d3294150,2,False,False,False,,,,True,False,3_within_split,train/meningioma/brisc2025_train_01279_me_ax_t1.jpg,82
train/meningioma/brisc2025_train_01256_me_ax_t1.jpg,train/meningioma/brisc2025_train_01313_me_ax_t1.jpg,eca47283498dca90a78adbac146a0c95a7352e944d7364f3d3f46adf4c60357d,6b436fb29f9dd27c8e6a2f30c8d516947c3b856bad43c45b7722e8360e517cbf,2,False,False,False,,,,False,False,3_within_split,train/meningioma/brisc2025_train_01313_me_ax_t1.jpg,69
train/meningioma/brisc2025_train_01279_me_ax_t1.jpg,train/meningioma/brisc2025_train_01293_me_ax_t1.jpg,ce8b974baddb2dc8bac4115b3f5c9c3006cd7a0134c3722906ef5c08d3294150,e6ca19cc14a4c5dfaee656165c5b8c93608ab5adb96c354b15fec32fd3249857,2,False,False,False,,,,False,False,3_within_split,,82
train/meningioma/brisc2025_train_01303_me_ax_t1.jpg,train/meningioma/brisc2025_train_01384_me_ax_t1.jpg,f3fec5bf88028bff924a9866b3efc5711b6a4f4f1bce52692ddef89db1d2996b,b7e81c22bf6e933905cee1abef434f59f4f597b36e290ed1952c8adf3e23652b,2,False,False,False,,,,False,False,3_within_split,train/meningioma/brisc2025_train_01384_me_ax_t1.jpg,73
train/meningioma/brisc2025_train_01306_me_ax_t1.jpg,train/meningioma/brisc2025_train_01307_me_ax_t1.jpg,c05fcc3657c8950f588e6e56d34a278b3e03e283225f08217c21ec4f12063a64,5f3a684964a423e4d2456ef3311383bdf0ea4018609307ca3fe3be67d42a2156,2,False,False,False,,,,True,False,3_within_split,train/meningioma/brisc2025_train_01307_me_ax_t1.jpg,132
train/meningioma/brisc2025_train_01313_me_ax_t1.jpg,train/meningioma/brisc2025_train_01402_me_ax_t1.jpg,6b436fb29f9dd27c8e6a2f30c8d516947c3b856bad43c45b7722e8360e517cbf,7145b21317f3aaaf1d5d68132cbaaca5b7cdf4042e1b7ecf3c4c95b405a06655,2,False,False,False,,,,False,False,3_within_split,,69
train/meningioma/brisc2025_train_01315_me_ax_t1.jpg,train/meningioma/brisc2025_train_01317_me_ax_t1.jpg,8dc3370399c3acbda2cd0997ca79b1f63bc2e3712de382a536d6c377ea024ac4,afb11d657c31cd964d904585a6b1d00e4a5a6c24f60c762b16f5f0ef3448bf74,2,False,False,False,,,,True,False,3_within_split,train/meningioma/brisc2025_train_01317_me_ax_t1.jpg,426
train/meningioma/brisc2025_train_01316_me_ax_t1.jpg,train/meningioma/brisc2025_train_01317_me_ax_t1.jpg,afd3f09fbc49f3cef7c7647498d43c5ebcd993fade62be7ffd90f182d5ae95b8,afb11d657c31cd964d904585a6b1d00e4a5a6c24f60c762b16f5f0ef3448bf74,2,False,False,False,,,,True,False,3_within_split,,426
train/meningioma/brisc2025_train_01339_me_ax_t1.jpg,train/meningioma/brisc2025_train_01340_me_ax_t1.jpg,0e1e504b3f86b954964d8614f13b726a96fe12a9b7a1a9712c0424f96d2e9b03,79d2e277c89e5f5bf0d41472b717767a86f69fd4b0c55181d5f1b4e603e61068,2,False,False,False,,,,True,False,3_within_split,train/meningioma/brisc2025_train_01340_me_ax_t1.jpg,430
train/meningioma/brisc2025_train_01341_me_ax_t1.jpg,train/meningioma/brisc2025_train_01342_me_ax_t1.jpg,35e6c8e8a6a1e6b6d8691175c8ec091f759045fd73bbb9543a4fe29fe1794c1a,47211a9c0be7bd6a476d47ca82664ad929feaf5455b22701529c3d3761f8fa95,2,False,False,False,,,,True,False,3_within_split,train/meningioma/brisc2025_train_01342_me_ax_t1.jpg,431
train/meningioma/brisc2025_train_01376_me_ax_t1.jpg,train/meningioma/brisc2025_train_01377_me_ax_t1.jpg,5fe53f576bbe8a5d3fb4ee950e5c3f944e6bd0dae6c3a0276286d8e39777fb22,55ccf056c0175f89cba689ac5916a759dcfdf404f79804d528a20d99ebc0ba85,2,False,False,False,,,,True,False,3_within_split,,416
train/meningioma/brisc2025_train_01378_me_ax_t1.jpg,train/meningioma/brisc2025_train_01385_me_ax_t1.jpg,c6c7b3131d20b2ffad95ed0821665cbb7ef9595b0f5c21478647a4bff22a7d15,457fb9e8f89362f5ac7a4e6a869d55ca53e1cf3a40ca9a37e830d6475ebac5b7,2,False,False,False,,,,False,False,3_within_split,train/meningioma/brisc2025_train_01385_me_ax_t1.jpg,86
train/meningioma/brisc2025_train_01416_me_ax_t1.jpg,train/meningioma/brisc2025_train_01443_me_ax_t1.jpg,29049e5049a59f3ab4b6696ea876ab29bcf1f003d42d771f971d2b1974144660,f23f2338a966cbf9798835bfbf72b3efa8b0073dc5b037a22368b24acd0c1395,2,False,False,False,,,,True,False,3_within_split,train/meningioma/brisc2025_train_01443_me_ax_t1.jpg,436
train/meningioma/brisc2025_train_01434_me_ax_t1.jpg,train/meningioma/brisc2025_train_01436_me_ax_t1.jpg,fc773d1444dd3b05bda35e50d85820fb9670362939cc635ca924384bd60827e1,3f03fc483fa6279f804aec9c58d385069682d00961e2e717c40ae5f786b9dbf0,2,False,False,False,,,,True,False,3_within_split,train/meningioma/brisc2025_train_01436_me_ax_t1.jpg,19
train/meningioma/brisc2025_train_01463_me_ax_t1.jpg,train/meningioma/brisc2025_train_01464_me_ax_t1.jpg,b75d3b17c45d310834ba37802dac2af44f72f92f033af6e5279ce998786abdc1,f8e9cf980bdac1de7740d880c4f9fe47efdb4668fdd804c1e795b8bf2632d066,2,False,False,False,,,,True,False,3_within_split,train/meningioma/brisc2025_train_01464_me_ax_t1.jpg,140
train/meningioma/brisc2025_train_01489_me_ax_t1.jpg,train/meningioma/brisc2025_train_01490_me_ax_t1.jpg,4e59dbda748f414bf4ea2045702210d9392b569c42ca39091ed2b0e0bbd1f253,828c41dd54e834a9afb13c81cd20b95151f275362e604dab49046dffdfa71c7a,2,False,False,False,,,,True,False,3_within_split,train/meningioma/brisc2025_train_01490_me_ax_t1.jpg,143
train/meningioma/brisc2025_train_01489_me_ax_t1.jpg,train/meningioma/brisc2025_train_01491_me_ax_t1.jpg,4e59dbda748f414bf4ea2045702210d9392b569c42ca39091ed2b0e0bbd1f253,490a0d6e3466257d99fbf51b6401281d15c6d2d44d58768c7fdcf65d58d2f6ee,2,False,False,False,,,,True,False,3_within_split,train/meningioma/brisc2025_train_01491_me_ax_t1.jpg,143
train/meningioma/brisc2025_train_01528_me_ax_t1.jpg,train/meningioma/brisc2025_train_01529_me_ax_t1.jpg,792e660cefd290766a5fb1fae8b58a6d088b489029bb241fb6c288350fc33f03,b902aebf11c7d30e67c763e1affed0314a7817b8524bbf4704cb64a89f8f7de8,2,False,False,False,,,,True,False,3_within_split,,318
train/meningioma/brisc2025_train_01528_me_ax_t1.jpg,train/meningioma/brisc2025_train_01530_me_ax_t1.jpg,792e660cefd290766a5fb1fae8b58a6d088b489029bb241fb6c288350fc33f03,1afff851654da771049e9fb10212bc3b4c5f10c9df31182d8f8268d849f3153d,2,False,False,False,,,,True,False,3_within_split,,318
train/meningioma/brisc2025_train_01529_me_ax_t1.jpg,train/meningioma/brisc2025_train_01530_me_ax_t1.jpg,b902aebf11c7d30e67c763e1affed0314a7817b8524bbf4704cb64a89f8f7de8,1afff851654da771049e9fb10212bc3b4c5f10c9df31182d8f8268d849f3153d,2,False,False,False,,,,True,False,3_within_split,,318
train/meningioma/brisc2025_train_01571_me_co_t1.jpg,train/meningioma/brisc2025_train_01572_me_co_t1.jpg,fce25282f9c298280721e6608db8dd49289984e7004b61c4dd142d442735ecce,ece02805e688e8a2dc29cc5b0263c7ee0e30dffe3cd72a91215a944b80ea6c10,2,False,False,False,,,,True,False,3_within_split,train/meningioma/brisc2025_train_01572_me_co_t1.jpg,448
train/meningioma/brisc2025_train_01572_me_co_t1.jpg,train/meningioma/brisc2025_train_01997_me_sa_t1.jpg,ece02805e688e8a2dc29cc5b0263c7ee0e30dffe3cd72a91215a944b80ea6c10,fce25282f9c298280721e6608db8dd49289984e7004b61c4dd142d442735ecce,2,False,False,False,,,,True,False,3_within_split,,448
train/meningioma/brisc2025_train_01582_me_co_t1.jpg,train/meningioma/brisc2025_train_01583_me_co_t1.jpg,e4e2add8d0a06c38e9676ad2ad12b2dac92fc861613d771fbcb4c5d245662597,a74d73973d63cf6ca39ffcb44f2913976350630d23c112e48e6c9e9c3ffddd09,2,False,False,False,,,,True,False,3_within_split,train/meningioma/brisc2025_train_01583_me_co_t1.jpg,451
train/meningioma/brisc2025_train_01619_me_co_t1.jpg,train/meningioma/brisc2025_train_01620_me_co_t1.jpg,4c73319a40f1cc34736c2fbccd776fdd225cdadbf03084f23c3b8597e3efd75e,1c48914ff9e011781b26b6321e9d44ea8e0e742a5827687886e4c4a076cd33ac,2,False,False,False,,,,True,False,3_within_split,train/meningioma/brisc2025_train_01620_me_co_t1.jpg,453
train/meningioma/brisc2025_train_01647_me_co_t1.jpg,train/meningioma/brisc2025_train_01795_me_co_t1.jpg,7e5e242af266f8307726c66e48fc50d6d2d5090963a3fd9901971fe44fd462de,0b93531d3de9e20fa6bdb68b151fed641bceb05e84d12987dbbaf03fea6d6337,2,False,False,False,,,,True,False,3_within_split,train/meningioma/brisc2025_train_01795_me_co_t1.jpg,458
train/meningioma/brisc2025_train_01658_me_co_t1.jpg,train/meningioma/brisc2025_train_01669_me_co_t1.jpg,32e43c129cf6fef5fecb82419213685e652d4dbc524f7c7f9d11c42b91c28fa9,0393684019b077c8ca1612bffafae672b08a84ed5e66d5290eb93d541a9face9,2,False,False,False,,,,False,False,3_within_split,train/meningioma/brisc2025_train_01669_me_co_t1.jpg,155
train/meningioma/brisc2025_train_01761_me_co_t1.jpg,train/meningioma/brisc2025_train_01763_me_co_t1.jpg,45cc9bb8843908d6463a9748c95932ff7992bb66e946100e9f94d15cc1ae5d7d,c652cd9bd74119148f9e879903c653e0742a3f6c4bede5d97374b187679913dc,2,False,False,False,,,,True,False,3_within_split,train/meningioma/brisc2025_train_01763_me_co_t1.jpg,466
train/meningioma/brisc2025_train_01783_me_co_t1.jpg,train/meningioma/brisc2025_train_01785_me_co_t1.jpg,a6a747bb5f6af02f154c793f8a2955176e42ab692aa6c410648cb41204fcd371,2cbd798454b606861b3e8bb58950be34866e68978d6fdc4253380ff703626855,2,False,False,False,,,,True,False,3_within_split,train/meningioma/brisc2025_train_01785_me_co_t1.jpg,470
train/meningioma/brisc2025_train_01821_me_co_t1.jpg,train/meningioma/brisc2025_train_01822_me_co_t1.jpg,d14e0f4558f8912c9388dfae455e2e86a2a804cfc50013d9e170761150fb00d4,6bf34c4afcc8a3ba24d693418f7406a83d44e3bad7674c8f096084ce5307ca78,2,False,False,False,,,,True,False,3_within_split,train/meningioma/brisc2025_train_01822_me_co_t1.jpg,473
train/meningioma/brisc2025_train_01859_me_co_t1.jpg,train/meningioma/brisc2025_train_01860_me_co_t1.jpg,e6b9f660492f5cd2937fb04ca3aadb150aebdfac5331bb08aab31580b4500e23,7474dd944ede572c2025577fbf35232710809423f70125834623fe0ccbeaff96,2,False,False,False,,,,True,False,3_within_split,train/meningioma/brisc2025_train_01860_me_co_t1.jpg,477
train/meningioma/brisc2025_train_01880_me_co_t1.jpg,train/meningioma/brisc2025_train_01881_me_co_t1.jpg,b57a76a9d3617f97323f664ebf06c63765770d44a131a40340fd0c215c6423d8,6b517de27a4e4a73ec7ab95b2d316151f8078e2d6d9cc1a2ddd22e4ffbe929ca,2,False,False,False,,,,True,False,3_within_split,train/meningioma/brisc2025_train_01881_me_co_t1.jpg,479
train/meningioma/brisc2025_train_01965_me_co_t1.jpg,train/meningioma/brisc2025_train_01966_me_co_t1.jpg,b9aa698b99536815fdc8d4b0ff114a8da24c3249eaaac5dc1e89a3eeef33fb02,9c29b5b481465aa7bd177d6580d12788ae76266880f230e966d8461eb8acf1e7,2,False,False,False,,,,True,False,3_within_split,train/meningioma/brisc2025_train_01966_me_co_t1.jpg,171
train/meningioma/brisc2025_train_02004_me_sa_t1.jpg,train/meningioma/brisc2025_train_02009_me_sa_t1.jpg,44c5b942e58c6d70f1c96fdc7c9b3a0b960c2d41bb74546d96006f8d588c9b03,b6004e9d2015cbe1793941034ee633464ae0b57b9d91f01fdd1581640330a86d,2,False,False,False,,,,False,False,3_within_split,train/meningioma/brisc2025_train_02009_me_sa_t1.jpg,177
train/meningioma/brisc2025_train_02029_me_sa_t1.jpg,train/meningioma/brisc2025_train_02080_me_sa_t1.jpg,aaba744274441323ef45a98f7663b4cf5d33a925942e018745e56009efe3a2de,0b6cf98522461c8a2c490a7bcd3a3c07ef39c8d1aacc40160dafe5dc0c396864,2,False,False,False,,,,True,False,3_within_split,train/meningioma/brisc2025_train_02080_me_sa_t1.jpg,489
train/meningioma/brisc2025_train_02030_me_sa_t1.jpg,train/meningioma/brisc2025_train_02031_me_sa_t1.jpg,3477da8343ff2a94376b775e1929c2b3ec8279c9f6e9706a5605526306061ff2,1957e555c80d35490e6d86481c8850fe4cd113947e7ea46b97cdd4afba6990e9,2,False,False,False,,,,True,False,3_within_split,train/meningioma/brisc2025_train_02031_me_sa_t1.jpg,490
train/meningioma/brisc2025_train_02036_me_sa_t1.jpg,train/meningioma/brisc2025_train_02037_me_sa_t1.jpg,9f86713f1d57b1a3a94f480e53f5184f46f5891e0844ac804b1730b586508095,142058ff7c9b643eb1cee4f012de981db0883f44308e5863b9821975d96529cf,2,False,False,False,,,,True,False,3_within_split,train/meningioma/brisc2025_train_02037_me_sa_t1.jpg,491
train/meningioma/brisc2025_train_02036_me_sa_t1.jpg,train/meningioma/brisc2025_train_02038_me_sa_t1.jpg,9f86713f1d57b1a3a94f480e53f5184f46f5891e0844ac804b1730b586508095,055e3d6a3fc9cabbf9ae22b9f9fd2fc669dc22161962a22256bf41a37d35102d,2,False,False,False,,,,True,False,3_within_split,train/meningioma/brisc2025_train_02038_me_sa_t1.jpg,491
train/meningioma/brisc2025_train_02037_me_sa_t1.jpg,train/meningioma/brisc2025_train_02038_me_sa_t1.jpg,142058ff7c9b643eb1cee4f012de981db0883f44308e5863b9821975d96529cf,055e3d6a3fc9cabbf9ae22b9f9fd2fc669dc22161962a22256bf41a37d35102d,2,False,False,False,,,,True,False,3_within_split,,491
train/meningioma/brisc2025_train_02038_me_sa_t1.jpg,train/meningioma/brisc2025_train_02039_me_sa_t1.jpg,055e3d6a3fc9cabbf9ae22b9f9fd2fc669dc22161962a22256bf41a37d35102d,e9bf8b4a2ba692fb679624b620db7aeba28c04c30d22e049c00773985fb4b982,2,False,False,False,,,,True,False,3_within_split,,491
train/meningioma/brisc2025_train_02074_me_sa_t1.jpg,train/meningioma/brisc2025_train_02075_me_sa_t1.jpg,e05304e7fc9b0507f82cea735f7bc8cbbd507daabc73221bd9f8ba0850963571,34dfbc0eadedfd11b8455a22723f53edd45de438208b03c25e54030a9d2bb8e5,2,False,False,False,,,,True,False,3_within_split,train/meningioma/brisc2025_train_02075_me_sa_t1.jpg,495
train/meningioma/brisc2025_train_02106_me_sa_t1.jpg,train/meningioma/brisc2025_train_02107_me_sa_t1.jpg,aaa9753989c9551c51184124cc3bbce4ed6b6b2a095779e1a2c3b1e6c2b67845,ac8d47111e545425c7424f626fad83cec94e7b505aacddd0f481ef4057c5b8e9,2,False,False,False,,,,True,False,3_within_split,train/meningioma/brisc2025_train_02107_me_sa_t1.jpg,498
train/meningioma/brisc2025_train_02127_me_sa_t1.jpg,train/meningioma/brisc2025_train_02139_me_sa_t1.jpg,6924de476c0096dc47d54e0ffbe3489420f1a51a954691d9e8817b97dee3b71c,c211456d9725d7f5395715ca3a78cf982289a912c340b892e9712449ad58ae0b,2,False,False,False,,,,True,False,3_within_split,train/meningioma/brisc2025_train_02139_me_sa_t1.jpg,503
train/meningioma/brisc2025_train_02214_me_sa_t1.jpg,train/meningioma/brisc2025_train_02215_me_sa_t1.jpg,f6c0966fcc0e652b009142f1462f65fde9565268a4803ad52ab6b2ecd240fb1e,2653a788fd589d6213381d5f93b253f38dbc8a25d0b52cb009342aebe7bc0f42,2,False,False,False,,,,True,False,3_within_split,train/meningioma/brisc2025_train_02215_me_sa_t1.jpg,510
train/meningioma/brisc2025_train_02287_me_sa_t1.jpg,train/meningioma/brisc2025_train_02288_me_sa_t1.jpg,35e81a1b763295a5acecb1f54478b2ce1583ab334ad71f7e368043ab5ef176e8,3b7d1314e0187929a5ef5813ee5b954e3ad4973e4045d0d08141a385d5e14ebc,2,False,False,False,,,,True,False,3_within_split,train/meningioma/brisc2025_train_02288_me_sa_t1.jpg,192
train/meningioma/brisc2025_train_02287_me_sa_t1.jpg,train/meningioma/brisc2025_train_02289_me_sa_t1.jpg,35e81a1b763295a5acecb1f54478b2ce1583ab334ad71f7e368043ab5ef176e8,16bd8d367b1784c7adeddcd309d48f8cd537f56803d7a9dca57fe1cff0a50d00,2,False,False,False,,,,True,False,3_within_split,train/meningioma/brisc2025_train_02289_me_sa_t1.jpg,192
train/meningioma/brisc2025_train_02295_me_sa_t1.jpg,train/meningioma/brisc2025_train_02296_me_sa_t1.jpg,81e70405aa5733f422e9136c67b594e59dba34063eb47744186f498b70247c77,cc2ad61b029bba91680bf86cd7f66da1e077236d98a79b281600c0e44beca5c1,2,False,False,False,,,,True,False,3_within_split,train/meningioma/brisc2025_train_02296_me_sa_t1.jpg,193
train/meningioma/brisc2025_train_02316_me_sa_t1.jpg,train/meningioma/brisc2025_train_02317_me_sa_t1.jpg,30be43a1ef5d2f52d9d9738deeac4e0eb05c7da0d63708cf30066c75f618e81e,0ccd715ae7fa3daf1dc8580edf447b3124cf13f803cdceae6014daa188b20b0e,2,False,False,False,,,,True,False,3_within_split,train/meningioma/brisc2025_train_02317_me_sa_t1.jpg,516
train/meningioma/brisc2025_train_02333_me_sa_t1.jpg,train/meningioma/brisc2025_train_02334_me_sa_t1.jpg,a1278dd9f48181c7e6581138c39a743a9ccec3e562719354edc8764404f739fb,6fbb477712c85964f6f10d62b4b0e3c1aa75d4207f89dfbe7bc17ba271f3971f,2,False,False,False,,,,True,False,3_within_split,train/meningioma/brisc2025_train_02334_me_sa_t1.jpg,195
train/meningioma/brisc2025_train_02338_me_sa_t1.jpg,train/meningioma/brisc2025_train_02339_me_sa_t1.jpg,acce01d813c85ee16924af1f9bfa173708b827d8f339e97923ba2a1b940ec39f,bfc2226aabd1831af607caa558cf7655a1d6662e84a555050084ab795caa2475,2,False,False,False,,,,True,False,3_within_split,train/meningioma/brisc2025_train_02339_me_sa_t1.jpg,518
train/meningioma/brisc2025_train_02392_me_sa_t1.jpg,train/meningioma/brisc2025_train_02393_me_sa_t1.jpg,99e2b7f33871d7dc1cc7b5d0b58e1697d3384709d691c5dc47dce25495aba1e6,a25fd093675d15c313b36a1433ba81217f378e3a359ad1061a810cf4cb497e3f,2,False,False,False,,,,True,False,3_within_split,train/meningioma/brisc2025_train_02393_me_sa_t1.jpg,519
train/meningioma/brisc2025_train_02414_me_sa_t1.jpg,train/meningioma/brisc2025_train_02415_me_sa_t1.jpg,c62d5368feb0e9f07bcc479c9388d4ee19e37070ca636c6cf62e33699e18f409,739e2c4af7b509d6e3a480ac3111597598caa80f8b549bac6073242bce0aa5ea,2,False,False,False,,,,True,False,3_within_split,train/meningioma/brisc2025_train_02415_me_sa_t1.jpg,521
train/no_tumor/brisc2025_train_02703_no_ax_t1.jpg,train/no_tumor/brisc2025_train_02826_no_ax_t1.jpg,b6046d9615c193f8b82d854764da6643217bf4a8b6fd9f8115d498222a080175,5af4fd3f78bf8e36a4f81494b9cc90079c7b04f48b57eda9c89e55138d544065,2,False,False,False,,,,True,False,3_within_split,train/no_tumor/brisc2025_train_02826_no_ax_t1.jpg,526
train/no_tumor/brisc2025_train_03160_no_sa_t1.jpg,train/no_tumor/brisc2025_train_03173_no_sa_t1.jpg,bcf065b978c5e3c3eac9bd9ecffd334206f0eda99031fa5934b5f24fb68aa0df,d9a8436e4ddee6fc940ea749c5f045128a3090409da559d4b78798ebe7e7d69c,2,False,False,False,,,,True,False,3_within_split,train/no_tumor/brisc2025_train_03173_no_sa_t1.jpg,533
train/no_tumor/brisc2025_train_03208_no_sa_t1.jpg,train/no_tumor/brisc2025_train_03421_no_sa_t1.jpg,e41f657c9080e9072ff33edfed311afdbf5302769290fa954d9dbdcce4a7fb63,207b8844f2180e53bb76dd7150dc4a56b2ee6b98d00803005a7283bfb8fa4a04,2,False,False,False,,,,True,False,3_within_split,train/no_tumor/brisc2025_train_03421_no_sa_t1.jpg,540
train/no_tumor/brisc2025_train_03209_no_sa_t1.jpg,train/no_tumor/brisc2025_train_03399_no_sa_t1.jpg,13428096287ef5be0a2d820353b32419e2a988cf8c9208165e5293fc7f63e718,a7aa2dfcd04a719e77bc3109b483ab3f43aa8b1f6e6f63e74a6e8ae3d404a311,2,False,False,False,,,,True,False,3_within_split,train/no_tumor/brisc2025_train_03399_no_sa_t1.jpg,541
train/no_tumor/brisc2025_train_03212_no_sa_t1.jpg,train/no_tumor/brisc2025_train_03339_no_sa_t1.jpg,79e467d1344b320327245cac3eb2f13ff41212caa07f18f70e51feb82a8fd231,24d1d4bdcf30e9e48b822e2f402b8aab2d0a283b97339d253bd5e65cf2ce0259,2,False,False,False,,,,True,False,3_within_split,train/no_tumor/brisc2025_train_03339_no_sa_t1.jpg,542
train/no_tumor/brisc2025_train_03216_no_sa_t1.jpg,train/no_tumor/brisc2025_train_03310_no_sa_t1.jpg,624c30ad152e62ca6ec099fed2ba39bdddd6df4714b292d1cc29fd9e235f7c4c,341e9ae55a41b0be0f1be33c4d98b62a485486b1ca10505cc333bf9939df0252,2,False,False,False,,,,True,False,3_within_split,train/no_tumor/brisc2025_train_03310_no_sa_t1.jpg,544
train/no_tumor/brisc2025_train_03225_no_sa_t1.jpg,train/no_tumor/brisc2025_train_03378_no_sa_t1.jpg,370f1f3e80435f50d1f254d6de0ba405be650d0034b98296ea59b75ebc3626fc,097f91b5d42b6248af739af0761311fa30c46984e18b6009c21ca1abebe0b54c,2,False,False,False,,,,True,False,3_within_split,train/no_tumor/brisc2025_train_03378_no_sa_t1.jpg,546
train/no_tumor/brisc2025_train_03229_no_sa_t1.jpg,train/no_tumor/brisc2025_train_03362_no_sa_t1.jpg,f6737b395fccdbe1ac2b0d67d5d2769984c384abc52346059f48a43489d1a9d8,fe233aa12943ea4bf757380ae0fa2c4abe793a7b85e90874790350c81992a8dd,2,False,False,False,,,,True,False,3_within_split,train/no_tumor/brisc2025_train_03362_no_sa_t1.jpg,547
train/no_tumor/brisc2025_train_03240_no_sa_t1.jpg,train/no_tumor/brisc2025_train_03249_no_sa_t1.jpg,c6513e1c54baf640e3be3955d978619e1ec84cdd05a6bcec568ba76dc8268caa,6c45ecb86422481b57ed7b24a5de7f1853eddfbb3aa2602049a8842863f110b9,2,False,False,False,,,,True,False,3_within_split,train/no_tumor/brisc2025_train_03249_no_sa_t1.jpg,550
train/no_tumor/brisc2025_train_03247_no_sa_t1.jpg,train/no_tumor/brisc2025_train_03331_no_sa_t1.jpg,6a434572e902a11468194e6e4174d3f765d7b3372dce65f4de916e039781f139,43e7c80bc3432ef81a2ff507cfbc32fa11ba5a691dba2a9867c02d0d2648077c,2,False,False,False,,,,True,False,3_within_split,,548
train/no_tumor/brisc2025_train_03250_no_sa_t1.jpg,train/no_tumor/brisc2025_train_03352_no_sa_t1.jpg,f02dcd72a23a7d101b58c23c46521e33ae0fe69fee16b1502fc0f99f3ee9e420,e6b3e595b01c1340cc6c4d1683f513d6570df9e9e1b1f31ddd5c07155888c3bc,2,False,False,False,,,,True,False,3_within_split,train/no_tumor/brisc2025_train_03352_no_sa_t1.jpg,551
train/no_tumor/brisc2025_train_03252_no_sa_t1.jpg,train/no_tumor/brisc2025_train_03362_no_sa_t1.jpg,84701350eb445a412d5a952d2a07aea079bcdbe052adb7682e22ce9c9b227574,fe233aa12943ea4bf757380ae0fa2c4abe793a7b85e90874790350c81992a8dd,2,False,False,False,,,,True,False,3_within_split,,547
train/no_tumor/brisc2025_train_03268_no_sa_t1.jpg,train/no_tumor/brisc2025_train_03343_no_sa_t1.jpg,456226d562bba0281c882759d6046ab543c262f1392bae1c391ce99250f785cf,97d908ecf5670cd998a16f6afb4e15763507eca9f4792450dfd43dbada476957,2,False,False,False,,,,True,False,3_within_split,train/no_tumor/brisc2025_train_03343_no_sa_t1.jpg,553
train/no_tumor/brisc2025_train_03274_no_sa_t1.jpg,train/no_tumor/brisc2025_train_03332_no_sa_t1.jpg,4ef71f5b293a7052995cb56d6ca5e15ee2edac1b344986380f8c5580b337aed9,619e9b197cc59bda88a87ecb516470931981810fbe0309427d966a6bcba37f97,2,False,False,False,,,,True,False,3_within_split,train/no_tumor/brisc2025_train_03332_no_sa_t1.jpg,556
train/no_tumor/brisc2025_train_03277_no_sa_t1.jpg,train/no_tumor/brisc2025_train_03318_no_sa_t1.jpg,b8b2ae1c65d713addb23e4919eec1b8d6e84e8a68bcae8ebc19f3ae57b0e9bd9,6d6b95eef053b3d8ccc6573591a2dd4aac4ade8893771b02fee3ca28b272b258,2,False,False,False,,,,True,False,3_within_split,train/no_tumor/brisc2025_train_03318_no_sa_t1.jpg,557
train/no_tumor/brisc2025_train_03301_no_sa_t1.jpg,train/no_tumor/brisc2025_train_03313_no_sa_t1.jpg,3fe6d48be1e0334e9beb2aa5869f8f796354035d701241a1273d010b070677d3,333a86533bd494c20efc4bb427331d556c0373354a4527647bfd98298fafdbdc,2,False,False,False,,,,True,False,3_within_split,train/no_tumor/brisc2025_train_03313_no_sa_t1.jpg,560
train/no_tumor/brisc2025_train_03342_no_sa_t1.jpg,train/no_tumor/brisc2025_train_03350_no_sa_t1.jpg,1786f1909b2903efd9c4e5a5c2254d23a5fa00adc954f0dd11accc617e7017d6,12e20d770c23af6bbf0cd0bfed47fc564d8af6beafc3e9333db3a8c41c5bdabf,2,False,False,False,,,,True,False,3_within_split,train/no_tumor/brisc2025_train_03350_no_sa_t1.jpg,562
train/no_tumor/brisc2025_train_03400_no_sa_t1.jpg,train/no_tumor/brisc2025_train_03402_no_sa_t1.jpg,303e2ecf903fd4163c9294485aaee846fd2f5242bc463cae0ae995a79a481119,3b790745b6a991a8b2c8483e954c15ef9b1deb2278da3b70d9358ecfe00f2a26,2,False,False,False,,,,True,False,3_within_split,train/no_tumor/brisc2025_train_03402_no_sa_t1.jpg,563
train/no_tumor/brisc2025_train_03445_no_sa_t1.jpg,train/no_tumor/brisc2025_train_03450_no_sa_t1.jpg,e54d78b4891ec7607f00c0aba8986039fdc5e7028f5fb00d6c123541f49d6747,6aaa04b6ebc8dd64ac0d3b2864c6d557770382ab76af4ccc32274df5c1191f73,2,False,False,False,,,,True,False,3_within_split,train/no_tumor/brisc2025_train_03450_no_sa_t1.jpg,564
train/pituitary/brisc2025_train_03565_pi_ax_t1.jpg,train/pituitary/brisc2025_train_03566_pi_ax_t1.jpg,7d109cc2426e2c693af7ec965469b69ec937b9fbd0f8dfe65d5d3a043b44fc69,aae40d943f128a07eab4241a19115ae4d066eff59c251d615b4cc11cd8424e57,2,False,False,False,,,,True,False,3_within_split,train/pituitary/brisc2025_train_03566_pi_ax_t1.jpg,576
train/pituitary/brisc2025_train_03566_pi_ax_t1.jpg,train/pituitary/brisc2025_train_03567_pi_ax_t1.jpg,aae40d943f128a07eab4241a19115ae4d066eff59c251d615b4cc11cd8424e57,b8a43367bff395d122fb645791fb48ca6d0f3331c268aa7898112e9a6397b48c,2,False,False,False,,,,True,False,3_within_split,,576
train/pituitary/brisc2025_train_03568_pi_ax_t1.jpg,train/pituitary/brisc2025_train_03570_pi_ax_t1.jpg,c600ac973f16350d21eb0320df22be91c47fd047859b2bf4b63bef31e8bd92bd,e740d14e4fcdfed23ad9b58b86914d01bf2066bdec9bcef075d6aca8190be581,2,False,False,False,,,,True,False,3_within_split,train/pituitary/brisc2025_train_03570_pi_ax_t1.jpg,577
train/pituitary/brisc2025_train_03608_pi_ax_t1.jpg,train/pituitary/brisc2025_train_03609_pi_ax_t1.jpg,70334e5860fa4fb7b90aad8b0f4610f0a844d8f41954ba921ff4e07dad757249,53a7cc5a84fc54cccda7288d9c89c6d3beff638273ce61c3dd6fef8ccec9df2d,2,False,False,False,,,,True,False,3_within_split,train/pituitary/brisc2025_train_03609_pi_ax_t1.jpg,211
train/pituitary/brisc2025_train_03672_pi_ax_t1.jpg,train/pituitary/brisc2025_train_03673_pi_ax_t1.jpg,3293977201549bf836f267330630728c527c3da7528298682f81efc21d0af509,d4bb00896b12984eeac0ad1d64ec997aebd6193e9ba2978500794960f2eba344,2,False,False,False,,,,True,False,3_within_split,train/pituitary/brisc2025_train_03673_pi_ax_t1.jpg,589
train/pituitary/brisc2025_train_03691_pi_ax_t1.jpg,train/pituitary/brisc2025_train_03692_pi_ax_t1.jpg,96757b1c8a7fcdede67a6c1c66c75fda341e4606ab19605ad93367975d8ed5fe,e340988e91aacba549aa7c330a53d9d14a5a0bbca5bdc96759039f566d908bd0,2,False,False,False,,,,True,False,3_within_split,train/pituitary/brisc2025_train_03692_pi_ax_t1.jpg,591
train/pituitary/brisc2025_train_03862_pi_ax_t1.jpg,train/pituitary/brisc2025_train_03863_pi_ax_t1.jpg,9561a7e3dc25691c9b641ac2394ada7bad22442b24abca31123599c416040f84,ae9b5d9d602146ccb2bdd92a9ccb616f9bae77f36a90e719efad40454019337a,2,False,False,False,,,,True,False,3_within_split,train/pituitary/brisc2025_train_03863_pi_ax_t1.jpg,600
train/pituitary/brisc2025_train_03974_pi_co_t1.jpg,train/pituitary/brisc2025_train_03975_pi_co_t1.jpg,ed918091f270bd61149f52c3b512baea271645f5e29c1c10fa7de3ea6b006a45,cb20adda28855fae467d0910545a3c7bcd287a19072326ee1f04ce74a895f2c9,2,False,False,False,,,,True,False,3_within_split,,277
train/pituitary/brisc2025_train_04006_pi_co_t1.jpg,train/pituitary/brisc2025_train_04017_pi_co_t1.jpg,9c55281145ad89b215c12f83dd29adecd66ace3272d6341e58930a6c2d78a30f,c707f62bd833251a20afe675431e77796960cf0d694567238db38408b3ed398a,2,False,False,False,,,,True,False,3_within_split,train/pituitary/brisc2025_train_04017_pi_co_t1.jpg,608
train/pituitary/brisc2025_train_04017_pi_co_t1.jpg,train/pituitary/brisc2025_train_04028_pi_co_t1.jpg,c707f62bd833251a20afe675431e77796960cf0d694567238db38408b3ed398a,8812ef8e88fca80388f8c2c2d94cd87d5c110dc498c34db3a423a9afd848c307,2,False,False,False,,,,True,False,3_within_split,,608
train/pituitary/brisc2025_train_04042_pi_co_t1.jpg,train/pituitary/brisc2025_train_04043_pi_co_t1.jpg,43079ffd91b6e9f24760cd3be48da2abb42f2d8c0225059f572b8549243e387b,165a68c1a51693d8710820a79c046dd25bd8c2fcfd92f0fd3a0a76b62c1cb057,2,False,False,False,,,,True,False,3_within_split,train/pituitary/brisc2025_train_04043_pi_co_t1.jpg,614
train/pituitary/brisc2025_train_04057_pi_co_t1.jpg,train/pituitary/brisc2025_train_04058_pi_co_t1.jpg,3fb9fe721db4af7d621ba0a4a9fe7038968fd194ac045a9723449c7f2882e5ae,348d58cfc04120f075df4bf25f5f8ce5264c8c4db354c1f31ecf2b0d5e157703,2,False,False,False,,,,True,False,3_within_split,train/pituitary/brisc2025_train_04058_pi_co_t1.jpg,617
train/pituitary/brisc2025_train_04120_pi_co_t1.jpg,train/pituitary/brisc2025_train_04121_pi_co_t1.jpg,5365a851fc1ee55019434142312aa3e8157e00ea8e6d81f06b0f433c6970cba7,ec2a14871455b127246e7d0ff50667408624486dbbd73870381b28556e76b1a5,2,False,False,False,,,,True,False,3_within_split,,628
train/pituitary/brisc2025_train_04146_pi_co_t1.jpg,train/pituitary/brisc2025_train_04147_pi_co_t1.jpg,84cdcb9b556da05793446791a0e594fbecea807483d8462558278cdc51dc2d64,9a94f147cc2efd10a2582c58935b06b9d60c88df70209376044424e61d52e02c,2,False,False,False,,,,True,False,3_within_split,train/pituitary/brisc2025_train_04147_pi_co_t1.jpg,631
train/pituitary/brisc2025_train_04159_pi_co_t1.jpg,train/pituitary/brisc2025_train_04170_pi_co_t1.jpg,c9ff6c4dca1b3894225d3b343e6cd954457e20cf1d92e507a3b1f217488a0bab,fa1cd4c3598c3d5352be3c9211f555cdd4f94e21e5be76efc572d994c379b874,2,False,False,False,,,,True,False,3_within_split,train/pituitary/brisc2025_train_04170_pi_co_t1.jpg,633
train/pituitary/brisc2025_train_04159_pi_co_t1.jpg,train/pituitary/brisc2025_train_04174_pi_co_t1.jpg,c9ff6c4dca1b3894225d3b343e6cd954457e20cf1d92e507a3b1f217488a0bab,8ccc3587f290cda1f38abde88bffbeed31bc8d1b001ac3cb0b12f2dad00073f4,2,False,False,False,,,,True,False,3_within_split,train/pituitary/brisc2025_train_04174_pi_co_t1.jpg,633
train/pituitary/brisc2025_train_04230_pi_co_t1.jpg,train/pituitary/brisc2025_train_04231_pi_co_t1.jpg,178d4240956328d13e3f4b1429a212fb5129bc2c0db90e6f459be0dec24f1b78,026e8df9f23edbd0caa5c1f130587abede8609a95fe334391459f8853a9d5a66,2,False,False,False,,,,True,False,3_within_split,train/pituitary/brisc2025_train_04231_pi_co_t1.jpg,638
train/pituitary/brisc2025_train_04231_pi_co_t1.jpg,train/pituitary/brisc2025_train_04232_pi_co_t1.jpg,026e8df9f23edbd0caa5c1f130587abede8609a95fe334391459f8853a9d5a66,5279da3cd452d2ec12004419bd57fd7b3baad9b24d69f972ef322d53c2758c22,2,False,False,False,,,,True,False,3_within_split,,638
train/pituitary/brisc2025_train_04301_pi_co_t1.jpg,train/pituitary/brisc2025_train_04302_pi_co_t1.jpg,5b6c500d25a28500f8225be2bb557de392813f810d955b9f9ae51541da47ccee,35ef3dd0fac8dcba82304fdb8ce709e3f656538899ad332ac23e6821c4ab3164,2,False,False,False,,,,True,False,3_within_split,train/pituitary/brisc2025_train_04302_pi_co_t1.jpg,260
train/pituitary/brisc2025_train_04319_pi_co_t1.jpg,train/pituitary/brisc2025_train_04320_pi_co_t1.jpg,f525740b7388aa0e856690c508a55c6fe753d3445c05bacdb09b8d30352259c2,fb0ab523f605f46836eeecb5a6cbe34deb0c42fd14e8ea801048bffc6e6cb1c0,2,False,False,False,,,,True,False,3_within_split,train/pituitary/brisc2025_train_04320_pi_co_t1.jpg,642
train/pituitary/brisc2025_train_04349_pi_co_t1.jpg,train/pituitary/brisc2025_train_04350_pi_co_t1.jpg,86bbe427251aa3f43574586c1de02534944e78d54d64375d4a2d92d6f348f40f,6143f24860ff08706669d715be5d481e74d8fc5a64c611526267666a94f3268f,2,False,False,False,,,,True,False,3_within_split,train/pituitary/brisc2025_train_04350_pi_co_t1.jpg,644
train/pituitary/brisc2025_train_04350_pi_co_t1.jpg,train/pituitary/brisc2025_train_04351_pi_co_t1.jpg,6143f24860ff08706669d715be5d481e74d8fc5a64c611526267666a94f3268f,e20d72c0370abcda6b0416fbe0e9a404f4eebe817ebf7903d0f3fe9e9b56abfb,2,False,False,False,,,,True,False,3_within_split,,644
train/pituitary/brisc2025_train_04411_pi_co_t1.jpg,train/pituitary/brisc2025_train_04412_pi_co_t1.jpg,dbda71ebfe6fbf948408284b1c1199efce33fdd2173e4f36763a12382f19931f,415c893286a1a8c1777fb3ce59f71925bd312ab367524040024d16e9d39bbcbb,2,False,False,False,,,,True,False,3_within_split,train/pituitary/brisc2025_train_04412_pi_co_t1.jpg,647
train/pituitary/brisc2025_train_04490_pi_sa_t1.jpg,train/pituitary/brisc2025_train_04491_pi_sa_t1.jpg,f59605a9076d7a3cff5cca14c7ec768a40e00f4e47e9f2f6e929170d02396d81,2208db4f94c29e8f98223741b5778c837acd2aacff1f4ea29c7e3281d84586f1,2,False,False,False,,,,False,False,3_within_split,train/pituitary/brisc2025_train_04491_pi_sa_t1.jpg,656
train/pituitary/brisc2025_train_04550_pi_sa_t1.jpg,train/pituitary/brisc2025_train_04552_pi_sa_t1.jpg,dea65808e631f46024aaa034984629ab8a455f2b951ca7022f12fa9e62b7c8ff,901543968ed4941110082f375b9f163d8866c8bc21135bf5598de4310157f579,2,False,False,False,,,,True,False,3_within_split,,667
train/pituitary/brisc2025_train_04550_pi_sa_t1.jpg,train/pituitary/brisc2025_train_04701_pi_sa_t1.jpg,dea65808e631f46024aaa034984629ab8a455f2b951ca7022f12fa9e62b7c8ff,19ef5a1c7b40af8108cdc471d43b53af4d0e4717edce1868476dffc6f4126d1b,2,False,False,False,,,,True,False,3_within_split,,667
train/pituitary/brisc2025_train_04551_pi_sa_t1.jpg,train/pituitary/brisc2025_train_04552_pi_sa_t1.jpg,dea65808e631f46024aaa034984629ab8a455f2b951ca7022f12fa9e62b7c8ff,901543968ed4941110082f375b9f163d8866c8bc21135bf5598de4310157f579,2,False,False,False,,,,True,False,3_within_split,,667
train/pituitary/brisc2025_train_04551_pi_sa_t1.jpg,train/pituitary/brisc2025_train_04701_pi_sa_t1.jpg,dea65808e631f46024aaa034984629ab8a455f2b951ca7022f12fa9e62b7c8ff,19ef5a1c7b40af8108cdc471d43b53af4d0e4717edce1868476dffc6f4126d1b,2,False,False,False,,,,True,False,3_within_split,,667
train/pituitary/brisc2025_train_04561_pi_sa_t1.jpg,train/pituitary/brisc2025_train_04562_pi_sa_t1.jpg,69e80166e4e9903bdcf909fb33069d846ae20789d412be78830808a1e2fd9a7a,59d337700c5185898453a717e791fb93403609f150138c2016976b990752f535,2,False,False,False,,,,True,False,3_within_split,train/pituitary/brisc2025_train_04562_pi_sa_t1.jpg,670
train/pituitary/brisc2025_train_04564_pi_sa_t1.jpg,train/pituitary/brisc2025_train_04565_pi_sa_t1.jpg,6c0a57ec9b31044d7ead0dd1ff3124a3c5ad222e31a8b2e8ddb700d20d3b865e,8c550079ec553c39bbc38980f8392c1976fb37c5703e93855fc3aa4189df97db,2,False,False,False,,,,True,False,3_within_split,,670
train/pituitary/brisc2025_train_04572_pi_sa_t1.jpg,train/pituitary/brisc2025_train_04573_pi_sa_t1.jpg,e2072eaa2bc858f6ccb4bc0eec8b9f844a9957f0bc2a0a0564a5306ea7b83cfd,68a212377e2252810edf3b67891b656ced1ea2639995165acdcbf04f136f073c,2,False,False,False,,,,True,False,3_within_split,train/pituitary/brisc2025_train_04573_pi_sa_t1.jpg,671
train/pituitary/brisc2025_train_04572_pi_sa_t1.jpg,train/pituitary/brisc2025_train_04574_pi_sa_t1.jpg,e2072eaa2bc858f6ccb4bc0eec8b9f844a9957f0bc2a0a0564a5306ea7b83cfd,d343474cfb700c6ded711454bb6afd49f0f00cbdf5d3e69f4aefad61ae3fc431,2,False,False,False,,,,True,False,3_within_split,train/pituitary/brisc2025_train_04574_pi_sa_t1.jpg,671
train/pituitary/brisc2025_train_04573_pi_sa_t1.jpg,train/pituitary/brisc2025_train_04574_pi_sa_t1.jpg,68a212377e2252810edf3b67891b656ced1ea2639995165acdcbf04f136f073c,d343474cfb700c6ded711454bb6afd49f0f00cbdf5d3e69f4aefad61ae3fc431,2,False,False,False,,,,True,False,3_within_split,,671
train/pituitary/brisc2025_train_04605_pi_sa_t1.jpg,train/pituitary/brisc2025_train_04606_pi_sa_t1.jpg,0dd42bcae44d080bbc2678c42ca3884e8c8682b95a0255ca19872029a36491d4,4942c3df21bd714e4d0fe9db03de2c005143ca836e4f22d7aae05e9d6206ae90,2,False,False,False,,,,True,False,3_within_split,,675
train/pituitary/brisc2025_train_04616_pi_sa_t1.jpg,train/pituitary/brisc2025_train_04619_pi_sa_t1.jpg,0f1cb299ff1c665492699839b5bc951b24819e229d6a4d0cff8557f2e09343b3,9960a7ff8e98e8eba2129d547a8aca3a0bd216c40066d075daf89406667926c9,2,False,False,False,,,,True,False,3_within_split,,677
train/pituitary/brisc2025_train_04631_pi_sa_t1.jpg,train/pituitary/brisc2025_train_04632_pi_sa_t1.jpg,85e567bc46c5ba3eb651af2e76d84f1f8353f3bb02009a4d44aab284a32d9e9c,9d65acd152ccaa81d3531e73d412898186474f3eedbbbf9c3ae13ef4f341ef68,2,False,False,False,,,,True,False,3_within_split,train/pituitary/brisc2025_train_04632_pi_sa_t1.jpg,281
train/pituitary/brisc2025_train_04631_pi_sa_t1.jpg,train/pituitary/brisc2025_train_04633_pi_sa_t1.jpg,85e567bc46c5ba3eb651af2e76d84f1f8353f3bb02009a4d44aab284a32d9e9c,6fd1bbdeceb17b97157035d5eababa06fab8b0655d248531967fe58ac42be1ba,2,False,False,False,,,,True,False,3_within_split,train/pituitary/brisc2025_train_04633_pi_sa_t1.jpg,281
train/pituitary/brisc2025_train_04632_pi_sa_t1.jpg,train/pituitary/brisc2025_train_04633_pi_sa_t1.jpg,9d65acd152ccaa81d3531e73d412898186474f3eedbbbf9c3ae13ef4f341ef68,6fd1bbdeceb17b97157035d5eababa06fab8b0655d248531967fe58ac42be1ba,2,False,False,False,,,,True,False,3_within_split,,281
train/pituitary/brisc2025_train_04633_pi_sa_t1.jpg,train/pituitary/brisc2025_train_04634_pi_sa_t1.jpg,6fd1bbdeceb17b97157035d5eababa06fab8b0655d248531967fe58ac42be1ba,3006fcd22a70086e4994174ce9a92437d0440148532d9c84dde675c488ec5066,2,False,False,False,,,,True,False,3_within_split,,281
train/pituitary/brisc2025_train_04642_pi_sa_t1.jpg,train/pituitary/brisc2025_train_04643_pi_sa_t1.jpg,5ad5cba7d03927d82fc5985a79b57ff7c0f5d93427431f25b4f44838290f61fc,cc622752849a3bac19daa1e3a9bfe657aa51e1aa136c7dfc752e8c35d22ceecf,2,False,False,False,,,,True,False,3_within_split,train/pituitary/brisc2025_train_04643_pi_sa_t1.jpg,678
train/pituitary/brisc2025_train_04644_pi_sa_t1.jpg,train/pituitary/brisc2025_train_04645_pi_sa_t1.jpg,9add2d12a5b4ca15502fb6964d1353c4725c3e4affd5d6f9d142b1f70cf7e219,3e0458aa51bf4574bd16d42413768eb5451887b59c8b9cdf508ce7032b9edc71,2,False,False,False,,,,True,False,3_within_split,train/pituitary/brisc2025_train_04645_pi_sa_t1.jpg,679
train/pituitary/brisc2025_train_04678_pi_sa_t1.jpg,train/pituitary/brisc2025_train_04683_pi_sa_t1.jpg,e17e5e8773c5f822e0f3c281eb73dd46811a760f1556bccca31b53b7ebaaa073,6c50addf215f8070698ffdbdba3776c630bfff719b0e7e3c3a445e1a5e59de2d,2,False,False,False,,,,True,False,3_within_split,train/pituitary/brisc2025_train_04683_pi_sa_t1.jpg,687
train/pituitary/brisc2025_train_04683_pi_sa_t1.jpg,train/pituitary/brisc2025_train_04698_pi_sa_t1.jpg,6c50addf215f8070698ffdbdba3776c630bfff719b0e7e3c3a445e1a5e59de2d,bc47b354bb396bd3c9cb95b3c4bdbd5f5a49213a7e4613bd094160460ba31dd2,2,False,False,False,,,,True,False,3_within_split,,687
train/pituitary/brisc2025_train_04688_pi_sa_t1.jpg,train/pituitary/brisc2025_train_04689_pi_sa_t1.jpg,56ebf4c1a544ae1e4d998444cb08b4c03ebd7c4e51def7d060e69b1923c06d8e,b66a6c1e11f627956b224a451cb4e4c5e0f291efb98de6587e4c2a459e71753b,2,False,False,False,,,,True,False,3_within_split,train/pituitary/brisc2025_train_04689_pi_sa_t1.jpg,690
train/pituitary/brisc2025_train_04688_pi_sa_t1.jpg,train/pituitary/brisc2025_train_04692_pi_sa_t1.jpg,56ebf4c1a544ae1e4d998444cb08b4c03ebd7c4e51def7d060e69b1923c06d8e,cb11c4d66feff9efec2ee78763516b4a2de0fab290b881c1eafc81c2876b121c,2,False,False,False,,,,True,False,3_within_split,train/pituitary/brisc2025_train_04692_pi_sa_t1.jpg,690
train/pituitary/brisc2025_train_04689_pi_sa_t1.jpg,train/pituitary/brisc2025_train_04692_pi_sa_t1.jpg,b66a6c1e11f627956b224a451cb4e4c5e0f291efb98de6587e4c2a459e71753b,cb11c4d66feff9efec2ee78763516b4a2de0fab290b881c1eafc81c2876b121c,2,False,False,False,,,,True,False,3_within_split,,690
train/pituitary/brisc2025_train_04690_pi_sa_t1.jpg,train/pituitary/brisc2025_train_04691_pi_sa_t1.jpg,39eac376ac3c6aebacff77655015b1e1eb4cc1e67a1853a69796822a7e43124d,270e1278a573a6a559075a6a01d412d00f72ad831c457138db6dad38aacf870b,2,False,False,False,,,,True,False,3_within_split,,690
train/pituitary/brisc2025_train_04690_pi_sa_t1.jpg,train/pituitary/brisc2025_train_04692_pi_sa_t1.jpg,39eac376ac3c6aebacff77655015b1e1eb4cc1e67a1853a69796822a7e43124d,cb11c4d66feff9efec2ee78763516b4a2de0fab290b881c1eafc81c2876b121c,2,False,False,False,,,,True,False,3_within_split,,690
train/pituitary/brisc2025_train_04708_pi_sa_t1.jpg,train/pituitary/brisc2025_train_04709_pi_sa_t1.jpg,9cf9b7c9e35b9f5a7ef60e9448f60bc89b5b3b28efd605f8087514a61a160886,5aae8a658c8a48719eb15a2006cfef7f2059106699215677f7c89b72ab5e7090,2,False,False,False,,,,True,False,3_within_split,train/pituitary/brisc2025_train_04709_pi_sa_t1.jpg,693
train/pituitary/brisc2025_train_04746_pi_sa_t1.jpg,train/pituitary/brisc2025_train_04748_pi_sa_t1.jpg,f6346cc85d2e6661bd1c8fc0f9ddf794c359bcf7d9602942430fe1263f1d53a4,c311a5a5f69d793b73860932397a7b85db7c52bd86bb3b209c01666a259c38df,2,False,False,False,,,,True,False,3_within_split,train/pituitary/brisc2025_train_04748_pi_sa_t1.jpg,280
train/pituitary/brisc2025_train_04747_pi_sa_t1.jpg,train/pituitary/brisc2025_train_04748_pi_sa_t1.jpg,191ce712494ccfda4f1a2a43f3c6c8e8530a34774c3d6df1b4b6221d23b3d77c,c311a5a5f69d793b73860932397a7b85db7c52bd86bb3b209c01666a259c38df,2,False,False,False,,,,True,False,3_within_split,,280
train/pituitary/brisc2025_train_04772_pi_sa_t1.jpg,train/pituitary/brisc2025_train_04773_pi_sa_t1.jpg,543320ab64731031acfbdafe905f380f4b25fe06b2b309770e5edda74b643f4d,89743222c471d2a9d693cdc67e96d8ca5685b0489df4547f7a4866e87da4e408,2,False,False,False,,,,True,False,3_within_split,,702
train/pituitary/brisc2025_train_04775_pi_sa_t1.jpg,train/pituitary/brisc2025_train_04794_pi_sa_t1.jpg,622be4935ec42946d989914cebcecab2d4abf9f271f88ab1d0ffb2b7b27356b0,270954c62901676d28bf7c45605f30adc7fab4457c9c6ecfb0cd9fa0777500f5,2,False,False,False,,,,True,False,3_within_split,train/pituitary/brisc2025_train_04794_pi_sa_t1.jpg,703
train/pituitary/brisc2025_train_04786_pi_sa_t1.jpg,train/pituitary/brisc2025_train_04787_pi_sa_t1.jpg,bf3a2b2bb951fc4e54fd7d50a273fafaae8eb069d8b81c669cbf9fc0ee35fe98,694f73be38251b40dd8f1d0b7b69c2d4bc8b4b9dda70e2ae143eb20f7125b444,2,False,False,False,,,,True,False,3_within_split,train/pituitary/brisc2025_train_04787_pi_sa_t1.jpg,288
train/pituitary/brisc2025_train_04786_pi_sa_t1.jpg,train/pituitary/brisc2025_train_04788_pi_sa_t1.jpg,bf3a2b2bb951fc4e54fd7d50a273fafaae8eb069d8b81c669cbf9fc0ee35fe98,4bf1d90c772da2bee9dafb8ef1c79584806235d370d8b6f71e5f17a68f6fd56c,2,False,False,False,,,,True,False,3_within_split,train/pituitary/brisc2025_train_04788_pi_sa_t1.jpg,288
train/pituitary/brisc2025_train_04787_pi_sa_t1.jpg,train/pituitary/brisc2025_train_04788_pi_sa_t1.jpg,694f73be38251b40dd8f1d0b7b69c2d4bc8b4b9dda70e2ae143eb20f7125b444,4bf1d90c772da2bee9dafb8ef1c79584806235d370d8b6f71e5f17a68f6fd56c,2,False,False,False,,,,True,False,3_within_split,,288
train/pituitary/brisc2025_train_04830_pi_sa_t1.jpg,train/pituitary/brisc2025_train_04833_pi_sa_t1.jpg,cb34a1f2dbbe8fd0af471c14f440e1ea6ddcc05fef5ff5215b1e013858a98ea2,fc0a6d9917d487f66ea2e38901278480cc8a6125a666a3bc6089fa0af3facd47,2,False,False,False,,,,True,False,3_within_split,train/pituitary/brisc2025_train_04833_pi_sa_t1.jpg,709
train/pituitary/brisc2025_train_04864_pi_sa_t1.jpg,train/pituitary/brisc2025_train_04868_pi_sa_t1.jpg,59f1f1e66a11861289de1957bbe33cf3030971c7419ae792fb2d3f361a398ece,4d6466d2d97189dc544936d99e09ba5045e739d7a25325018ab10b2d957c42d0,2,False,False,False,,,,True,False,3_within_split,train/pituitary/brisc2025_train_04868_pi_sa_t1.jpg,301
train/pituitary/brisc2025_train_04878_pi_sa_t1.jpg,train/pituitary/brisc2025_train_04879_pi_sa_t1.jpg,cfea4c73b72d4405d9a78c084eab728b58d621876727407e9c3e8b447dd523a5,2fb22a4f507b8ef4c33902be264d3483aa4c42abc96333851ba81dadbcb6ff33,2,False,False,False,,,,True,False,3_within_split,train/pituitary/brisc2025_train_04879_pi_sa_t1.jpg,293
train/pituitary/brisc2025_train_04879_pi_sa_t1.jpg,train/pituitary/brisc2025_train_04880_pi_sa_t1.jpg,2fb22a4f507b8ef4c33902be264d3483aa4c42abc96333851ba81dadbcb6ff33,50471d99b5d71f3b05f6e013c639846b2245d67d5ae2ad0ba3c2514ed717bf75,2,False,False,False,,,,True,False,3_within_split,,293
train/pituitary/brisc2025_train_04944_pi_sa_t1.jpg,train/pituitary/brisc2025_train_04945_pi_sa_t1.jpg,31292be38b64ffaa400e35873164d23c714d5c02a08c5bc48f393b011f2d1868,ba76a8a97c43f2de46a3df805c90001c3a157e19710fadf0322792e5b76af3f4,2,False,False,False,,,,True,False,3_within_split,train/pituitary/brisc2025_train_04945_pi_sa_t1.jpg,309
train/pituitary/brisc2025_train_04951_pi_sa_t1.jpg,train/pituitary/brisc2025_train_04953_pi_sa_t1.jpg,3db3394b70b3d42904ffbb0ad2511996fbdb3a1605e4e46ff73877bb331808f4,919b4880b1f291a9f5a200445e75e9dbc89eb506072676edca1da902d4322c6f,2,False,False,False,,,,True,False,3_within_split,train/pituitary/brisc2025_train_04953_pi_sa_t1.jpg,310
train/pituitary/brisc2025_train_04962_pi_sa_t1.jpg,train/pituitary/brisc2025_train_04965_pi_sa_t1.jpg,ab6d523e3add6bb89ef2dddc207b6abb6bd42a7318a38377d540dd6476aafb29,3a567c2c66f67c2bd917343b6120a1ce37ec95b69fd8cf028cc80331bf987a6c,2,False,False,False,,,,True,False,3_within_split,train/pituitary/brisc2025_train_04965_pi_sa_t1.jpg,717
train/pituitary/brisc2025_train_04968_pi_sa_t1.jpg,train/pituitary/brisc2025_train_04969_pi_sa_t1.jpg,f4a3792ad46c07a21b706b5639df922c2b8ef4e629be30c6028eb370cbc7684f,c1f1e89b6ec15887eec21d30d99f5386391cce520f0e7624230c61cd095520c6,2,False,False,False,,,,True,False,3_within_split,train/pituitary/brisc2025_train_04969_pi_sa_t1.jpg,313
train/pituitary/brisc2025_train_04975_pi_sa_t1.jpg,train/pituitary/brisc2025_train_04976_pi_sa_t1.jpg,291aafa3dc40f666796da06a13d92d9fa6cfa5564210de58b86bd1fb25e084f5,ce3d6e482454e2ecaf92cfe1dac6afa1ac377e0e432c5df2dfee6cf41befc33e,2,False,False,False,,,,True,False,3_within_split,train/pituitary/brisc2025_train_04976_pi_sa_t1.jpg,719
train/pituitary/brisc2025_train_04977_pi_sa_t1.jpg,train/pituitary/brisc2025_train_04978_pi_sa_t1.jpg,bc0b13a33bc8479e7dd47949b94e9487a81caef38c12adf9ec8b9cab7ed30b54,1d8ea851e6e5b1a7b34197957dd23eba91f24bf5a70ba3d6e9c11d94e288314b,2,False,False,False,,,,True,False,3_within_split,train/pituitary/brisc2025_train_04978_pi_sa_t1.jpg,315
test/glioma/brisc2025_test_00074_gl_ax_t1.jpg,test/glioma/brisc2025_test_00075_gl_ax_t1.jpg,83f890a5bfd0529e4dde75660e53be0603773bfb9a35a34f9387e78c362f6381,a5462a6482fb103a13bb51456ad6ade49f559d8e0aad0133c42d26d14dc191f5,4,False,False,False,,,,True,False,3_within_split,,23
test/glioma/brisc2025_test_00171_gl_sa_t1.jpg,test/glioma/brisc2025_test_00172_gl_sa_t1.jpg,6c42357b440b4c9c6efce9f0aa110eed212265e1a587138b39d3815bfbba169a,c5e8c2f9fcb55dd12896aba0e97bfc159748d2acc7aa544d6637eb0786c7b826,4,False,False,False,,,,True,False,3_within_split,test/glioma/brisc2025_test_00172_gl_sa_t1.jpg,42
test/glioma/brisc2025_test_00173_gl_sa_t1.jpg,test/glioma/brisc2025_test_00224_gl_sa_t1.jpg,cb55a1372c8c6366b4098d178871ff51a56036c198d159d90e2c93cb0c5a6daf,3856b5149f603ce194a193543c09f3619df0051291136cb8eebcae419227b7d1,4,False,False,False,,,,True,False,3_within_split,test/glioma/brisc2025_test_00224_gl_sa_t1.jpg,43
test/glioma/brisc2025_test_00214_gl_sa_t1.jpg,test/glioma/brisc2025_test_00215_gl_sa_t1.jpg,f443f279be74543acfa69f46831c90bac8dfa8372b4be9363930e9a0437aea78,41ade67aad4a33f6b2a4fa495b54cc8f40f7ec8328bac947af9e86591b989b8f,4,False,False,False,,,,True,False,3_within_split,test/glioma/brisc2025_test_00215_gl_sa_t1.jpg,57
test/meningioma/brisc2025_test_00277_me_ax_t1.jpg,test/meningioma/brisc2025_test_00322_me_ax_t1.jpg,b1836f483d7ab83307c909363656cb6aa3ab4b707343d4f5bafdc5f45890935e,1b806f154eeffce24b422bbcff1082ae4a02ff743378ebb3ff3c6aa9f6020a9b,4,False,False,False,,,,False,False,3_within_split,,86
test/meningioma/brisc2025_test_00371_me_ax_t1.jpg,test/meningioma/brisc2025_test_00376_me_ax_t1.jpg,8d03a7f8015f5b37f7486b00e7bb9f13782b95bc39cd5cff726af2d3464e1f92,c783e504efe4f8c1823acfb585691badba3e9df2566bbf27770a6b08d765c80c,4,False,False,False,,,,True,False,3_within_split,,140
test/meningioma/brisc2025_test_00375_me_ax_t1.jpg,test/meningioma/brisc2025_test_00378_me_ax_t1.jpg,b2edd24f1fe7cb94a4eaddbf043f4742c1fe41f32b189f502f1b12e40bfd3a67,d9ba0900164f3e8851c8a0c969f003a428ddc3ea462c62a6dc28aa030a4c6ba5,4,False,False,False,,,,True,False,3_within_split,test/meningioma/brisc2025_test_00378_me_ax_t1.jpg,142
test/no_tumor/brisc2025_test_00580_no_ax_t1.jpg,test/no_tumor/brisc2025_test_00581_no_ax_t1.jpg,9e63622cf7504c5405d638e7a9f041f36bd1d1f9e5a7b6e445fa87af327499f5,49eb0f256d5cf114273d92ed09fd9aa5644d4204c7870f0434cb72a3a74d6cf6,4,False,False,False,,,,True,False,3_within_split,test/no_tumor/brisc2025_test_00581_no_ax_t1.jpg,201
test/no_tumor/brisc2025_test_00671_no_sa_t1.jpg,test/no_tumor/brisc2025_test_00690_no_sa_t1.jpg,2ff133ed347f50f31c46079acbdb13d4eed54ca4f21588a717cfbcb09a0405a2,aee31b3c31de284e7f1ceba77dd108f313472ae91159c50e8a45a48db8fae58e,4,False,False,False,,,,True,False,3_within_split,test/no_tumor/brisc2025_test_00690_no_sa_t1.jpg,206
test/no_tumor/brisc2025_test_00674_no_sa_t1.jpg,test/no_tumor/brisc2025_test_00675_no_sa_t1.jpg,9879ea8997e0f6d9d0409f010e8983210ed281766cfc21d0a87994aae38c8aa3,7dc33abca6a83e2a16bee7a257c3d28b4d666564a8f179bc0235b81bfc0ad1b6,4,False,False,False,,,,True,False,3_within_split,test/no_tumor/brisc2025_test_00675_no_sa_t1.jpg,207
test/no_tumor/brisc2025_test_00679_no_sa_t1.jpg,test/no_tumor/brisc2025_test_00685_no_sa_t1.jpg,d72271ec6abf463e3552f97a365d7974ab799ec3d0f3c540693df5c49f7445a7,cab6c26dc74eeea0c55a473744b8e771e42da2eafacfbf1740b2b5e8f19f21da,4,False,False,False,,,,True,False,3_within_split,test/no_tumor/brisc2025_test_00685_no_sa_t1.jpg,208
test/pituitary/brisc2025_test_00952_pi_sa_t1.jpg,test/pituitary/brisc2025_test_00953_pi_sa_t1.jpg,adda9ee2dfca3974c0495dc6c96a6896cf232b31f85cfa54dfb1cfc5dbd24df3,40c65fb97fda87253f171ff214070ae36abf797005a89f445ab97fb4fa82b2e1,4,False,False,False,,,,True,False,3_within_split,,300
train/glioma/brisc2025_train_00048_gl_ax_t1.jpg,train/glioma/brisc2025_train_00049_gl_ax_t1.jpg,b2dd3826363764467eaf32a49acd39d802f01e519ff24d0cfb8ed3bc1085780c,a8b31d464bd1efc9fb1aa17d15bb119363e5e85e71f738a7e9ad446e73440608,4,False,False,False,,,,True,False,3_within_split,train/glioma/brisc2025_train_00049_gl_ax_t1.jpg,7
train/glioma/brisc2025_train_00054_gl_ax_t1.jpg,train/glioma/brisc2025_train_00056_gl_ax_t1.jpg,74bc45f1e1e08c9ecc7c4604918d4ffad8431d59bdd930edd7fcb279e73997ff,d58cdf17314a094da866df2f63739ea31b549cb3daf7ac9e7c84fae9f3b4bb1c,4,False,False,False,,,,True,False,3_within_split,train/glioma/brisc2025_train_00056_gl_ax_t1.jpg,318
train/glioma/brisc2025_train_00055_gl_ax_t1.jpg,train/glioma/brisc2025_train_00057_gl_ax_t1.jpg,5d8d97d6a9cb441cb5018bca16af835ea192d3e630e8ec7bdadf8293748f0770,b3e23a07ea2fe7eb605c6b788bcfe709e586b7923abcacf910a74d8f1b15badd,4,False,False,False,,,,True,False,3_within_split,,318
train/glioma/brisc2025_train_00055_gl_ax_t1.jpg,train/glioma/brisc2025_train_00059_gl_ax_t1.jpg,5d8d97d6a9cb441cb5018bca16af835ea192d3e630e8ec7bdadf8293748f0770,dd2b85dcc22e042b17b1e4b1978292deb65c4cbb00dc74f38920dda603bd7dcb,4,False,False,False,,,,True,False,3_within_split,,318
train/glioma/brisc2025_train_00056_gl_ax_t1.jpg,train/glioma/brisc2025_train_00058_gl_ax_t1.jpg,d58cdf17314a094da866df2f63739ea31b549cb3daf7ac9e7c84fae9f3b4bb1c,a3841aa70a2bdab533746b7e6cc89d2c1432758b027079b0d92378241c18ab44,4,False,False,False,,,,True,False,3_within_split,,318
train/glioma/brisc2025_train_00057_gl_ax_t1.jpg,train/glioma/brisc2025_train_00060_gl_ax_t1.jpg,b3e23a07ea2fe7eb605c6b788bcfe709e586b7923abcacf910a74d8f1b15badd,ae85d24aa7f79cd5a521ff5e3e9a58feed4e7df42a9cc469e5cacf25c5d1784f,4,False,False,False,,,,True,False,3_within_split,train/glioma/brisc2025_train_00060_gl_ax_t1.jpg,318
train/glioma/brisc2025_train_00057_gl_ax_t1.jpg,train/glioma/brisc2025_train_00247_gl_ax_t1.jpg,b3e23a07ea2fe7eb605c6b788bcfe709e586b7923abcacf910a74d8f1b15badd,d20cb5446f49480f7471797374a9f2651714497dc965d782597be7639b130823,4,False,False,False,,,,True,False,3_within_split,train/glioma/brisc2025_train_00247_gl_ax_t1.jpg,318
train/glioma/brisc2025_train_00059_gl_ax_t1.jpg,train/glioma/brisc2025_train_00060_gl_ax_t1.jpg,dd2b85dcc22e042b17b1e4b1978292deb65c4cbb00dc74f38920dda603bd7dcb,ae85d24aa7f79cd5a521ff5e3e9a58feed4e7df42a9cc469e5cacf25c5d1784f,4,False,False,False,,,,True,False,3_within_split,,318
train/glioma/brisc2025_train_00059_gl_ax_t1.jpg,train/glioma/brisc2025_train_00247_gl_ax_t1.jpg,dd2b85dcc22e042b17b1e4b1978292deb65c4cbb00dc74f38920dda603bd7dcb,d20cb5446f49480f7471797374a9f2651714497dc965d782597be7639b130823,4,False,False,False,,,,True,False,3_within_split,,318
train/glioma/brisc2025_train_00062_gl_ax_t1.jpg,train/glioma/brisc2025_train_00158_gl_ax_t1.jpg,7cb479ac3290e8b903cd1d3a91dcfdda3269446b7c996591b0f5784bf520bba4,1cb383948a156aa10dcc284876493c034421e25109837d4fb56dcf12eead96db,4,False,False,False,,,,True,False,3_within_split,train/glioma/brisc2025_train_00158_gl_ax_t1.jpg,319
train/glioma/brisc2025_train_00063_gl_ax_t1.jpg,train/glioma/brisc2025_train_00158_gl_ax_t1.jpg,80fd3e27df1d9f8ff58dbc60cd3638560d5e2900ef62a94dedbe31fe0e13e080,1cb383948a156aa10dcc284876493c034421e25109837d4fb56dcf12eead96db,4,False,False,False,,,,True,False,3_within_split,,319
train/glioma/brisc2025_train_00069_gl_ax_t1.jpg,train/glioma/brisc2025_train_00070_gl_ax_t1.jpg,0caa6656a59e4cdc10f7f8154438407597936eee3c18273bd2793089947d58c4,c96b76377cfd0f956a2200be5067b44ec2aea4b077dee87d3ea86123ad5aad26,4,False,False,False,,,,True,False,3_within_split,train/glioma/brisc2025_train_00070_gl_ax_t1.jpg,321
train/glioma/brisc2025_train_00072_gl_ax_t1.jpg,train/glioma/brisc2025_train_00073_gl_ax_t1.jpg,09657b08e2f7520e3b043dee5bb900d0e5ac2e01198888c98c9811b60c466cc6,2d6cd4062cc90ee4ee2f131b0b5756ebb5d5a592cdf0436dedf0d9023d9e2a10,4,False,False,False,,,,True,False,3_within_split,train/glioma/brisc2025_train_00073_gl_ax_t1.jpg,322
train/glioma/brisc2025_train_00075_gl_ax_t1.jpg,train/glioma/brisc2025_train_00076_gl_ax_t1.jpg,90b1641471f57b0568f6141950eb7dbf6d1199da2d5cdd70e2c5b9ec61bdd290,b90ecd085a0a477da778131df57531a11063757a33996830c62ddc605a00ec2f,4,False,False,False,,,,True,False,3_within_split,train/glioma/brisc2025_train_00076_gl_ax_t1.jpg,323
train/glioma/brisc2025_train_00075_gl_ax_t1.jpg,train/glioma/brisc2025_train_00359_gl_ax_t1.jpg,90b1641471f57b0568f6141950eb7dbf6d1199da2d5cdd70e2c5b9ec61bdd290,269efdd85f07993965eba4d38435f52c5a87eff47c2784e1f781c3c51e465e5c,4,False,False,False,,,,True,False,3_within_split,train/glioma/brisc2025_train_00359_gl_ax_t1.jpg,323
train/glioma/brisc2025_train_00079_gl_ax_t1.jpg,train/glioma/brisc2025_train_00083_gl_ax_t1.jpg,bb782b8598de2e0ff2997d0b49ea258d97e88899f61dcf111176f6b677e9a1f0,1047ad2f928f305be5a6db28ea3120d2574656c4325fa6a291ae05378cde62c1,4,False,False,False,,,,True,False,3_within_split,train/glioma/brisc2025_train_00083_gl_ax_t1.jpg,324
train/glioma/brisc2025_train_00083_gl_ax_t1.jpg,train/glioma/brisc2025_train_00084_gl_ax_t1.jpg,1047ad2f928f305be5a6db28ea3120d2574656c4325fa6a291ae05378cde62c1,794fc2af7e7140234801054d9c867464701ea7f9d9cb7a4e74a0788981a7c15b,4,False,False,False,,,,True,False,3_within_split,,324
train/glioma/brisc2025_train_00083_gl_ax_t1.jpg,train/glioma/brisc2025_train_00086_gl_ax_t1.jpg,1047ad2f928f305be5a6db28ea3120d2574656c4325fa6a291ae05378cde62c1,8cc82c38191d3273c39831ccd77b95dcf72e762c29877d38ea3cba408fe1fb5a,4,False,False,False,,,,True,False,3_within_split,,324
train/glioma/brisc2025_train_00084_gl_ax_t1.jpg,train/glioma/brisc2025_train_00085_gl_ax_t1.jpg,794fc2af7e7140234801054d9c867464701ea7f9d9cb7a4e74a0788981a7c15b,af8d9f673e52265236b321162eaa8d884e775aeaafe438d6e8d6d5a6c2580a14,4,False,False,False,,,,True,False,3_within_split,train/glioma/brisc2025_train_00085_gl_ax_t1.jpg,324
train/glioma/brisc2025_train_00091_gl_ax_t1.jpg,train/glioma/brisc2025_train_00092_gl_ax_t1.jpg,4e012dc82b157dd09f06c546dafa8f5962eb0074ed1e9e38eafd9f4163460b14,c33db1413ff24739eac7fc705b90b65952a3829238e480b96270575739b1806f,4,False,False,False,,,,True,False,3_within_split,train/glioma/brisc2025_train_00092_gl_ax_t1.jpg,326
train/glioma/brisc2025_train_00092_gl_ax_t1.jpg,train/glioma/brisc2025_train_00094_gl_ax_t1.jpg,c33db1413ff24739eac7fc705b90b65952a3829238e480b96270575739b1806f,c9f5f041c5e333ef43f1bfb3669a3c3adbf1fe957862a46ea3365789d168e55b,4,False,False,False,,,,True,False,3_within_split,,326
train/glioma/brisc2025_train_00102_gl_ax_t1.jpg,train/glioma/brisc2025_train_00108_gl_ax_t1.jpg,ba403b5a8fb25a6f23c310c6d0ac861a7b4f424da4ea89528e2ad9b04c271acb,7ea576ffce02584c8a011d7cd7ab63cd7745502477062e9bdb902f6e7cd5a5ad,4,False,False,False,,,,True,False,3_within_split,train/glioma/brisc2025_train_00108_gl_ax_t1.jpg,19
train/glioma/brisc2025_train_00102_gl_ax_t1.jpg,train/glioma/brisc2025_train_00271_gl_ax_t1.jpg,ba403b5a8fb25a6f23c310c6d0ac861a7b4f424da4ea89528e2ad9b04c271acb,cc0250d1cc59fb33e3ef9fe3aa6f4d46a0b4a96c0dc4bf62b84ac9add9a682a9,4,False,False,False,,,,True,False,3_within_split,train/glioma/brisc2025_train_00271_gl_ax_t1.jpg,19
train/glioma/brisc2025_train_00103_gl_ax_t1.jpg,train/glioma/brisc2025_train_00104_gl_ax_t1.jpg,1bcea581efcc9aae8ba7f77960a43f250afc3d1513b252bd55af3cb1969d2aa1,fe1144021c236c2be58382751422ca0572993d3c557c8a5b2f4e947a789b9899,4,False,False,False,,,,True,False,3_within_split,train/glioma/brisc2025_train_00104_gl_ax_t1.jpg,327
train/glioma/brisc2025_train_00103_gl_ax_t1.jpg,train/glioma/brisc2025_train_00105_gl_ax_t1.jpg,1bcea581efcc9aae8ba7f77960a43f250afc3d1513b252bd55af3cb1969d2aa1,7e059c4f963f09b78e2e854da43e940f0992473d110d503363ec275bcd1546ed,4,False,False,False,,,,True,False,3_within_split,train/glioma/brisc2025_train_00105_gl_ax_t1.jpg,327
train/glioma/brisc2025_train_00107_gl_ax_t1.jpg,train/glioma/brisc2025_train_00108_gl_ax_t1.jpg,517928538bbd67a6119715e047ef1d883273d4dc4d9589bb32e838f91942edfb,7ea576ffce02584c8a011d7cd7ab63cd7745502477062e9bdb902f6e7cd5a5ad,4,False,False,False,,,,True,False,3_within_split,,19
train/glioma/brisc2025_train_00117_gl_ax_t1.jpg,train/glioma/brisc2025_train_00119_gl_ax_t1.jpg,3a5ee71b5d21befecbba842ecc8140fbc9d592d8fe8654d4ce533789d564ed32,5c4325f9d165d8aa3e7ab7c42163123d37145fd8a98c3e3585932e3323ce2fdc,4,False,False,False,,,,True,False,3_within_split,train/glioma/brisc2025_train_00119_gl_ax_t1.jpg,328
train/glioma/brisc2025_train_00119_gl_ax_t1.jpg,train/glioma/brisc2025_train_00120_gl_ax_t1.jpg,5c4325f9d165d8aa3e7ab7c42163123d37145fd8a98c3e3585932e3323ce2fdc,3a0e14b20b51093bd9a9c44cc397baec5ce467b01a29c3d69b166ebfab8cdb89,4,False,False,False,,,,True,False,3_within_split,,328
train/glioma/brisc2025_train_00133_gl_ax_t1.jpg,train/glioma/brisc2025_train_00135_gl_ax_t1.jpg,56997c66cdf2fe85e3162afdef80a0eb30dc5c6976f790af2158d007d5b485af,bc34e9a5fa14d6c40e16183ee694138cd907400ef00c16df26ce9974fe6e0fa6,4,False,False,False,,,,True,False,3_within_split,train/glioma/brisc2025_train_00135_gl_ax_t1.jpg,330
train/glioma/brisc2025_train_00135_gl_ax_t1.jpg,train/glioma/brisc2025_train_00136_gl_ax_t1.jpg,bc34e9a5fa14d6c40e16183ee694138cd907400ef00c16df26ce9974fe6e0fa6,b8d2d8d29b3a38fe0b2d922dc4ce2f3f76220845206cd6d9f10a80ef07c43a43,4,False,False,False,,,,True,False,3_within_split,,330
train/glioma/brisc2025_train_00138_gl_ax_t1.jpg,train/glioma/brisc2025_train_00140_gl_ax_t1.jpg,80882336cbcee87273f0092823a3f38023ec7264ea986c0dcef324fd39ba4c0f,3fa3411bfc8b21af70c75f3799790429bc7c6909e7d015c5449357123008b10d,4,False,False,False,,,,True,False,3_within_split,train/glioma/brisc2025_train_00140_gl_ax_t1.jpg,28
train/glioma/brisc2025_train_00140_gl_ax_t1.jpg,train/glioma/brisc2025_train_00384_gl_ax_t1.jpg,3fa3411bfc8b21af70c75f3799790429bc7c6909e7d015c5449357123008b10d,c89e0e2671a69f1f41faab75d450cea0df31ec116c9f95347782cbc97d03eae1,4,False,False,False,,,,True,False,3_within_split,,28
train/glioma/brisc2025_train_00145_gl_ax_t1.jpg,train/glioma/brisc2025_train_00146_gl_ax_t1.jpg,1a3dbb6472fc310654fbfceb2b1484da6f62d5ae28fe0ab0497ffcfbfa024d44,e4349780789fefd67ee069c48ed9746f0a11a2498ae67fe4f7db22eb04bade06,4,False,False,False,,,,True,False,3_within_split,train/glioma/brisc2025_train_00146_gl_ax_t1.jpg,331
train/glioma/brisc2025_train_00146_gl_ax_t1.jpg,train/glioma/brisc2025_train_00147_gl_ax_t1.jpg,e4349780789fefd67ee069c48ed9746f0a11a2498ae67fe4f7db22eb04bade06,f9edd53c12e8fff12659f93e5074df07ffc20c2396b8f8046f70e8089c1f6729,4,False,False,False,,,,True,False,3_within_split,,331
train/glioma/brisc2025_train_00147_gl_ax_t1.jpg,train/glioma/brisc2025_train_00148_gl_ax_t1.jpg,f9edd53c12e8fff12659f93e5074df07ffc20c2396b8f8046f70e8089c1f6729,ce54bcf23955da28248f5a873a57cd51f974c5f53f26a4d80377098c9935d7ce,4,False,False,False,,,,True,False,3_within_split,train/glioma/brisc2025_train_00148_gl_ax_t1.jpg,331
train/glioma/brisc2025_train_00152_gl_ax_t1.jpg,train/glioma/brisc2025_train_00153_gl_ax_t1.jpg,00447a5e4dba64bb0e3e97c8c943131b85bd5c27aec22ca12cc3b824f20f53c6,0e0f0e489e46b0b98199f84a3c5de5e2de5d59bc3e1a1c65e0b6c91a423cbf62,4,False,False,False,,,,True,False,3_within_split,train/glioma/brisc2025_train_00153_gl_ax_t1.jpg,332
train/glioma/brisc2025_train_00152_gl_ax_t1.jpg,train/glioma/brisc2025_train_00154_gl_ax_t1.jpg,00447a5e4dba64bb0e3e97c8c943131b85bd5c27aec22ca12cc3b824f20f53c6,3d9618b232c695e3023ff62ae1230ba287fd2fe3dea69453a43cb6a658193ff0,4,False,False,False,,,,True,False,3_within_split,train/glioma/brisc2025_train_00154_gl_ax_t1.jpg,332
train/glioma/brisc2025_train_00153_gl_ax_t1.jpg,train/glioma/brisc2025_train_00155_gl_ax_t1.jpg,0e0f0e489e46b0b98199f84a3c5de5e2de5d59bc3e1a1c65e0b6c91a423cbf62,62f29d07607b6c8221bbf9fd17d5fec83aee75cb78862a81d0f5f2a046900a7d,4,False,False,False,,,,True,False,3_within_split,,332
train/glioma/brisc2025_train_00154_gl_ax_t1.jpg,train/glioma/brisc2025_train_00156_gl_ax_t1.jpg,3d9618b232c695e3023ff62ae1230ba287fd2fe3dea69453a43cb6a658193ff0,e3280c6aef393740afe61732105399d6990e2ee03184b17dc4c16132a1021bca,4,False,False,False,,,,True,False,3_within_split,,332
train/glioma/brisc2025_train_00155_gl_ax_t1.jpg,train/glioma/brisc2025_train_00156_gl_ax_t1.jpg,62f29d07607b6c8221bbf9fd17d5fec83aee75cb78862a81d0f5f2a046900a7d,e3280c6aef393740afe61732105399d6990e2ee03184b17dc4c16132a1021bca,4,False,False,False,,,,True,False,3_within_split,train/glioma/brisc2025_train_00156_gl_ax_t1.jpg,332
train/glioma/brisc2025_train_00157_gl_ax_t1.jpg,train/glioma/brisc2025_train_00256_gl_ax_t1.jpg,97ddc522457611337b01f80866e02f943e6ff464293afcb61e55dff6f5a10c56,83c361e9948bbedb1bf400ec9e2a605eafdc50c987b3ad159dcccf7713458072,4,False,False,False,,,,True,False,3_within_split,train/glioma/brisc2025_train_00256_gl_ax_t1.jpg,333
train/glioma/brisc2025_train_00157_gl_ax_t1.jpg,train/glioma/brisc2025_train_00665_gl_co_t1.jpg,97ddc522457611337b01f80866e02f943e6ff464293afcb61e55dff6f5a10c56,6047e748651887e472a49b1d88466834342c5ef37dbfe6b468bab7c43dc78627,4,False,False,False,,,,True,False,3_within_split,train/glioma/brisc2025_train_00665_gl_co_t1.jpg,333
train/glioma/brisc2025_train_00164_gl_ax_t1.jpg,train/glioma/brisc2025_train_00166_gl_ax_t1.jpg,aace60e9ff85e29d0cd635d8d0ccb2bbdcfa5eab6297d50ad86572ffe8bdcd28,32bd0b5965578eb36333190937f5c10c749a0a12ea0dd6d990d2f8d28e069024,4,False,False,False,,,,True,False,3_within_split,train/glioma/brisc2025_train_00166_gl_ax_t1.jpg,334
train/glioma/brisc2025_train_00165_gl_ax_t1.jpg,train/glioma/brisc2025_train_00168_gl_ax_t1.jpg,5fbdaa16a930bd87508d871123a081eb62c662fe9afe7e2b230cd5647d4284e3,632c68fb5e5558ceba8a43789dab21e2131b1ea645ba0b8cb03435f713f92c7c,4,False,False,False,,,,True,False,3_within_split,,334
train/glioma/brisc2025_train_00180_gl_ax_t1.jpg,train/glioma/brisc2025_train_00181_gl_ax_t1.jpg,d2104afbac4c24475bf3067fdebc0cde603960e30a7e5ae617306185d576eb16,bba06019a74d8f68aafb08a0fdc1da2cf47be914e17ae00d542ec60fb4b93221,4,False,False,False,,,,True,False,3_within_split,train/glioma/brisc2025_train_00181_gl_ax_t1.jpg,336
train/glioma/brisc2025_train_00184_gl_ax_t1.jpg,train/glioma/brisc2025_train_00185_gl_ax_t1.jpg,b834120e18dcd2faffc6a2b045801161a8a6bc1c985fdbddf7618e252ccb5602,5ccac8c5e3d461309b4c238a2cf18c9e1e4c7dcab3ed24b5214520cfa4a5bc96,4,False,False,False,,,,True,False,3_within_split,train/glioma/brisc2025_train_00185_gl_ax_t1.jpg,337
train/glioma/brisc2025_train_00184_gl_ax_t1.jpg,train/glioma/brisc2025_train_00186_gl_ax_t1.jpg,b834120e18dcd2faffc6a2b045801161a8a6bc1c985fdbddf7618e252ccb5602,5d52e3276bdc6e23566dc727aaeb20af28aa3c9718d6be6081452bd796cd0088,4,False,False,False,,,,True,False,3_within_split,train/glioma/brisc2025_train_00186_gl_ax_t1.jpg,337
train/glioma/brisc2025_train_00184_gl_ax_t1.jpg,train/glioma/brisc2025_train_00187_gl_ax_t1.jpg,b834120e18dcd2faffc6a2b045801161a8a6bc1c985fdbddf7618e252ccb5602,0fe28cc4315011f45f0190cb6af42ae2e7312cc91a43c0cd2442403abd429e02,4,False,False,False,,,,True,False,3_within_split,train/glioma/brisc2025_train_00187_gl_ax_t1.jpg,337
train/glioma/brisc2025_train_00185_gl_ax_t1.jpg,train/glioma/brisc2025_train_00187_gl_ax_t1.jpg,5ccac8c5e3d461309b4c238a2cf18c9e1e4c7dcab3ed24b5214520cfa4a5bc96,0fe28cc4315011f45f0190cb6af42ae2e7312cc91a43c0cd2442403abd429e02,4,False,False,False,,,,True,False,3_within_split,,337
train/glioma/brisc2025_train_00189_gl_ax_t1.jpg,train/glioma/brisc2025_train_00190_gl_ax_t1.jpg,ea1aeb385b71f0ab30d72801ee351a7d575b24077c75f25277cdd7e1484b568b,c3b3d0cac8b16892db83d9cacf965b5d601531942a43d53fc8016b4c94c81b29,4,False,False,False,,,,True,False,3_within_split,train/glioma/brisc2025_train_00190_gl_ax_t1.jpg,13
train/glioma/brisc2025_train_00191_gl_ax_t1.jpg,train/glioma/brisc2025_train_00192_gl_ax_t1.jpg,7fdd27ab1cbb4c1c44b5cecea8cc86d4dc6105d1ffc332418a26409a6ed85426,8beaee7bf2d9b76a4a4f05a2445c3dcf07fc3efe93dda88eb2ee626728b8baec,4,False,False,False,,,,True,False,3_within_split,train/glioma/brisc2025_train_00192_gl_ax_t1.jpg,338
train/glioma/brisc2025_train_00196_gl_ax_t1.jpg,train/glioma/brisc2025_train_00197_gl_ax_t1.jpg,3f31167607d9842205d9f0577d727616185586866bd42b97e3eba120277737dc,7ba079d4d510a7d5a0b74577ac5a4b6c7afd7e701d96ed326bd9311db1c9b080,4,False,False,False,,,,True,False,3_within_split,train/glioma/brisc2025_train_00197_gl_ax_t1.jpg,339
train/glioma/brisc2025_train_00217_gl_ax_t1.jpg,train/glioma/brisc2025_train_00218_gl_ax_t1.jpg,adab6eacc6092ae6e9927843da69fdc6ae3189fbb9f8ef00e7d1b42147af7191,f2070cb819053694fe111794ae7701aa21f9d0e40dfbbf8ea5fbd654cfdf03be,4,False,False,False,,,,True,False,3_within_split,train/glioma/brisc2025_train_00218_gl_ax_t1.jpg,340
train/glioma/brisc2025_train_00224_gl_ax_t1.jpg,train/glioma/brisc2025_train_00225_gl_ax_t1.jpg,a607ce2f9e06b77e7674fd064d1cfd1649f99c02d97715027b875923c6e6376d,77294e4b28ef2d2346aa08178d22d869f6aa9992e2b65fe84a4253d3b6425034,4,False,False,False,,,,True,False,3_within_split,train/glioma/brisc2025_train_00225_gl_ax_t1.jpg,16
train/glioma/brisc2025_train_00226_gl_ax_t1.jpg,train/glioma/brisc2025_train_00227_gl_ax_t1.jpg,2446d342eecbe1ba3c5e109f2a559ffe91eb708065a317d34c257bbe959f9597,ac5a25521668bf49b5411893cb6538287e1d511a01c40c21372e5583688696cb,4,False,False,False,,,,True,False,3_within_split,train/glioma/brisc2025_train_00227_gl_ax_t1.jpg,17
train/glioma/brisc2025_train_00243_gl_ax_t1.jpg,train/glioma/brisc2025_train_00244_gl_ax_t1.jpg,b5a57076f6b6d236c617e855e541b206cd4531bcda73e19555de79b771ef3104,289124b95aa5ab61709e6625927ac810abd9b6a4253b66ce8577684b5dae4327,4,False,False,False,,,,True,False,3_within_split,train/glioma/brisc2025_train_00244_gl_ax_t1.jpg,341
train/glioma/brisc2025_train_00252_gl_ax_t1.jpg,train/glioma/brisc2025_train_00254_gl_ax_t1.jpg,65bb5f273ac1249c554e2e423c1f7035180839fcc9d4ef9ea1f2307fee3f4f10,e87eef05057533397a823556a9d712dcbeed8ba51ce04a33a4d9a976b24168cf,4,False,False,False,,,,True,False,3_within_split,train/glioma/brisc2025_train_00254_gl_ax_t1.jpg,342
train/glioma/brisc2025_train_00255_gl_ax_t1.jpg,train/glioma/brisc2025_train_00256_gl_ax_t1.jpg,ffccb350b1c9ddcc6ad393e1fa999ce672803d3f0d4e2014412a6fe339cef517,83c361e9948bbedb1bf400ec9e2a605eafdc50c987b3ad159dcccf7713458072,4,False,False,False,,,,True,False,3_within_split,,333
train/glioma/brisc2025_train_00266_gl_ax_t1.jpg,train/glioma/brisc2025_train_00267_gl_ax_t1.jpg,94d17d5ce771146fd499abd4527da69aff3b055e5efd552e72acd29e6dcf6a0b,eeeddd472c2118773083dbb57db808c24bb0e2243357a98bfd0b09c4a62c85ee,4,False,False,False,,,,True,False,3_within_split,train/glioma/brisc2025_train_00267_gl_ax_t1.jpg,343
train/glioma/brisc2025_train_00267_gl_ax_t1.jpg,train/glioma/brisc2025_train_00268_gl_ax_t1.jpg,eeeddd472c2118773083dbb57db808c24bb0e2243357a98bfd0b09c4a62c85ee,a3c4a47932645acdba83772b225a43dd232f92bddac3525e0d5c5ba9b83416ae,4,False,False,False,,,,True,False,3_within_split,,343
train/glioma/brisc2025_train_00269_gl_ax_t1.jpg,train/glioma/brisc2025_train_00270_gl_ax_t1.jpg,3f22601c95aa22110a62c16e598261d202ca81c2439755f9f2a6c15781c754ba,b0ce980808ccd0998dcd201dcc847e89396256d023ba6948b2de712b5bb94e75,4,False,False,False,,,,True,False,3_within_split,train/glioma/brisc2025_train_00270_gl_ax_t1.jpg,19
train/glioma/brisc2025_train_00270_gl_ax_t1.jpg,train/glioma/brisc2025_train_00271_gl_ax_t1.jpg,b0ce980808ccd0998dcd201dcc847e89396256d023ba6948b2de712b5bb94e75,cc0250d1cc59fb33e3ef9fe3aa6f4d46a0b4a96c0dc4bf62b84ac9add9a682a9,4,False,False,False,,,,True,False,3_within_split,,19
train/glioma/brisc2025_train_00272_gl_ax_t1.jpg,train/glioma/brisc2025_train_00322_gl_ax_t1.jpg,a7cede9f7fc9eb3716b461e693adfecbb908236f4fa12c5337bcf6a3c67641f1,3b500f02ad835c10898c77cbbe15078088b4ecc7623886aeb3c89ce2bd3340f4,4,False,False,False,,,,True,False,3_within_split,train/glioma/brisc2025_train_00322_gl_ax_t1.jpg,20
train/glioma/brisc2025_train_00281_gl_ax_t1.jpg,train/glioma/brisc2025_train_00289_gl_ax_t1.jpg,3e9632b9840776b1ffd81cd56b838d9e77313ac0ae0946edfe485d61b2178520,ddc78b7d45b94213b94810f19f92b1d0f650b900d0d2e660f28a730d749af004,4,False,False,False,,,,True,False,3_within_split,train/glioma/brisc2025_train_00289_gl_ax_t1.jpg,344
train/glioma/brisc2025_train_00305_gl_ax_t1.jpg,train/glioma/brisc2025_train_00306_gl_ax_t1.jpg,2d2c23ff5febd0b9fe61efdd5f9c52231629b44d2aa3bd4c287954edf89c8d7b,235463e769f5f62b1b4d7c1b7afb55688e0ed480cdc3020b3a8e27443212e617,4,False,False,False,,,,True,False,3_within_split,train/glioma/brisc2025_train_00306_gl_ax_t1.jpg,345
train/glioma/brisc2025_train_00319_gl_ax_t1.jpg,train/glioma/brisc2025_train_00320_gl_ax_t1.jpg,be85cc66ab65f9e9aeec5961455356fe6150e06f172239cf61274fd9ff13f468,461c278e65baeba1a53e3a733677567ea389d81353f6ad9ec74d70018e3d1aef,4,False,False,False,,,,True,False,3_within_split,,20
train/glioma/brisc2025_train_00321_gl_ax_t1.jpg,train/glioma/brisc2025_train_00322_gl_ax_t1.jpg,75b867a885b9bb9bb3b6e2d74038ff8dcde49857a22c8b0619bf1b56b20078f9,3b500f02ad835c10898c77cbbe15078088b4ecc7623886aeb3c89ce2bd3340f4,4,False,False,False,,,,True,False,3_within_split,,20
train/glioma/brisc2025_train_00330_gl_ax_t1.jpg,train/glioma/brisc2025_train_00331_gl_ax_t1.jpg,7808f8d7f88dee9f3b15644f9d6df444c4b4d04ec20b38047c2e58391e44c639,96781963fd8c15d445b97106c556f4d728dfc7e87f0741b4c7a65fbe467e5407,4,False,False,False,,,,True,False,3_within_split,train/glioma/brisc2025_train_00331_gl_ax_t1.jpg,347
train/glioma/brisc2025_train_00338_gl_ax_t1.jpg,train/glioma/brisc2025_train_00339_gl_ax_t1.jpg,2374b89cf84646fffb6415ae3cbaa89f19edefcd956f45c4bc5cf7fda6069460,bc740a76e187991a27c8d87d7dd839126f7cefbf68d31d7af3694815c643e874,4,False,False,False,,,,True,False,3_within_split,train/glioma/brisc2025_train_00339_gl_ax_t1.jpg,348
train/glioma/brisc2025_train_00340_gl_ax_t1.jpg,train/glioma/brisc2025_train_00341_gl_ax_t1.jpg,c6d2c563cc858651ee824e8ef5aaf5c091a7aa64b8ba8a72ed59dd979002212f,add72b09a77046789ed7cfb217265e5340714a0e46b499e756632f00b8fd9600,4,False,False,False,,,,True,False,3_within_split,train/glioma/brisc2025_train_00341_gl_ax_t1.jpg,349
train/glioma/brisc2025_train_00342_gl_ax_t1.jpg,train/glioma/brisc2025_train_00343_gl_ax_t1.jpg,a774b5b5a088e071ebc34f901c80dadedd6b50ef37981ff3ee367a80e1980f36,6e4779a469e9b6a2c4debd3a835fdd213a94a8a17846304f0c20b2b754bf84fb,4,False,False,False,,,,True,False,3_within_split,train/glioma/brisc2025_train_00343_gl_ax_t1.jpg,350
train/glioma/brisc2025_train_00361_gl_ax_t1.jpg,train/glioma/brisc2025_train_00362_gl_ax_t1.jpg,260068969775bc459c444ac90c2f8663001c05019076fb2739a218ed5debf3d3,9d0582e0ea1b87ad06e2753a605cc54f5d622e0a68ba1b0ef96eff29b5cb6437,4,False,False,False,,,,True,False,3_within_split,train/glioma/brisc2025_train_00362_gl_ax_t1.jpg,351
train/glioma/brisc2025_train_00373_gl_ax_t1.jpg,train/glioma/brisc2025_train_00374_gl_ax_t1.jpg,a4333f7a2221b5fa8c951425f72a319a3d865f8250cd7327df998cc58709a112,db90e18409d0c88c6db4b0ce718acf98a8c87db37f8f8992267555ce2cf634fd,4,False,False,False,,,,True,False,3_within_split,train/glioma/brisc2025_train_00374_gl_ax_t1.jpg,352
train/glioma/brisc2025_train_00391_gl_ax_t1.jpg,train/glioma/brisc2025_train_00393_gl_ax_t1.jpg,15a0fc39345a41a3925bb85f8f1185e3997dccd71ce022177c0d58cac093e00e,00a22f74323aa6ef3bbcd8a7894696d4ba2b1b7ed55b409c48457e07206dfadd,4,False,False,False,,,,True,False,3_within_split,train/glioma/brisc2025_train_00393_gl_ax_t1.jpg,29
train/glioma/brisc2025_train_00392_gl_ax_t1.jpg,train/glioma/brisc2025_train_00393_gl_ax_t1.jpg,288ddd10085c840be845b8ca9c447be63435ef106dbb5a41bcf2cf41ac16fefe,00a22f74323aa6ef3bbcd8a7894696d4ba2b1b7ed55b409c48457e07206dfadd,4,False,False,False,,,,True,False,3_within_split,,29
train/glioma/brisc2025_train_00465_gl_co_t1.jpg,train/glioma/brisc2025_train_00466_gl_co_t1.jpg,292cfdbd74c8bf8ac410d5a84d521ddc179c67a4001df1c21c29af485eb09a38,f1579211cdba6486bae9afb4a6643221742f8a2fc3efedf6f5c202ac6d194195,4,False,False,False,,,,True,False,3_within_split,train/glioma/brisc2025_train_00466_gl_co_t1.jpg,35
train/glioma/brisc2025_train_00475_gl_co_t1.jpg,train/glioma/brisc2025_train_00476_gl_co_t1.jpg,68c55c961c7e953c3a45d9e24ea74bd8d673285a428f5ee13ea69785f89e4cdc,d7f3337ad798b840bb8626b03187caa5fc68fd5bb6a9af4ae1209c5b6dc5f705,4,False,False,False,,,,True,False,3_within_split,train/glioma/brisc2025_train_00476_gl_co_t1.jpg,354
train/glioma/brisc2025_train_00481_gl_co_t1.jpg,train/glioma/brisc2025_train_00482_gl_co_t1.jpg,65fc5676e495ffb5eec241cbf85a75bc5952a6e4a7a1073fabfaa3b0d0470bed,a346b96b24d73eebfeaad20474746334c1b85fea16be1fb92aa7205b78474e53,4,False,False,False,,,,True,False,3_within_split,train/glioma/brisc2025_train_00482_gl_co_t1.jpg,355
train/glioma/brisc2025_train_00488_gl_co_t1.jpg,train/glioma/brisc2025_train_00489_gl_co_t1.jpg,fa4444c54f440a6e74ef0e70e9ddeb8eb0c5c920efeade8f0de2f0e88b706a3e,b2cfb8fff17a084eb5f5ab8e812e1cced7558ec49816eb882b168384dd0180ee,4,False,False,False,,,,True,False,3_within_split,train/glioma/brisc2025_train_00489_gl_co_t1.jpg,356
train/glioma/brisc2025_train_00489_gl_co_t1.jpg,train/glioma/brisc2025_train_00490_gl_co_t1.jpg,b2cfb8fff17a084eb5f5ab8e812e1cced7558ec49816eb882b168384dd0180ee,ff3a613af787b2919777363b37e4709828bf07605dd5b2687b2f82a4c895d5fc,4,False,False,False,,,,True,False,3_within_split,,356
train/glioma/brisc2025_train_00504_gl_co_t1.jpg,train/glioma/brisc2025_train_00505_gl_co_t1.jpg,4d0fc86b7c2d1c5f208243760b6b346452fa3f0364e221a298e64ac342848fe1,e242ecf99b712aa43c9d9f7b952fd96144677a3d015e12454dc1c5e26bd8b791,4,False,False,False,,,,True,False,3_within_split,,357
train/glioma/brisc2025_train_00505_gl_co_t1.jpg,train/glioma/brisc2025_train_00506_gl_co_t1.jpg,e242ecf99b712aa43c9d9f7b952fd96144677a3d015e12454dc1c5e26bd8b791,7735d17a4d5f88e79a26d296dd7417c90d9c0b81cee212cf0df855aeb63fb44d,4,False,False,False,,,,True,False,3_within_split,train/glioma/brisc2025_train_00506_gl_co_t1.jpg,357
train/glioma/brisc2025_train_00512_gl_co_t1.jpg,train/glioma/brisc2025_train_00514_gl_co_t1.jpg,4000e5a5397c156cf04aeebaf41f4aa41c5cfe4f09db9e79ec054ccf1d7b64fb,7920b628a57cf2cd7d628125c07a5539ad66073a483fd2e1726336ab23e27314,4,False,False,False,,,,True,False,3_within_split,train/glioma/brisc2025_train_00514_gl_co_t1.jpg,358
train/glioma/brisc2025_train_00515_gl_co_t1.jpg,train/glioma/brisc2025_train_00516_gl_co_t1.jpg,786e139f91a3e06b6d0575a8fa28266d15dbbdddf1ff2c4c658941221042e98b,67f00a255eee7527742f68f6f76e8b4ba70de9370acec5b07194326ebbde6ec0,4,False,False,False,,,,True,False,3_within_split,train/glioma/brisc2025_train_00516_gl_co_t1.jpg,358
train/glioma/brisc2025_train_00527_gl_co_t1.jpg,train/glioma/brisc2025_train_00528_gl_co_t1.jpg,993b656d3fbe67ad19924908fedd4daa21aa2e97319b8931a10cee8f3d8fdee5,a5ca10c85461cc7a98eb087eb614a0064585e72a412d38bf7fc3c140b4ac6c55,4,False,False,False,,,,True,False,3_within_split,train/glioma/brisc2025_train_00528_gl_co_t1.jpg,359
train/glioma/brisc2025_train_00529_gl_co_t1.jpg,train/glioma/brisc2025_train_00530_gl_co_t1.jpg,a5a3db92d9f0655c063ab56177e368695537a6e919d3ffb2ce375fc3e31cead0,c5198b1d3709d567f807a76d236a55a1e9073f6ea37b8edb26c45f5894d7dcff,4,False,False,False,,,,True,False,3_within_split,train/glioma/brisc2025_train_00530_gl_co_t1.jpg,360
train/glioma/brisc2025_train_00530_gl_co_t1.jpg,train/glioma/brisc2025_train_00531_gl_co_t1.jpg,c5198b1d3709d567f807a76d236a55a1e9073f6ea37b8edb26c45f5894d7dcff,2898c339bcafd5b91d93b0da78af5951ff360e010e64b7f98b96ca5f1f7e9506,4,False,False,False,,,,True,False,3_within_split,,360
train/glioma/brisc2025_train_00531_gl_co_t1.jpg,train/glioma/brisc2025_train_00532_gl_co_t1.jpg,2898c339bcafd5b91d93b0da78af5951ff360e010e64b7f98b96ca5f1f7e9506,61f0c9740571f6a37655f33169abc08951cc2eae20b23731c4aefdd50c1b379d,4,False,False,False,,,,True,False,3_within_split,train/glioma/brisc2025_train_00532_gl_co_t1.jpg,360
train/glioma/brisc2025_train_00536_gl_co_t1.jpg,train/glioma/brisc2025_train_00537_gl_co_t1.jpg,04758129e4627093abd84496c8c6326b62f022202b3adde150d294d35f5b47dd,21061d32db30105a6330d4c0e457b5fc85b7af2a3417aa0ff7f0b5745d5cdd82,4,False,False,False,,,,True,False,3_within_split,train/glioma/brisc2025_train_00537_gl_co_t1.jpg,361
train/glioma/brisc2025_train_00549_gl_co_t1.jpg,train/glioma/brisc2025_train_00550_gl_co_t1.jpg,0b9d79a5c69962bd8d0cc4ba3f36cf3c8d0561ae2ee51e33348ceae49a31610e,23f6f5b24aa993918bdf9fdaea8a3fd815fb156d68498620802696848d405e2f,4,False,False,False,,,,True,False,3_within_split,train/glioma/brisc2025_train_00550_gl_co_t1.jpg,362
train/glioma/brisc2025_train_00557_gl_co_t1.jpg,train/glioma/brisc2025_train_00558_gl_co_t1.jpg,275780f3529dd5ae82b026c1246f3289f4888d1feba89bc17ce504788a3afdc7,de983d38c9bad6fd2c4dfa77ee654fa68481c54cc04083a2faef62d09772fceb,4,False,False,False,,,,True,False,3_within_split,train/glioma/brisc2025_train_00558_gl_co_t1.jpg,363
train/glioma/brisc2025_train_00610_gl_co_t1.jpg,train/glioma/brisc2025_train_00744_gl_co_t1.jpg,3e378c864945e003fe82f30dadac4f027ca5cd72957c51b52f84d00b59623be9,d4d71f8644b39a0d6965aa5f231cca2c7b5c27044f99f784a692acbb45b7c2f4,4,False,False,False,,,,True,False,3_within_split,train/glioma/brisc2025_train_00744_gl_co_t1.jpg,365
train/glioma/brisc2025_train_00629_gl_co_t1.jpg,train/glioma/brisc2025_train_00630_gl_co_t1.jpg,f13f0f0e1738bf114dcfb9237a5847c826660de43b4ae35f06bee755610d3359,4afab5c129d0763a852a2a692f08ae921ce0d1f56c1b0810e3f64553b49c711e,4,False,False,False,,,,True,False,3_within_split,train/glioma/brisc2025_train_00630_gl_co_t1.jpg,367
train/glioma/brisc2025_train_00652_gl_co_t1.jpg,train/glioma/brisc2025_train_00653_gl_co_t1.jpg,b9634ca54dd5c17080a7360ff0dff131d463bbc5e161d4334a1d4e4c55736d84,3ad1a0fd794fb9fb022bbf55ac75eb3912d8292a4e91772f2c3f779b76f1cae8,4,False,False,False,,,,True,False,3_within_split,train/glioma/brisc2025_train_00653_gl_co_t1.jpg,369
train/glioma/brisc2025_train_00673_gl_co_t1.jpg,train/glioma/brisc2025_train_00674_gl_co_t1.jpg,f7023a245bf0285e63f5f89fb56c8167d105ee5a3b3f38d56d475955d4e2b323,648e3d7215a5e2fde7ec2c6e6259bc278ef099c224132f1e79299f6cf55e8054,4,False,False,False,,,,True,False,3_within_split,train/glioma/brisc2025_train_00674_gl_co_t1.jpg,40
train/glioma/brisc2025_train_00674_gl_co_t1.jpg,train/glioma/brisc2025_train_00748_gl_co_t1.jpg,648e3d7215a5e2fde7ec2c6e6259bc278ef099c224132f1e79299f6cf55e8054,4d3506f55b9534015f4ce41c8b9cfed12d3187717a2a5aa554efd660794e71dd,4,False,False,False,,,,True,False,3_within_split,,40
train/glioma/brisc2025_train_00692_gl_co_t1.jpg,train/glioma/brisc2025_train_00693_gl_co_t1.jpg,01efcabecfbd8b570cde2bb44f8ea7d5f6beea33e81348d6022ca4618c6e6541,764d1295159f74760c4695f31e384489822e72b946df70bb3c1dd13e0e0095a9,4,False,False,False,,,,True,False,3_within_split,train/glioma/brisc2025_train_00693_gl_co_t1.jpg,371
train/glioma/brisc2025_train_00718_gl_co_t1.jpg,train/glioma/brisc2025_train_00719_gl_co_t1.jpg,58e1d9750e0299c67bceaab2b3eb4c2acb51b8257dabaecf337b435ad978c8ed,17eeac3440234a20194b5f5c1814209b6ca76516cb97277c33f2ac882e8cbc05,4,False,False,False,,,,True,False,3_within_split,,372
train/glioma/brisc2025_train_00745_gl_co_t1.jpg,train/glioma/brisc2025_train_00746_gl_co_t1.jpg,8bf21259fed8856c34f226a3c53a18366ee3527c8edf0aa8aea5da9bc3db8cc7,4ca775ef72d891928b09848975c182910cbab540a33c18cdf4ed20b145cdeb15,4,False,False,False,,,,True,False,3_within_split,train/glioma/brisc2025_train_00746_gl_co_t1.jpg,374
train/glioma/brisc2025_train_00745_gl_co_t1.jpg,train/glioma/brisc2025_train_00747_gl_co_t1.jpg,8bf21259fed8856c34f226a3c53a18366ee3527c8edf0aa8aea5da9bc3db8cc7,1c43ea5a3bf0e75e7a3efcd121d2fb12fb5d3fba69bef6382fd2325c8fb0a6a8,4,False,False,False,,,,True,False,3_within_split,train/glioma/brisc2025_train_00747_gl_co_t1.jpg,374
train/glioma/brisc2025_train_00746_gl_co_t1.jpg,train/glioma/brisc2025_train_00747_gl_co_t1.jpg,4ca775ef72d891928b09848975c182910cbab540a33c18cdf4ed20b145cdeb15,1c43ea5a3bf0e75e7a3efcd121d2fb12fb5d3fba69bef6382fd2325c8fb0a6a8,4,False,False,False,,,,True,False,3_within_split,,374
train/glioma/brisc2025_train_00784_gl_co_t1.jpg,train/glioma/brisc2025_train_00785_gl_co_t1.jpg,680dcf9c0ee2db618a251c226a46479676226325eb43d4bce5ea9e857d416c20,3a767a0cb6e43b3069c347414563c26113d0f3c67121a6bd4cb622ecc928e384,4,False,False,False,,,,True,False,3_within_split,train/glioma/brisc2025_train_00785_gl_co_t1.jpg,377
train/glioma/brisc2025_train_00784_gl_co_t1.jpg,train/glioma/brisc2025_train_00786_gl_co_t1.jpg,680dcf9c0ee2db618a251c226a46479676226325eb43d4bce5ea9e857d416c20,a268b0f77ace010d0be7c83adaf010bc8ea2c86e049bcd4279a3661d8fe25e32,4,False,False,False,,,,True,False,3_within_split,train/glioma/brisc2025_train_00786_gl_co_t1.jpg,377
train/glioma/brisc2025_train_00797_gl_co_t1.jpg,train/glioma/brisc2025_train_00798_gl_co_t1.jpg,047fc922c230ca65a7aabc45c2295abb8d0f6e1407b5c2a49db7194ec9b1efd7,631ebe53e7099a6c9dbc601f77493df8164db2d41d0406f1324167653e32b4bb,4,False,False,False,,,,True,False,3_within_split,train/glioma/brisc2025_train_00798_gl_co_t1.jpg,379
train/glioma/brisc2025_train_00802_gl_co_t1.jpg,train/glioma/brisc2025_train_00803_gl_co_t1.jpg,95d130032a87c5fc769a770a48c368b2182e2b8d64955181c16e603ef0bcf2d2,a189720a646d0c8f07db78096278223ef5ec51a04306742fa36e9475b6c385ff,4,False,False,False,,,,True,False,3_within_split,train/glioma/brisc2025_train_00803_gl_co_t1.jpg,380
train/glioma/brisc2025_train_00811_gl_co_t1.jpg,train/glioma/brisc2025_train_00812_gl_co_t1.jpg,6a6123190bead8fe55e131dd3eca432ac00b6d4c0b958704efcae9c1deadafde,aedd48e573fa1d8515942e963832931ffe9d91a02f26b9ce5075a2706520c9c0,4,False,False,False,,,,True,False,3_within_split,train/glioma/brisc2025_train_00812_gl_co_t1.jpg,381
train/glioma/brisc2025_train_00839_gl_sa_t1.jpg,train/glioma/brisc2025_train_00840_gl_sa_t1.jpg,3bcd10d5e1340fa7e0eba7be43fe8235da6845e82c9b0877b41bfe87ab0998de,d58f244d757dbb95ed4150676d5d0b6582d546fa08553c833d06df11e0d0d819,4,False,False,False,,,,True,False,3_within_split,train/glioma/brisc2025_train_00840_gl_sa_t1.jpg,382
train/glioma/brisc2025_train_00848_gl_sa_t1.jpg,train/glioma/brisc2025_train_00849_gl_sa_t1.jpg,8d872ed6256067b8c80fb2d0f60cb36513116ddafe07e821deb0c673e13aa6ea,9c3e7991aa6ff882a971009723e952e8be5ed59fc9aab65fb54df4a4c264b5d6,4,False,False,False,,,,True,False,3_within_split,train/glioma/brisc2025_train_00849_gl_sa_t1.jpg,383
train/glioma/brisc2025_train_00850_gl_sa_t1.jpg,train/glioma/brisc2025_train_00921_gl_sa_t1.jpg,8e882a775f1f207dbd6073503f38e5bc5803b9edbeb3d6cf066fc746f2fea57a,1400f475a9b0d9d0a4da043d030fe05686d951439975a59c646fd12b055511ec,4,False,False,False,,,,True,False,3_within_split,train/glioma/brisc2025_train_00921_gl_sa_t1.jpg,384
train/glioma/brisc2025_train_00852_gl_sa_t1.jpg,train/glioma/brisc2025_train_00853_gl_sa_t1.jpg,7d1b82b1b425040aef110c27e61814bbf38edb392cabdc77396680ba682053a2,75cc15aa6d260b97b7cb2a9e23c6acc015aac1a49e6bc5d5b6fdbebc8c90552c,4,False,False,False,,,,True,False,3_within_split,train/glioma/brisc2025_train_00853_gl_sa_t1.jpg,385
train/glioma/brisc2025_train_00857_gl_sa_t1.jpg,train/glioma/brisc2025_train_00858_gl_sa_t1.jpg,86b49602c31c6e9e4a91805e2c17f80352afee001644e3de702a8e4da3dbb67d,b52b0870e1302cfe5e4d4f466705893466717083d1d2bb3d831185c898fe8992,4,False,False,False,,,,True,False,3_within_split,train/glioma/brisc2025_train_00858_gl_sa_t1.jpg,32
train/glioma/brisc2025_train_00858_gl_sa_t1.jpg,train/glioma/brisc2025_train_00961_gl_sa_t1.jpg,b52b0870e1302cfe5e4d4f466705893466717083d1d2bb3d831185c898fe8992,9ad7aea6bad8f9639694d5ed851c2782b22f22fb9d0a93e25b18bba4351033c6,4,False,False,False,,,,True,False,3_within_split,,32
train/glioma/brisc2025_train_00858_gl_sa_t1.jpg,train/glioma/brisc2025_train_01059_gl_sa_t1.jpg,b52b0870e1302cfe5e4d4f466705893466717083d1d2bb3d831185c898fe8992,f65c46f6667ee0df250bd7917a4c946e7e347207fbabf3567ab197fc87e0c973,4,False,False,False,,,,True,False,3_within_split,,32
train/glioma/brisc2025_train_00862_gl_sa_t1.jpg,train/glioma/brisc2025_train_00957_gl_sa_t1.jpg,8f7db54485a24879e7849809fdba3627c525dbb79d6ee6f71960715a86b28f71,6f943b0e5d3d780ee4ff763597650d2c04b66ac08fded0efc0034a36e73b8846,4,False,False,False,,,,True,False,3_within_split,train/glioma/brisc2025_train_00957_gl_sa_t1.jpg,386
train/glioma/brisc2025_train_00875_gl_sa_t1.jpg,train/glioma/brisc2025_train_00876_gl_sa_t1.jpg,52b07683ffaa004d90a8eb701d33a3b6925385a8a7f163a2a2c3beef3cfbc97f,3e20174c863f82d6d18e3a11f1b4926985c33fa1731a8f3b342007a1a799ef2b,4,False,False,False,,,,True,False,3_within_split,train/glioma/brisc2025_train_00876_gl_sa_t1.jpg,387
train/glioma/brisc2025_train_00881_gl_sa_t1.jpg,train/glioma/brisc2025_train_00882_gl_sa_t1.jpg,597e2e62ffd9302440980aa1d4935210c61b599da4d55c51d766e42a2faa192f,01e69989dba1488ee15f4985d0cbe9439d22489e4955cb3573b0fa9612b9aba1,4,False,False,False,,,,True,False,3_within_split,train/glioma/brisc2025_train_00882_gl_sa_t1.jpg,388
train/glioma/brisc2025_train_00882_gl_sa_t1.jpg,train/glioma/brisc2025_train_00883_gl_sa_t1.jpg,01e69989dba1488ee15f4985d0cbe9439d22489e4955cb3573b0fa9612b9aba1,30aaf9753fc3dd9b0ad479f56e9dd39162675d4042f1ba34431c784bb15abd72,4,False,False,False,,,,True,False,3_within_split,,388
train/glioma/brisc2025_train_00885_gl_sa_t1.jpg,train/glioma/brisc2025_train_00886_gl_sa_t1.jpg,8750e005f5a056f19720c759d295494bc763f368078702de20e93561d116e0e1,fbe4bb2ab066e73a0ce5c8c95434db76f9647c757cfad2a03a7b5535801a788c,4,False,False,False,,,,True,False,3_within_split,train/glioma/brisc2025_train_00886_gl_sa_t1.jpg,389
train/glioma/brisc2025_train_00890_gl_sa_t1.jpg,train/glioma/brisc2025_train_00891_gl_sa_t1.jpg,102f6f8757b09499869518a69a069da525e232871a9b3d7fecd942f31dfc2c9a,6bd25d7590dfe327aa5191cdbc360a84d97c78ad70ff040d8d17061b3e4446cb,4,False,False,False,,,,True,False,3_within_split,train/glioma/brisc2025_train_00891_gl_sa_t1.jpg,390
train/glioma/brisc2025_train_00896_gl_sa_t1.jpg,train/glioma/brisc2025_train_01105_gl_sa_t1.jpg,f02ff7faf9c9bda4cf1dd9a9c85069e1fb87ae3f3a200696ec302d7e9b251038,927c7674b14bbe9279a179a6af5ef166f9db165697e1ce0980918b815792067a,4,False,False,False,,,,True,False,3_within_split,train/glioma/brisc2025_train_01105_gl_sa_t1.jpg,391
train/glioma/brisc2025_train_00904_gl_sa_t1.jpg,train/glioma/brisc2025_train_00905_gl_sa_t1.jpg,c378e02d22bce70c5363fe5cf8372b0e93012c232067dc57997cb6dd3e5da2bc,97f0d4bbf9681212e89a0f5a83b76f77980aa2211c2b9c8d71e1e397fd4638ba,4,False,False,False,,,,True,False,3_within_split,train/glioma/brisc2025_train_00905_gl_sa_t1.jpg,393
train/glioma/brisc2025_train_00904_gl_sa_t1.jpg,train/glioma/brisc2025_train_01110_gl_sa_t1.jpg,c378e02d22bce70c5363fe5cf8372b0e93012c232067dc57997cb6dd3e5da2bc,f73528085e699af7484b9fc2892bcf61793be97c3f102cbd17c50470881e8eef,4,False,False,False,,,,True,False,3_within_split,train/glioma/brisc2025_train_01110_gl_sa_t1.jpg,393
train/glioma/brisc2025_train_00906_gl_sa_t1.jpg,train/glioma/brisc2025_train_00907_gl_sa_t1.jpg,c660c6de690f5413e45ac3cba8e44b3ba6598b274b16cddf1be82f14b0ae485e,0e9f303e3494540dc1cb1cc88fed0e21e0ee2266147fe79dcb43346c46f1c010,4,False,False,False,,,,True,False,3_within_split,,393
train/glioma/brisc2025_train_00929_gl_sa_t1.jpg,train/glioma/brisc2025_train_00931_gl_sa_t1.jpg,1d47c700cd1b49d3e0f8ca8e119bc9429b33dcabef96cc012dfe343a41a8e859,74361d9da7838b3530a0903670cdbdec6513cf302ad72b9c83b8c8fc7f497697,4,False,False,False,,,,True,False,3_within_split,train/glioma/brisc2025_train_00931_gl_sa_t1.jpg,46
train/glioma/brisc2025_train_00930_gl_sa_t1.jpg,train/glioma/brisc2025_train_00931_gl_sa_t1.jpg,c3f4970ef1d5c2ecca6dd3cda6ffe78f816a9f8c4385b5f196dd66ac124c3e07,74361d9da7838b3530a0903670cdbdec6513cf302ad72b9c83b8c8fc7f497697,4,False,False,False,,,,True,False,3_within_split,,46
train/glioma/brisc2025_train_00983_gl_sa_t1.jpg,train/glioma/brisc2025_train_00984_gl_sa_t1.jpg,b05ad2ea27d8fd7526fe036b76cb19a681ddf56b757a4519a814c3336d68d14c,96bf2e920b080ca43c25bdb0c34a99bcade4b05da0e4a691510ff58f33c7cfd9,4,False,False,False,,,,True,False,3_within_split,train/glioma/brisc2025_train_00984_gl_sa_t1.jpg,395
train/glioma/brisc2025_train_01007_gl_sa_t1.jpg,train/glioma/brisc2025_train_01008_gl_sa_t1.jpg,f2563657dd6ca9c15db742b19fa5139cb1f982b00704c2df277638b713389e2f,c887fadb6f2b8abda12c3f8ed5eeb719a63797204230c7def38e9f55660300ec,4,False,False,False,,,,True,False,3_within_split,train/glioma/brisc2025_train_01008_gl_sa_t1.jpg,397
train/glioma/brisc2025_train_01013_gl_sa_t1.jpg,train/glioma/brisc2025_train_01014_gl_sa_t1.jpg,3ace50cbddba30e872c114c566b5c225b233acfed1a293f9e352fddd8f565a22,5b7a3cbae3883d2f4933920cdca94c21e518ad8f961dec14a05dcdfc980a1518,4,False,False,False,,,,True,False,3_within_split,train/glioma/brisc2025_train_01014_gl_sa_t1.jpg,56
train/glioma/brisc2025_train_01020_gl_sa_t1.jpg,train/glioma/brisc2025_train_01021_gl_sa_t1.jpg,668b0fccd03c506b4e1fc7344fe20f6b9b9dda54a49ce4857b69645519e3c16c,842f6ca1c1f2a3a74ee6ab3ae3fda99245aabc2aaa764b4481dd9343162f1f20,4,False,False,False,,,,True,False,3_within_split,train/glioma/brisc2025_train_01021_gl_sa_t1.jpg,398
train/glioma/brisc2025_train_01020_gl_sa_t1.jpg,train/glioma/brisc2025_train_01023_gl_sa_t1.jpg,668b0fccd03c506b4e1fc7344fe20f6b9b9dda54a49ce4857b69645519e3c16c,65e290c1b7c8d6da174252f0f34779c2d0a54939cdd0c9b5ea60fce8a66fc26f,4,False,False,False,,,,True,False,3_within_split,train/glioma/brisc2025_train_01023_gl_sa_t1.jpg,398
train/glioma/brisc2025_train_01038_gl_sa_t1.jpg,train/glioma/brisc2025_train_01101_gl_sa_t1.jpg,c8620654ebc8386cd4605e9efd7afbcc0c34a7672abb00c7be29bfbb9e7ebcb5,597477ab089e0587e51b6dcc23f529972e252cb13a1627e25cc834279856eed5,4,False,False,False,,,,True,False,3_within_split,train/glioma/brisc2025_train_01101_gl_sa_t1.jpg,399
train/glioma/brisc2025_train_01063_gl_sa_t1.jpg,train/glioma/brisc2025_train_01064_gl_sa_t1.jpg,4367ac1f644a528a83f43faa9f0ef39c8e3ea871b890279b2f146d2014477d01,f0ab2dd17f3f7bc80e909a47719714ce3d214097caa85008b50b63087f59d959,4,False,False,False,,,,True,False,3_within_split,train/glioma/brisc2025_train_01064_gl_sa_t1.jpg,401
train/glioma/brisc2025_train_01065_gl_sa_t1.jpg,train/glioma/brisc2025_train_01092_gl_sa_t1.jpg,9c3b9a7852edb793ad3719d15a3ed111fe4454ac975738a4292b3ccc1fcfd2ab,ee80b128c5ce5d2e8816affc01cd29fa2661e989e236b2507b6e5bf4f55d34d0,4,False,False,False,,,,True,False,3_within_split,train/glioma/brisc2025_train_01092_gl_sa_t1.jpg,402
train/glioma/brisc2025_train_01067_gl_sa_t1.jpg,train/glioma/brisc2025_train_01068_gl_sa_t1.jpg,bad6a2e7e8d255102b4ffe38b0d787136177c4611f22516fb77acc47ae68cb7b,f7d0f51618225578e6ba426a4bc8306e9c500b231876a0760ffee3702a7863da,4,False,False,False,,,,True,False,3_within_split,train/glioma/brisc2025_train_01068_gl_sa_t1.jpg,403
train/glioma/brisc2025_train_01067_gl_sa_t1.jpg,train/glioma/brisc2025_train_01069_gl_sa_t1.jpg,bad6a2e7e8d255102b4ffe38b0d787136177c4611f22516fb77acc47ae68cb7b,ae4585b2de09ad615afde955b013ee2982d41bca5e3d75398037208105a46801,4,False,False,False,,,,True,False,3_within_split,train/glioma/brisc2025_train_01069_gl_sa_t1.jpg,403
train/glioma/brisc2025_train_01068_gl_sa_t1.jpg,train/glioma/brisc2025_train_01069_gl_sa_t1.jpg,f7d0f51618225578e6ba426a4bc8306e9c500b231876a0760ffee3702a7863da,ae4585b2de09ad615afde955b013ee2982d41bca5e3d75398037208105a46801,4,False,False,False,,,,True,False,3_within_split,,403
train/glioma/brisc2025_train_01107_gl_sa_t1.jpg,train/glioma/brisc2025_train_01108_gl_sa_t1.jpg,ea418612f28d10411e4d86c67fca698f7be237842a273a176bc375af5f5f29bb,c74fc49bfa179b0cee309fbccf85f5a0dddec5430eaaf6b450401748d43d648e,4,False,False,False,,,,True,False,3_within_split,train/glioma/brisc2025_train_01108_gl_sa_t1.jpg,405
train/glioma/brisc2025_train_01112_gl_sa_t1.jpg,train/glioma/brisc2025_train_01113_gl_sa_t1.jpg,082d43f501d2196fac405be781013360fc4033e4fe342427ea82259bfef3de3c,ab30614ccf9f81f1f29c359ed49a2a1421c4aa336da09f267ac3d695844ed37a,4,False,False,False,,,,True,False,3_within_split,train/glioma/brisc2025_train_01113_gl_sa_t1.jpg,406
train/glioma/brisc2025_train_01127_gl_sa_t1.jpg,train/glioma/brisc2025_train_01128_gl_sa_t1.jpg,15f7dab8087bc3f4a3121bbf64fe670031959f8ae50296f2b21c8b08aea85856,89fab73f641f7493e755433f01c28b6e05b0df2ebc869e53608b033dbeb6dd59,4,False,False,False,,,,True,False,3_within_split,train/glioma/brisc2025_train_01128_gl_sa_t1.jpg,407
train/glioma/brisc2025_train_01146_gl_sa_t1.jpg,train/glioma/brisc2025_train_01147_gl_sa_t1.jpg,ba95e339ca5a6005c9cf61b0bbce88c1b483a3cb0d1660a3db3aa663d77f52f9,42a092ba18aa277571a80e6426381a69e1e7670b7d94ac14b259116080281a53,4,False,False,False,,,,True,False,3_within_split,train/glioma/brisc2025_train_01147_gl_sa_t1.jpg,66
train/meningioma/brisc2025_train_01162_me_ax_t1.jpg,train/meningioma/brisc2025_train_01163_me_ax_t1.jpg,c6f2d09f007c950bea3adc4298d5aedfe60187beafe26df9120fece18915d583,80c7bc3cb769d96b6974160f1fff584b1dbf696f0f23e8e6ed57345f1b527719,4,False,False,False,,,,True,False,3_within_split,train/meningioma/brisc2025_train_01163_me_ax_t1.jpg,122
train/meningioma/brisc2025_train_01177_me_ax_t1.jpg,train/meningioma/brisc2025_train_01178_me_ax_t1.jpg,9c8fb7b3a545503a016816d5c0b97cdbde29a66eeecdfd5903138db72d7eb58f,0b8b30d15647d2a438402e302f3d661d39ec71d0909405ad00aa45069675e511,4,False,False,False,,,,True,False,3_within_split,train/meningioma/brisc2025_train_01178_me_ax_t1.jpg,410
train/meningioma/brisc2025_train_01185_me_ax_t1.jpg,train/meningioma/brisc2025_train_01186_me_ax_t1.jpg,76e610505ae94201394a20edde8fd8103ebd057310acc926b7c206609d073278,a427fa312cb3d0c36beeb8132403e52c0b1f1730158791a7dbbe284e6889b477,4,False,False,False,,,,True,False,3_within_split,train/meningioma/brisc2025_train_01186_me_ax_t1.jpg,125
train/meningioma/brisc2025_train_01186_me_ax_t1.jpg,train/meningioma/brisc2025_train_01187_me_ax_t1.jpg,a427fa312cb3d0c36beeb8132403e52c0b1f1730158791a7dbbe284e6889b477,8ccd9367f62e7d71d91f6b8644d5ab359a9f8170aa7eb331b19e9d6190a537e5,4,False,False,False,,,,True,False,3_within_split,,125
train/meningioma/brisc2025_train_01189_me_ax_t1.jpg,train/meningioma/brisc2025_train_01190_me_ax_t1.jpg,f0f7b56a543685815266b9e9e0dd7ac8d4a0e03ec8669d0040b1e1ae546d084b,8fa67cbef7bf110cc9803171124fa23d5b9c007c3bb6550d3f90f474e263956f,4,False,False,False,,,,True,False,3_within_split,train/meningioma/brisc2025_train_01190_me_ax_t1.jpg,412
train/meningioma/brisc2025_train_01195_me_ax_t1.jpg,train/meningioma/brisc2025_train_01196_me_ax_t1.jpg,57fd9be2c69c0710c7b0cfdb02d703a9fea1a98818c75c9e69df665abe3e6d89,e821593cfd23f5b6731e5eb36774a402524c852aec6434d845e61fa09428ec57,4,False,False,False,,,,True,False,3_within_split,train/meningioma/brisc2025_train_01196_me_ax_t1.jpg,413
train/meningioma/brisc2025_train_01220_me_ax_t1.jpg,train/meningioma/brisc2025_train_01221_me_ax_t1.jpg,32df625f3b8d8d090426fdfdcfa6449a38208df2a032672b92470a0501e30d09,f29d536cc69c876e7b5fa825cd2abe326d10952034d83a6b4056e053de3cc2fc,4,False,False,False,,,,True,False,3_within_split,train/meningioma/brisc2025_train_01221_me_ax_t1.jpg,414
train/meningioma/brisc2025_train_01232_me_ax_t1.jpg,train/meningioma/brisc2025_train_01377_me_ax_t1.jpg,d06b09c04650f0074f8cd5371622dc27ed76824286e8ebd37b73fc04aab74673,55ccf056c0175f89cba689ac5916a759dcfdf404f79804d528a20d99ebc0ba85,4,False,False,False,,,,True,False,3_within_split,train/meningioma/brisc2025_train_01377_me_ax_t1.jpg,416
train/meningioma/brisc2025_train_01233_me_ax_t1.jpg,train/meningioma/brisc2025_train_01377_me_ax_t1.jpg,a933bcf64cf11f1f6d7fb72dbb9e9ef31a7ef9361841c31c7f685a73476aa0e0,55ccf056c0175f89cba689ac5916a759dcfdf404f79804d528a20d99ebc0ba85,4,False,False,False,,,,True,False,3_within_split,,416
train/meningioma/brisc2025_train_01234_me_ax_t1.jpg,train/meningioma/brisc2025_train_01236_me_ax_t1.jpg,ceed84105c284112a2cf2079fe7325d1b741251227cf119de7f9114e2b76b3f3,56c15ecccd01ef1b028ee16f2ad81f66b7a300072266cb60c8d4ea2af4bb42c2,4,False,False,False,,,,True,False,3_within_split,train/meningioma/brisc2025_train_01236_me_ax_t1.jpg,417
train/meningioma/brisc2025_train_01276_me_ax_t1.jpg,train/meningioma/brisc2025_train_01280_me_ax_t1.jpg,09b9031e30e757eb6e648686f0ca412357e86895ebbc52d300d2d0a9305fd417,1f8de2ac3bde04fbeeafe1d774b248297d76d5e9721408c96e9892d5a3acc218,4,False,False,False,,,,True,False,3_within_split,train/meningioma/brisc2025_train_01280_me_ax_t1.jpg,423
train/meningioma/brisc2025_train_01277_me_ax_t1.jpg,train/meningioma/brisc2025_train_01280_me_ax_t1.jpg,09b9031e30e757eb6e648686f0ca412357e86895ebbc52d300d2d0a9305fd417,1f8de2ac3bde04fbeeafe1d774b248297d76d5e9721408c96e9892d5a3acc218,4,False,False,False,,,,True,False,3_within_split,,423
train/meningioma/brisc2025_train_01290_me_ax_t1.jpg,train/meningioma/brisc2025_train_01305_me_ax_t1.jpg,dee85e5dfd7054c5ddfc6f1128456d43043f6ddf422324f115819401a8ae92cd,319187cdcce4bab2a76e9ac211fb3d8405bc2e5ecf675a0efea1f7246f25a3ab,4,False,False,False,,,,True,False,3_within_split,train/meningioma/brisc2025_train_01305_me_ax_t1.jpg,424
train/meningioma/brisc2025_train_01296_me_ax_t1.jpg,train/meningioma/brisc2025_train_01387_me_ax_t1.jpg,e29bcad3a9669e308de687b578cb0b414b4fd17020fc63b1f350b06026337139,23f28ae3e7fa2f1560f4d1a399198490c4516ca9e5c9e8e54cc54494adc26b22,4,False,False,False,,,,False,False,3_within_split,train/meningioma/brisc2025_train_01387_me_ax_t1.jpg,108
train/meningioma/brisc2025_train_01300_me_ax_t1.jpg,train/meningioma/brisc2025_train_01410_me_ax_t1.jpg,8a78218d3ea57c7e537c14609d48154a1cee9748243fff43f287db8c1957d11f,fc458c85a8432d97d5276d861e9779b4fedf0aef785896a69200fb973b495544,4,False,False,False,,,,False,False,3_within_split,train/meningioma/brisc2025_train_01410_me_ax_t1.jpg,112
train/meningioma/brisc2025_train_01307_me_ax_t1.jpg,train/meningioma/brisc2025_train_01308_me_ax_t1.jpg,5f3a684964a423e4d2456ef3311383bdf0ea4018609307ca3fe3be67d42a2156,63af1d654e0fead8c50f98a2a1f884eb517b7277ed7a1c9343d0861948721a5d,4,False,False,False,,,,True,False,3_within_split,,132
train/meningioma/brisc2025_train_01312_me_ax_t1.jpg,train/meningioma/brisc2025_train_01314_me_ax_t1.jpg,f4a9139e93bf925cfde66d30a5da4b6e709e95c97fe3938080f2bf0942b2aec2,345457dd048fcd7ff0ad0feb1acf999e5d02c686f5dd0c22ba82052a95043c5d,4,False,False,False,,,,True,False,3_within_split,train/meningioma/brisc2025_train_01314_me_ax_t1.jpg,425
train/meningioma/brisc2025_train_01315_me_ax_t1.jpg,train/meningioma/brisc2025_train_01316_me_ax_t1.jpg,8dc3370399c3acbda2cd0997ca79b1f63bc2e3712de382a536d6c377ea024ac4,afd3f09fbc49f3cef7c7647498d43c5ebcd993fade62be7ffd90f182d5ae95b8,4,False,False,False,,,,True,False,3_within_split,train/meningioma/brisc2025_train_01316_me_ax_t1.jpg,426
train/meningioma/brisc2025_train_01322_me_ax_t1.jpg,train/meningioma/brisc2025_train_01323_me_ax_t1.jpg,0157ee63732747449bb5170ef1445aa91919c887ee01c866bc24655d464dfd81,53a9c295c5089d539a4de4b26d0b52da431dbe6c6b040e63a905bdfb1f5f2a58,4,False,False,False,,,,True,False,3_within_split,train/meningioma/brisc2025_train_01323_me_ax_t1.jpg,427
train/meningioma/brisc2025_train_01323_me_ax_t1.jpg,train/meningioma/brisc2025_train_01325_me_ax_t1.jpg,53a9c295c5089d539a4de4b26d0b52da431dbe6c6b040e63a905bdfb1f5f2a58,cb8684939f89f31e88e071115567018ab57a5f0451ef95569a6d34ed22e7c576,4,False,False,False,,,,True,False,3_within_split,,427
train/meningioma/brisc2025_train_01331_me_ax_t1.jpg,train/meningioma/brisc2025_train_01332_me_ax_t1.jpg,afd2334a13bce212dd22ac3ab2bb662a2e334d470ecf02152b09b3862aa3c791,73ddd68815f337375491f6305cc44f6c579f4083e0e061dad7b3b4002416a478,4,False,False,False,,,,True,False,3_within_split,train/meningioma/brisc2025_train_01332_me_ax_t1.jpg,428
train/meningioma/brisc2025_train_01333_me_ax_t1.jpg,train/meningioma/brisc2025_train_01334_me_ax_t1.jpg,a6069f1603466549c1e6e80a46bd6c632b97a9f5064cfd6ee0e5f6f81f32a01d,01338ffff1ed97698465eef56832b6f1b0c5dee1ca29c5bdee6170e0407ae3de,4,False,False,False,,,,True,False,3_within_split,train/meningioma/brisc2025_train_01334_me_ax_t1.jpg,429
train/meningioma/brisc2025_train_01346_me_ax_t1.jpg,train/meningioma/brisc2025_train_01348_me_ax_t1.jpg,e28edeb147e6e9347814198c4d3d87a4db27fbb3e6288829cea52effab51b445,88b67024fdefbff05467055188402a9036dede7e9443da9dc8474df35e4016f7,4,False,False,False,,,,True,False,3_within_split,train/meningioma/brisc2025_train_01348_me_ax_t1.jpg,432
train/meningioma/brisc2025_train_01346_me_ax_t1.jpg,train/meningioma/brisc2025_train_01365_me_ax_t1.jpg,e28edeb147e6e9347814198c4d3d87a4db27fbb3e6288829cea52effab51b445,aa82daf28ee1beb42beea6edd2282d9d24016efc871fd89e6fe18d1258aca874,4,False,False,False,,,,True,False,3_within_split,train/meningioma/brisc2025_train_01365_me_ax_t1.jpg,432
train/meningioma/brisc2025_train_01347_me_ax_t1.jpg,train/meningioma/brisc2025_train_01348_me_ax_t1.jpg,632b2be4fb34f336291dd7603e43ab5cffb2bb53de702938fda180bc6a250601,88b67024fdefbff05467055188402a9036dede7e9443da9dc8474df35e4016f7,4,False,False,False,,,,True,False,3_within_split,,432
train/meningioma/brisc2025_train_01347_me_ax_t1.jpg,train/meningioma/brisc2025_train_01365_me_ax_t1.jpg,632b2be4fb34f336291dd7603e43ab5cffb2bb53de702938fda180bc6a250601,aa82daf28ee1beb42beea6edd2282d9d24016efc871fd89e6fe18d1258aca874,4,False,False,False,,,,True,False,3_within_split,,432
train/meningioma/brisc2025_train_01348_me_ax_t1.jpg,train/meningioma/brisc2025_train_01365_me_ax_t1.jpg,88b67024fdefbff05467055188402a9036dede7e9443da9dc8474df35e4016f7,aa82daf28ee1beb42beea6edd2282d9d24016efc871fd89e6fe18d1258aca874,4,False,False,False,,,,True,False,3_within_split,,432
train/meningioma/brisc2025_train_01361_me_ax_t1.jpg,train/meningioma/brisc2025_train_01362_me_ax_t1.jpg,16976234ca11c0363dcb59caa3427e0539e418201627cef2860cef690a206c9d,1c357c970bb419335870b61b84363ecb155cd431444058ba4895674ed76866be,4,False,False,False,,,,True,False,3_within_split,train/meningioma/brisc2025_train_01362_me_ax_t1.jpg,433
train/meningioma/brisc2025_train_01361_me_ax_t1.jpg,train/meningioma/brisc2025_train_01363_me_ax_t1.jpg,16976234ca11c0363dcb59caa3427e0539e418201627cef2860cef690a206c9d,43eb7e9a031777a058078a28b13ef57e9e56c784921ea9bc6e55ae321c8fc97d,4,False,False,False,,,,True,False,3_within_split,train/meningioma/brisc2025_train_01363_me_ax_t1.jpg,433
train/meningioma/brisc2025_train_01363_me_ax_t1.jpg,train/meningioma/brisc2025_train_01364_me_ax_t1.jpg,43eb7e9a031777a058078a28b13ef57e9e56c784921ea9bc6e55ae321c8fc97d,2ed1bf065c80b3ebb1cdf12990d17b9678ed95a1d481af05d5fe16218ee2314b,4,False,False,False,,,,True,False,3_within_split,,433
train/meningioma/brisc2025_train_01365_me_ax_t1.jpg,train/meningioma/brisc2025_train_01366_me_ax_t1.jpg,aa82daf28ee1beb42beea6edd2282d9d24016efc871fd89e6fe18d1258aca874,6609b05fcb96d96be79fd4ac42e71b9b7f9dde51d75806ba5c738010bfe7a51c,4,False,False,False,,,,True,False,3_within_split,,432
train/meningioma/brisc2025_train_01406_me_ax_t1.jpg,train/meningioma/brisc2025_train_01565_me_ax_t1.jpg,0f673459b5dba7f9dab9a6a32309e2c89ddf4bb9b799d3350f56c33e8cc8b2d3,ad7f8515f2c78c211f01dffcad25f50fcb5979c4e34d4d772e1b0656a67d61a3,4,False,False,False,,,,True,False,3_within_split,train/meningioma/brisc2025_train_01565_me_ax_t1.jpg,434
train/meningioma/brisc2025_train_01408_me_ax_t1.jpg,train/meningioma/brisc2025_train_01409_me_ax_t1.jpg,e50960c499e99a17df350e4f261d140bb10d74d9a3d81d91c4878542e2b32538,5c32bc4af148302670ffb8a5aa58fc239cea60fbbfc08ba34a65230a0de6f6f4,4,False,False,False,,,,True,False,3_within_split,train/meningioma/brisc2025_train_01409_me_ax_t1.jpg,435
train/meningioma/brisc2025_train_01413_me_ax_t1.jpg,train/meningioma/brisc2025_train_01441_me_ax_t1.jpg,704796e2a1aa65f12fb37a99db00d521ae7d2aa9f710f920495f5dca6c3274c5,083a956e37459fd225cec6467ba136502bfe79bad88eb7dd5b4f4e761074de03,4,False,False,False,,,,True,False,3_within_split,train/meningioma/brisc2025_train_01441_me_ax_t1.jpg,137
train/meningioma/brisc2025_train_01414_me_ax_t1.jpg,train/meningioma/brisc2025_train_01425_me_ax_t1.jpg,31fe2fd6835e25ef2b1700187001432ce685c684b5233619be97866742b777cd,ba26d02f1509302942f95c700fe0d657c70c029888020dd1aab74385a75087be,4,False,False,False,,,,True,False,3_within_split,train/meningioma/brisc2025_train_01425_me_ax_t1.jpg,134
train/meningioma/brisc2025_train_01416_me_ax_t1.jpg,train/meningioma/brisc2025_train_01437_me_ax_t1.jpg,29049e5049a59f3ab4b6696ea876ab29bcf1f003d42d771f971d2b1974144660,cf6c6452629f82caf858493dc4fd1b7f8750e80c6734f8c24534234a12a2d788,4,False,False,False,,,,True,False,3_within_split,train/meningioma/brisc2025_train_01437_me_ax_t1.jpg,436
train/meningioma/brisc2025_train_01422_me_ax_t1.jpg,train/meningioma/brisc2025_train_01423_me_ax_t1.jpg,27f255bfaf0d368a4150beaee637ad4c70a68d8b6eaf9f7cf704129aff6ab28d,3104de6278687b4c24078c66fe36cdb8081944a6d16e07500047549dd8df3173,4,False,False,False,,,,True,False,3_within_split,train/meningioma/brisc2025_train_01423_me_ax_t1.jpg,437
train/meningioma/brisc2025_train_01425_me_ax_t1.jpg,train/meningioma/brisc2025_train_01428_me_ax_t1.jpg,ba26d02f1509302942f95c700fe0d657c70c029888020dd1aab74385a75087be,5dd4b7499ca468bf7d94ad9fee5bb43a42ec718e7192324322186cebbfca737e,4,False,False,False,,,,True,False,3_within_split,,134
train/meningioma/brisc2025_train_01443_me_ax_t1.jpg,train/meningioma/brisc2025_train_01508_me_ax_t1.jpg,f23f2338a966cbf9798835bfbf72b3efa8b0073dc5b037a22368b24acd0c1395,3b711fbe1525515719e66f3085843213cac0ec0ae954e8da1da2f022efc03e34,4,False,False,False,,,,True,False,3_within_split,,436
train/meningioma/brisc2025_train_01449_me_ax_t1.jpg,train/meningioma/brisc2025_train_01452_me_ax_t1.jpg,27c163186722b07c45fdd1807ea6763e139b230f2c7844d2bac1214666f07197,23a5c32e914eba2dcb9d116dfa56e433bbffe4378ced9629a13c72c35b6a5b87,4,False,False,False,,,,True,False,3_within_split,train/meningioma/brisc2025_train_01452_me_ax_t1.jpg,138
train/meningioma/brisc2025_train_01456_me_ax_t1.jpg,train/meningioma/brisc2025_train_01458_me_ax_t1.jpg,e2a955142f1b608205f3bc0ef078d801a644682d608e894950e2d1d85b543e75,905a727cd9023461278f49aea64e39987014ab2520a75c262d79239875528cb4,4,False,False,False,,,,True,False,3_within_split,train/meningioma/brisc2025_train_01458_me_ax_t1.jpg,139
train/meningioma/brisc2025_train_01458_me_ax_t1.jpg,train/meningioma/brisc2025_train_02286_me_sa_t1.jpg,905a727cd9023461278f49aea64e39987014ab2520a75c262d79239875528cb4,e2a955142f1b608205f3bc0ef078d801a644682d608e894950e2d1d85b543e75,4,False,False,False,,,,True,False,3_within_split,,139
train/meningioma/brisc2025_train_01476_me_ax_t1.jpg,train/meningioma/brisc2025_train_01477_me_ax_t1.jpg,0c1b027704afd8e337caccb556eb95c2e79c3c2ca095b319e72185994ad511de,1d583a8aa36b04e77d40ce146668365e84d595f540dc53cbf3e203591d9f0351,4,False,False,False,,,,True,False,3_within_split,train/meningioma/brisc2025_train_01477_me_ax_t1.jpg,442
train/meningioma/brisc2025_train_01478_me_ax_t1.jpg,train/meningioma/brisc2025_train_01479_me_ax_t1.jpg,c541cc4848e8d12a44bfc601d3f0dccf6c00b136df94c476a0046b0cd6a67c2f,5d5d7561b6baba19452eea4590699d3c1404f49b026cc9b0cfb12c21a6e52071,4,False,False,False,,,,True,False,3_within_split,train/meningioma/brisc2025_train_01479_me_ax_t1.jpg,443
train/meningioma/brisc2025_train_01490_me_ax_t1.jpg,train/meningioma/brisc2025_train_01491_me_ax_t1.jpg,828c41dd54e834a9afb13c81cd20b95151f275362e604dab49046dffdfa71c7a,490a0d6e3466257d99fbf51b6401281d15c6d2d44d58768c7fdcf65d58d2f6ee,4,False,False,False,,,,True,False,3_within_split,,143
train/meningioma/brisc2025_train_01491_me_ax_t1.jpg,train/meningioma/brisc2025_train_01492_me_ax_t1.jpg,490a0d6e3466257d99fbf51b6401281d15c6d2d44d58768c7fdcf65d58d2f6ee,23bbc9ca539f5111123740b742e485c6970ac47b8b5742e222a9d55b9402d5ef,4,False,False,False,,,,True,False,3_within_split,,143
train/meningioma/brisc2025_train_01516_me_ax_t1.jpg,train/meningioma/brisc2025_train_01517_me_ax_t1.jpg,5ce9eedd4f9f70c4195c70783f3e23ae03c6481e7e7e6fe6ba9a15d2c4c0d2f9,4e924cc86796586b03ec335f7bdf78549975bbd01b75a969d78543f090ae1043,4,False,False,False,,,,True,False,3_within_split,train/meningioma/brisc2025_train_01517_me_ax_t1.jpg,444
train/meningioma/brisc2025_train_01519_me_ax_t1.jpg,train/meningioma/brisc2025_train_01521_me_ax_t1.jpg,4234d2b0229a17440443bf2cccc878749a9ecb00a858e89f12860d0e4635c94b,fad3ae6793fbd0b26f2e00169c2715a5deb16cd35ff27967e3046e9c4ab33c9b,4,False,False,False,,,,True,False,3_within_split,train/meningioma/brisc2025_train_01521_me_ax_t1.jpg,445
train/meningioma/brisc2025_train_01526_me_ax_t1.jpg,train/meningioma/brisc2025_train_01528_me_ax_t1.jpg,de8592a85364773572a57567375e3e8e73e38913c60c51d1bbb5306354c61322,792e660cefd290766a5fb1fae8b58a6d088b489029bb241fb6c288350fc33f03,4,False,False,False,,,,True,False,3_within_split,train/meningioma/brisc2025_train_01528_me_ax_t1.jpg,318
train/meningioma/brisc2025_train_01527_me_ax_t1.jpg,train/meningioma/brisc2025_train_01528_me_ax_t1.jpg,3f2e25e763d4bfa91cdeaed943912c4bebd420d9a370c22c6af26dc4182a79b7,792e660cefd290766a5fb1fae8b58a6d088b489029bb241fb6c288350fc33f03,4,False,False,False,,,,True,False,3_within_split,,318
train/meningioma/brisc2025_train_01554_me_ax_t1.jpg,train/meningioma/brisc2025_train_01555_me_ax_t1.jpg,47ab266e76d46a540e160b1f44dbcfe1ce7ec9f6b573c2a678b13e07f9b1f4e2,ecb405d8570c8c3fa2b0066a358dc7945eefc4de675e1666c91f11520ef9d889,4,False,False,False,,,,True,False,3_within_split,train/meningioma/brisc2025_train_01555_me_ax_t1.jpg,446
train/meningioma/brisc2025_train_01566_me_ax_t1.jpg,train/meningioma/brisc2025_train_01567_me_ax_t1.jpg,e91f612c6450445b41762d00c6a5089b944f51e0a64871d6505ec95d3745ec80,4d8e4173289837bd7a7b7604f8b928dad7aae11ec1e7570f404b1e80d83e62df,4,False,False,False,,,,True,False,3_within_split,train/meningioma/brisc2025_train_01567_me_ax_t1.jpg,447
train/meningioma/brisc2025_train_01572_me_co_t1.jpg,train/meningioma/brisc2025_train_01757_me_co_t1.jpg,ece02805e688e8a2dc29cc5b0263c7ee0e30dffe3cd72a91215a944b80ea6c10,a3f15b8e1409136cdeac9400868f52d6d9dbc35d6d666cdfcf2c565f9f671382,4,False,False,False,,,,True,False,3_within_split,,448
train/meningioma/brisc2025_train_01574_me_co_t1.jpg,train/meningioma/brisc2025_train_01577_me_co_t1.jpg,985ac0d8fee117bce49d74b31c056f45a5e2bf6bc510b98b9cb140c11262fab2,4392621e100ef2a98711920785c0304663317ff6d964a14c3a41b2b5f2d3318b,4,False,False,False,,,,True,False,3_within_split,train/meningioma/brisc2025_train_01577_me_co_t1.jpg,449
train/meningioma/brisc2025_train_01575_me_co_t1.jpg,train/meningioma/brisc2025_train_01576_me_co_t1.jpg,ab61ad992671b800d2dac37311bc1ececdc237a5d90b15665b6e010add9e490e,1b5cc7e3ff4c1dd8d2478d96f3a56554b315bd6a812fd04d98b193de1e537ae5,4,False,False,False,,,,True,False,3_within_split,train/meningioma/brisc2025_train_01576_me_co_t1.jpg,450
train/meningioma/brisc2025_train_01583_me_co_t1.jpg,train/meningioma/brisc2025_train_01584_me_co_t1.jpg,a74d73973d63cf6ca39ffcb44f2913976350630d23c112e48e6c9e9c3ffddd09,aee7025a0efb6ee7c1dbabdfae17a79288e745b66ba19e840368bdd0464bf68c,4,False,False,False,,,,True,False,3_within_split,,451
train/meningioma/brisc2025_train_01589_me_co_t1.jpg,train/meningioma/brisc2025_train_01590_me_co_t1.jpg,548760b3b911ae3bb44dbea176820f7eeb39fbb19fa7b77b9509851368bcdc6c,2afd271811dadb18683730ef88043d8545ed3c324359a2189b9c04bf32d61b89,4,False,False,False,,,,True,False,3_within_split,train/meningioma/brisc2025_train_01590_me_co_t1.jpg,452
train/meningioma/brisc2025_train_01623_me_co_t1.jpg,train/meningioma/brisc2025_train_01624_me_co_t1.jpg,c611a4518e080d798bcff459388bf9dbd2b554996d9cb2bcae4d08f7d433c6be,fbe12b2a7a2bf03ba453b3c681ecd1667a1434b1caf6b2dea35b62406cc2b914,4,False,False,False,,,,True,False,3_within_split,train/meningioma/brisc2025_train_01624_me_co_t1.jpg,454
train/meningioma/brisc2025_train_01625_me_co_t1.jpg,train/meningioma/brisc2025_train_01626_me_co_t1.jpg,236eab57f7e2f69bdb3f67595ebb634e1853295d7145ddfb699822fd8bef2784,1efbf2b99f460069de703b43b10453ed11f2e701b7c9e2e115dde6ab31d4eea4,4,False,False,False,,,,True,False,3_within_split,train/meningioma/brisc2025_train_01626_me_co_t1.jpg,455
train/meningioma/brisc2025_train_01627_me_co_t1.jpg,train/meningioma/brisc2025_train_01628_me_co_t1.jpg,bfff10e50c1d25274305abb1881ab249ffcd3958650ddba67ea2047a20cae978,9f9902462c13c163e244589e1fe1b90191b13c88441cbc12d784be593042a58f,4,False,False,False,,,,True,False,3_within_split,train/meningioma/brisc2025_train_01628_me_co_t1.jpg,456
train/meningioma/brisc2025_train_01634_me_co_t1.jpg,train/meningioma/brisc2025_train_01635_me_co_t1.jpg,90051de7a28f3ef3d0908142973fda7eede030e0a69e1f7faef8fd7bef07158c,29758f64ba84a4f20147ad114f2376b1cc38b0891a06e508a9d402acf226c9b8,4,False,False,False,,,,True,False,3_within_split,train/meningioma/brisc2025_train_01635_me_co_t1.jpg,457
train/meningioma/brisc2025_train_01673_me_co_t1.jpg,train/meningioma/brisc2025_train_01762_me_co_t1.jpg,d38c8660982ec2f35b1f83a9c71684e8e10b20d0ab78863b1e9704252cad1a90,94a828587922f6dc144e5afad56ea5976205805fb08b84cf66fc109180ca597b,4,False,False,False,,,,True,False,3_within_split,train/meningioma/brisc2025_train_01762_me_co_t1.jpg,459
train/meningioma/brisc2025_train_01682_me_co_t1.jpg,train/meningioma/brisc2025_train_01683_me_co_t1.jpg,82a9fe8cc14bea6a6c4984f557d6800c1727d5d074e0b22cd76315d08627623e,fab1c6e30985e4b80257a14fca1ac8dbea8d66fc24e86e986dd9a5ce32865b9c,4,False,False,False,,,,True,False,3_within_split,train/meningioma/brisc2025_train_01683_me_co_t1.jpg,460
train/meningioma/brisc2025_train_01685_me_co_t1.jpg,train/meningioma/brisc2025_train_01696_me_co_t1.jpg,93a479b740226571b3742dd30fb19a76a1c5f8df4f4bacd2a178b3858a84ff5f,e24e3035ac225092a30a9fd0e9c3a2445db45a4fef4cfd709e92886f9c80dba9,4,False,False,False,,,,True,False,3_within_split,train/meningioma/brisc2025_train_01696_me_co_t1.jpg,461
train/meningioma/brisc2025_train_01698_me_co_t1.jpg,train/meningioma/brisc2025_train_01699_me_co_t1.jpg,fccafde850490fe103983f0f1fdb9dd1c1a2b14af837c1c6b4380b59db277d8a,27b8c4f81133de62508947c2aaeab75060c3f2eb706619879a1f6ddb76f8af1a,4,False,False,False,,,,True,False,3_within_split,train/meningioma/brisc2025_train_01699_me_co_t1.jpg,462
train/meningioma/brisc2025_train_01709_me_co_t1.jpg,train/meningioma/brisc2025_train_01710_me_co_t1.jpg,27775921429c3faf20846e103f5b6bfb605ea3bd2f434edcd9f08d5de3605bdb,ae56d608be7db53a8289c0e66f78fb978572c71d54255c266337d086a46204da,4,False,False,False,,,,True,False,3_within_split,train/meningioma/brisc2025_train_01710_me_co_t1.jpg,463
train/meningioma/brisc2025_train_01710_me_co_t1.jpg,train/meningioma/brisc2025_train_01711_me_co_t1.jpg,ae56d608be7db53a8289c0e66f78fb978572c71d54255c266337d086a46204da,a3acd2c91b58b3838d09b1a86aeaeaad1ee82f1b7f6b50b630dafc18082d27cb,4,False,False,False,,,,True,False,3_within_split,,463
train/meningioma/brisc2025_train_01735_me_co_t1.jpg,train/meningioma/brisc2025_train_01736_me_co_t1.jpg,a81372f90978c01b91193c90c28b8a856a36a54863716b8296f4cba5d736df0c,a21ff77f35b0dc253b49a4663d76e42402f1003e541840eddc4c4fad0fc1b0eb,4,False,False,False,,,,True,False,3_within_split,train/meningioma/brisc2025_train_01736_me_co_t1.jpg,464
train/meningioma/brisc2025_train_01751_me_co_t1.jpg,train/meningioma/brisc2025_train_01760_me_co_t1.jpg,fe9a521194f1dc36568a0a448069a0b8f37e6ed6a1fd29d06bbbed8b38c5e68a,158cbb72d584bba7f017fa8ff8a636ec9779f3c96ced6a3bd80ea3e99b04e453,4,False,False,False,,,,True,False,3_within_split,train/meningioma/brisc2025_train_01760_me_co_t1.jpg,465
train/meningioma/brisc2025_train_01757_me_co_t1.jpg,train/meningioma/brisc2025_train_01758_me_co_t1.jpg,a3f15b8e1409136cdeac9400868f52d6d9dbc35d6d666cdfcf2c565f9f671382,7addc273f231f7513ae9891af275a162d32950e7df5b67ad5cff31bfabeaf8e3,4,False,False,False,,,,True,False,3_within_split,train/meningioma/brisc2025_train_01758_me_co_t1.jpg,448
train/meningioma/brisc2025_train_01758_me_co_t1.jpg,train/meningioma/brisc2025_train_02128_me_sa_t1.jpg,7addc273f231f7513ae9891af275a162d32950e7df5b67ad5cff31bfabeaf8e3,c19d7ae842ed32fd3e2057fe11651cb2e68810b830a8be97f420997bbe329263,4,False,False,False,,,,True,False,3_within_split,,448
train/meningioma/brisc2025_train_01767_me_co_t1.jpg,train/meningioma/brisc2025_train_01768_me_co_t1.jpg,12ca77d5afe3b97deed68094ce4459a0aced7edc13b8f01fa5f12c1cc60de64c,ec99d21bab6f06c568657d7f0bbe6db1f8a4c039098cad15980d2e9bab1d6536,4,False,False,False,,,,True,False,3_within_split,train/meningioma/brisc2025_train_01768_me_co_t1.jpg,467
train/meningioma/brisc2025_train_01770_me_co_t1.jpg,train/meningioma/brisc2025_train_01771_me_co_t1.jpg,5f1854d281a205eb8e3e28005722cff3dfd7679cf6e4a40221643712cdcb8d22,7175b47dfa055e75fdc07d1a044b3f05c3112581652d11f742901a7688f33d9d,4,False,False,False,,,,True,False,3_within_split,train/meningioma/brisc2025_train_01771_me_co_t1.jpg,468
train/meningioma/brisc2025_train_01777_me_co_t1.jpg,train/meningioma/brisc2025_train_01778_me_co_t1.jpg,a1d2df7613aa89f329f82ac6c1f51e306655d1bfcbbb97231d90543d3785c3d1,3e7091ccb68932b0a6238f3c20dc0d50c1b78a3a9458efb5cb5ba9b935fa4d25,4,False,False,False,,,,True,False,3_within_split,train/meningioma/brisc2025_train_01778_me_co_t1.jpg,469
train/meningioma/brisc2025_train_01785_me_co_t1.jpg,train/meningioma/brisc2025_train_01786_me_co_t1.jpg,2cbd798454b606861b3e8bb58950be34866e68978d6fdc4253380ff703626855,e2da667ddee25bb3f2701b8a270b06a4c01c3398350e8d9133f1d7cb42712b27,4,False,False,False,,,,True,False,3_within_split,,470
train/meningioma/brisc2025_train_01798_me_co_t1.jpg,train/meningioma/brisc2025_train_01809_me_co_t1.jpg,feba4f8874b34ead81a57f2abbb212bf0498c726450b3b83199a18d049c5bd13,e7122b56481ce897da7eeb18bd8ba7ee7429ec4d12abfcb9d8cd6e01f0280a46,4,False,False,False,,,,True,False,3_within_split,train/meningioma/brisc2025_train_01809_me_co_t1.jpg,471
train/meningioma/brisc2025_train_01808_me_co_t1.jpg,train/meningioma/brisc2025_train_01810_me_co_t1.jpg,caea528c54089877b494d19b33bd17f8af44ad0ca64809e63d232d797c06aa95,b911d54c647d44bebba41becba54cc82bfac26f72b3906297e71bb5107e82f79,4,False,False,False,,,,True,False,3_within_split,train/meningioma/brisc2025_train_01810_me_co_t1.jpg,472
train/meningioma/brisc2025_train_01830_me_co_t1.jpg,train/meningioma/brisc2025_train_01831_me_co_t1.jpg,8b95b62c967a66ec64d06b1320c7766ddbd01011705ba9ee0674b990cc1cccae,fd1c4bd4f2b2245563eeee8e781d22af886c8a95c83537a5240930526b0bcee4,4,False,False,False,,,,True,False,3_within_split,train/meningioma/brisc2025_train_01831_me_co_t1.jpg,474
train/meningioma/brisc2025_train_01836_me_co_t1.jpg,train/meningioma/brisc2025_train_01837_me_co_t1.jpg,229bfa28f1ed38b67cc739942b95bb096d7c608d3b7d4ce78fac59768aa7186e,f099fa2834527647bc13ccccf4b1e3f6251c64b396c19b891a8e15b36c5b1f29,4,False,False,False,,,,True,False,3_within_split,,353
train/meningioma/brisc2025_train_01842_me_co_t1.jpg,train/meningioma/brisc2025_train_01843_me_co_t1.jpg,933710b072f91429550e58495f34fd1f93c449c89adf8ac9ea82cff0e70551c3,790b260186b992681c567e18b8a73742e5fd657558bd2853122c435a5a473cc5,4,False,False,False,,,,True,False,3_within_split,train/meningioma/brisc2025_train_01843_me_co_t1.jpg,475
train/meningioma/brisc2025_train_01853_me_co_t1.jpg,train/meningioma/brisc2025_train_01854_me_co_t1.jpg,f15c64016033c5b6d9aa05efd5e467f0d597fed0dee931d59a752010b6c5d9e0,5214cdfa47cec95c858bf2baf4c778e43bf0c182bf614cd821da282b5ff55e9a,4,False,False,False,,,,True,False,3_within_split,train/meningioma/brisc2025_train_01854_me_co_t1.jpg,476
train/meningioma/brisc2025_train_01862_me_co_t1.jpg,train/meningioma/brisc2025_train_01863_me_co_t1.jpg,b3d3bbcc6e706fd486974a879874158c9584d9d11b102b3c43144f03e5551af8,4dda96119006088eabab66211b1cdd0f9f3f3448366ec8e08f07fc630c857466,4,False,False,False,,,,True,False,3_within_split,train/meningioma/brisc2025_train_01863_me_co_t1.jpg,478
train/meningioma/brisc2025_train_01924_me_co_t1.jpg,train/meningioma/brisc2025_train_01925_me_co_t1.jpg,2a42cc2372b9058882bead2cfa56ad9707a5d0b3986fdb1b55ab9ca895ab6652,1c213d91ecbba161aadd41538ea75e46a8c08724190fa9fc6c8ed1ff26220632,4,False,False,False,,,,True,False,3_within_split,train/meningioma/brisc2025_train_01925_me_co_t1.jpg,480
train/meningioma/brisc2025_train_01925_me_co_t1.jpg,train/meningioma/brisc2025_train_01926_me_co_t1.jpg,1c213d91ecbba161aadd41538ea75e46a8c08724190fa9fc6c8ed1ff26220632,00cdc02ec1dcdaa9a7ddd44fa2a83d09a5aedadbee67bce4ea4109addeb92980,4,False,False,False,,,,True,False,3_within_split,,480
train/meningioma/brisc2025_train_01959_me_co_t1.jpg,train/meningioma/brisc2025_train_01960_me_co_t1.jpg,8095b6db7da097f6358d1982ab320a75f85903629f4be721528c290b14d2d295,8f829ae54cfcf4273ed1a5f7c8d45fb7a915a10a3a29190c935619179a7d2d66,4,False,False,False,,,,True,False,3_within_split,train/meningioma/brisc2025_train_01960_me_co_t1.jpg,481
train/meningioma/brisc2025_train_01967_me_co_t1.jpg,train/meningioma/brisc2025_train_01968_me_co_t1.jpg,001e83da30735f4854ad3e2d7f7e55e4f36c1549e907132a8d89252f929182e1,c04485ecf1009bdc1c677177a872d25837897e945a2f103067f037ca2e1c41a4,4,False,False,False,,,,True,False,3_within_split,train/meningioma/brisc2025_train_01968_me_co_t1.jpg,482
train/meningioma/brisc2025_train_01973_me_co_t1.jpg,train/meningioma/brisc2025_train_01974_me_co_t1.jpg,1c3f42440631d3c607073bb42aee34fc49d2095af54f025d77711749fae6160f,36235afcbf5fff787d5d68456b27e18a179b4165b75c59d8cc31f40579e96ab5,4,False,False,False,,,,True,False,3_within_split,train/meningioma/brisc2025_train_01974_me_co_t1.jpg,483
train/meningioma/brisc2025_train_01976_me_co_t1.jpg,train/meningioma/brisc2025_train_01977_me_co_t1.jpg,7b80ba23ce4918f3f239bbdcc75897745ad1592a0e1651a029dd4c05999d6ca7,018e55314ac60df9796597db3911457bae576cf7faa6fc24fdb9c554ac0b854a,4,False,False,False,,,,True,False,3_within_split,train/meningioma/brisc2025_train_01977_me_co_t1.jpg,484
train/meningioma/brisc2025_train_01985_me_co_t1.jpg,train/meningioma/brisc2025_train_01986_me_co_t1.jpg,95a98907bf363a65182925038668cdaeb760e61713ea32c2b8c65457326d5316,e81d0f403c74778339c645f8789c6cbd2cf191bfb8e497678a036af8c405d899,4,False,False,False,,,,True,False,3_within_split,train/meningioma/brisc2025_train_01986_me_co_t1.jpg,485
train/meningioma/brisc2025_train_01989_me_co_t1.jpg,train/meningioma/brisc2025_train_01990_me_co_t1.jpg,a60799afb014eb9b4aede4e355e166f35f629e5c93b0012698f6019b39b7d9c8,48320b830e359bb421b2e29d7293844eebdf618cc267fb36b3c6f6680fc28d72,4,False,False,False,,,,True,False,3_within_split,train/meningioma/brisc2025_train_01990_me_co_t1.jpg,486
train/meningioma/brisc2025_train_01990_me_co_t1.jpg,train/meningioma/brisc2025_train_01991_me_co_t1.jpg,48320b830e359bb421b2e29d7293844eebdf618cc267fb36b3c6f6680fc28d72,afdc92194ce5223cd1cf538436398d3855730d885a63599df0b6a2605a45d0a7,4,False,False,False,,,,True,False,3_within_split,,486
train/meningioma/brisc2025_train_01995_me_co_t1.jpg,train/meningioma/brisc2025_train_01996_me_co_t1.jpg,c391670b8548cae15dd1e59be7f7ba416334f2e20aba39a21b60a9a3c625e42c,c7de3bc9b62521d6a76feef121f77fc2fd41d854f8ac83fd4a6c9cdd6e7e9960,4,False,False,False,,,,True,False,3_within_split,train/meningioma/brisc2025_train_01996_me_co_t1.jpg,487
train/meningioma/brisc2025_train_02025_me_sa_t1.jpg,train/meningioma/brisc2025_train_02026_me_sa_t1.jpg,fc7ecf8e50efc626b32cdca4269ac034b2124627f312e36f03d217d3c46fdccd,51a3d200ffc686c218920be8714ced3854858bf9e8f4a0849d3367ff16b20a0c,4,False,False,False,,,,True,False,3_within_split,train/meningioma/brisc2025_train_02026_me_sa_t1.jpg,488
train/meningioma/brisc2025_train_02030_me_sa_t1.jpg,train/meningioma/brisc2025_train_02032_me_sa_t1.jpg,3477da8343ff2a94376b775e1929c2b3ec8279c9f6e9706a5605526306061ff2,f3dea2b9dca650c21e73ec616f66a6ea251c5417c6f34c133e165c2e3f231803,4,False,False,False,,,,True,False,3_within_split,train/meningioma/brisc2025_train_02032_me_sa_t1.jpg,490
train/meningioma/brisc2025_train_02031_me_sa_t1.jpg,train/meningioma/brisc2025_train_02032_me_sa_t1.jpg,1957e555c80d35490e6d86481c8850fe4cd113947e7ea46b97cdd4afba6990e9,f3dea2b9dca650c21e73ec616f66a6ea251c5417c6f34c133e165c2e3f231803,4,False,False,False,,,,True,False,3_within_split,,490
train/meningioma/brisc2025_train_02036_me_sa_t1.jpg,train/meningioma/brisc2025_train_02039_me_sa_t1.jpg,9f86713f1d57b1a3a94f480e53f5184f46f5891e0844ac804b1730b586508095,e9bf8b4a2ba692fb679624b620db7aeba28c04c30d22e049c00773985fb4b982,4,False,False,False,,,,True,False,3_within_split,train/meningioma/brisc2025_train_02039_me_sa_t1.jpg,491
train/meningioma/brisc2025_train_02037_me_sa_t1.jpg,train/meningioma/brisc2025_train_02039_me_sa_t1.jpg,142058ff7c9b643eb1cee4f012de981db0883f44308e5863b9821975d96529cf,e9bf8b4a2ba692fb679624b620db7aeba28c04c30d22e049c00773985fb4b982,4,False,False,False,,,,True,False,3_within_split,,491
train/meningioma/brisc2025_train_02047_me_sa_t1.jpg,train/meningioma/brisc2025_train_02262_me_sa_t1.jpg,f51e71cc28b0c000a4e2e25fe03a4aa2eec7b47e52be5bbcf2557b50c0119a73,f03d0465810e7d14ba92d1c44c91facbaa5bbfea6bbbcf7bd6ecd92e0adc0a53,4,False,False,False,,,,True,False,3_within_split,train/meningioma/brisc2025_train_02262_me_sa_t1.jpg,492
train/meningioma/brisc2025_train_02062_me_sa_t1.jpg,train/meningioma/brisc2025_train_02063_me_sa_t1.jpg,c22691b5441cc731a1b61ae8ee6bf4b1f096287446ce7e5d758e5c49073a532e,97bd1763a8a50e4e69aeacc9a211bfb15e5d73cae7e3b297166f2adf5b363030,4,False,False,False,,,,True,False,3_within_split,train/meningioma/brisc2025_train_02063_me_sa_t1.jpg,493
train/meningioma/brisc2025_train_02067_me_sa_t1.jpg,train/meningioma/brisc2025_train_02068_me_sa_t1.jpg,2465e7577be66939eed91621915e3674ba9f05fe9368a6540b0b0e2b8d291531,a73af8f30b53a89992b95e2e20273202d9934a04266f5484097169d23455edb4,4,False,False,False,,,,True,False,3_within_split,train/meningioma/brisc2025_train_02068_me_sa_t1.jpg,494
train/meningioma/brisc2025_train_02067_me_sa_t1.jpg,train/meningioma/brisc2025_train_02086_me_sa_t1.jpg,2465e7577be66939eed91621915e3674ba9f05fe9368a6540b0b0e2b8d291531,2a41ef3731d0a904611356c1d17113113d465d1eed82f1d9adb4ede743260146,4,False,False,False,,,,True,False,3_within_split,train/meningioma/brisc2025_train_02086_me_sa_t1.jpg,494
train/meningioma/brisc2025_train_02087_me_sa_t1.jpg,train/meningioma/brisc2025_train_02088_me_sa_t1.jpg,2340d70c62a99e1d7580882378c5c4853b02338e213ea2d4dd2f19fc04c713ee,a1c1e82f689c9231601efe91818f857c09ee1cc5e1de4ec5c43cb227809035b9,4,False,False,False,,,,True,False,3_within_split,train/meningioma/brisc2025_train_02088_me_sa_t1.jpg,496
train/meningioma/brisc2025_train_02106_me_sa_t1.jpg,train/meningioma/brisc2025_train_02110_me_sa_t1.jpg,aaa9753989c9551c51184124cc3bbce4ed6b6b2a095779e1a2c3b1e6c2b67845,4e943b2e22317c511ac920f2697c873de4377e922aca41b1dd3473597320c696,4,False,False,False,,,,True,False,3_within_split,train/meningioma/brisc2025_train_02110_me_sa_t1.jpg,498
train/meningioma/brisc2025_train_02112_me_sa_t1.jpg,train/meningioma/brisc2025_train_02113_me_sa_t1.jpg,7221b29abe0cf90059797a25fcb7496a9ce77cdcbe097ded4ee1d7f9b5b2c0f0,0c8158d4aadcd98178a6ae263609f2b17e6527ad635a387af4e185bcbe4ad64c,4,False,False,False,,,,True,False,3_within_split,train/meningioma/brisc2025_train_02113_me_sa_t1.jpg,499
train/meningioma/brisc2025_train_02115_me_sa_t1.jpg,train/meningioma/brisc2025_train_02117_me_sa_t1.jpg,9c783c14c3998ae8158dab59cc37a4ed4fb6994958fea4503f836c01ab48c74b,b9e56b783f89455e14537dfec7736cf756dac6188c46df34eeddc17a5b34de88,4,False,False,False,,,,True,False,3_within_split,train/meningioma/brisc2025_train_02117_me_sa_t1.jpg,500
train/meningioma/brisc2025_train_02118_me_sa_t1.jpg,train/meningioma/brisc2025_train_02119_me_sa_t1.jpg,d969a85825db5cbd00c71c523944cdc85f46cccfd335be6bb8bd2f888ea260a7,821154e7d280628d35330ae33f035370d0c7bfe2548f746c4afd3b1ee0aa5069,4,False,False,False,,,,True,False,3_within_split,train/meningioma/brisc2025_train_02119_me_sa_t1.jpg,501
train/meningioma/brisc2025_train_02131_me_sa_t1.jpg,train/meningioma/brisc2025_train_02133_me_sa_t1.jpg,a096627a909de85ab5f42d3bea6296e1bfd76fbd833f33624ed4c6f9f3cc75ac,3b98d7475dce789e28566e1130ab037d0047df68495da5fdaab8a06e8089acc6,4,False,False,False,,,,True,False,3_within_split,train/meningioma/brisc2025_train_02133_me_sa_t1.jpg,504
train/meningioma/brisc2025_train_02149_me_sa_t1.jpg,train/meningioma/brisc2025_train_02152_me_sa_t1.jpg,e9ee20f9456d8b399e58a9aa89c7bbbc5ac973feb9ee052f0ee8f1797f980f90,b50e248ad41a292ae530634f8b3316033e95e0051f0425e023ff6a4117ddc585,4,False,False,False,,,,True,False,3_within_split,train/meningioma/brisc2025_train_02152_me_sa_t1.jpg,505
train/meningioma/brisc2025_train_02158_me_sa_t1.jpg,train/meningioma/brisc2025_train_02159_me_sa_t1.jpg,35af97390b0b7068d2c141f5029bdaa3dd941e81edc95faa2b2ed6a83060d934,f4b4799ce18b64c1d2614b53774f6025b6428bf469d3414bcb6c6e97a997f8db,4,False,False,False,,,,True,False,3_within_split,train/meningioma/brisc2025_train_02159_me_sa_t1.jpg,506
train/meningioma/brisc2025_train_02160_me_sa_t1.jpg,train/meningioma/brisc2025_train_02162_me_sa_t1.jpg,224a16b1e63255ad013b3cab6b37de9585d257a329dc1a055f00e8118ba89cd7,3f94a7a16162e6c14933e05d5224b4c76e7d24d2b2470174d5a064efa44fb469,4,False,False,False,,,,True,False,3_within_split,train/meningioma/brisc2025_train_02162_me_sa_t1.jpg,507
train/meningioma/brisc2025_train_02194_me_sa_t1.jpg,train/meningioma/brisc2025_train_02195_me_sa_t1.jpg,80d28f9fd81d1c23ac4b8383998f3cc4b9df3e75185933555dafbd2f96e48d94,66dfc44c76701d065d01a779d054828c77712416e7a386932bdc318b3ac618b7,4,False,False,False,,,,True,False,3_within_split,train/meningioma/brisc2025_train_02195_me_sa_t1.jpg,508
train/meningioma/brisc2025_train_02201_me_sa_t1.jpg,train/meningioma/brisc2025_train_02202_me_sa_t1.jpg,f527582fe31380759ab8132500846efa0522ab416ae854796f8d726d261e98aa,3cc9e95ff309e1864d8ae698afff2c81a539022fedcd272dc0b46e98e1c368fc,4,False,False,False,,,,True,False,3_within_split,train/meningioma/brisc2025_train_02202_me_sa_t1.jpg,509
train/meningioma/brisc2025_train_02217_me_sa_t1.jpg,train/meningioma/brisc2025_train_02219_me_sa_t1.jpg,1f914910e8c447654228d87ec852386437ad3f59a6b6ee3682e864dc895fbc84,ca7ecd71a27c8809f42bc399852aa7a804752e04916036264ac15622ac23ed44,4,False,False,False,,,,True,False,3_within_split,train/meningioma/brisc2025_train_02219_me_sa_t1.jpg,511
train/meningioma/brisc2025_train_02243_me_sa_t1.jpg,train/meningioma/brisc2025_train_02244_me_sa_t1.jpg,a3a7037d0f74aaaa8f13ddefa0c3518594f0a3c690c4c356786cc37809416cb2,762cac805dcba3d0e9aeca30743a8b8cf4a423204eac58e19c5b9be02a699a03,4,False,False,False,,,,True,False,3_within_split,train/meningioma/brisc2025_train_02244_me_sa_t1.jpg,512
train/meningioma/brisc2025_train_02250_me_sa_t1.jpg,train/meningioma/brisc2025_train_02252_me_sa_t1.jpg,296f0ac03b09e428c8a10d7b2b8ccc9601ddcdfbfc458dd308d88ecce9c4b644,732b052c052fea699ab9c3deff5b18eb84affd95ffaf0975c719f5d259ceb0a7,4,False,False,False,,,,True,False,3_within_split,train/meningioma/brisc2025_train_02252_me_sa_t1.jpg,513
train/meningioma/brisc2025_train_02273_me_sa_t1.jpg,train/meningioma/brisc2025_train_02274_me_sa_t1.jpg,94784f09bb7f5f69d93fe9e6b5015c5155ad699cd409de607bd059be636c7279,e0696e146056ae48ed1c40f897117ea2dfbaf01562794bb1369eb0a06e875e04,4,False,False,False,,,,True,False,3_within_split,train/meningioma/brisc2025_train_02274_me_sa_t1.jpg,514
train/meningioma/brisc2025_train_02282_me_sa_t1.jpg,train/meningioma/brisc2025_train_02283_me_sa_t1.jpg,8c67f97827c1f777db46d601c7042276c762b636844b0d1d2d3361c58884d743,c59e752aa923884714155afcdfdd76f082e92f14de35e834d9a688821b0b9eff,4,False,False,False,,,,True,False,3_within_split,train/meningioma/brisc2025_train_02283_me_sa_t1.jpg,190
train/meningioma/brisc2025_train_02288_me_sa_t1.jpg,train/meningioma/brisc2025_train_02289_me_sa_t1.jpg,3b7d1314e0187929a5ef5813ee5b954e3ad4973e4045d0d08141a385d5e14ebc,16bd8d367b1784c7adeddcd309d48f8cd537f56803d7a9dca57fe1cff0a50d00,4,False,False,False,,,,True,False,3_within_split,,192
train/meningioma/brisc2025_train_02290_me_sa_t1.jpg,train/meningioma/brisc2025_train_02291_me_sa_t1.jpg,b891dc32f03a2b15eed07c6dbdcff17bfb0f63a0bca6329b0c0273f482c01412,b5c411440c49e9f18a843b1314cc87c7bffed8f042e2cedad732c34e49d568d9,4,False,False,False,,,,True,False,3_within_split,train/meningioma/brisc2025_train_02291_me_sa_t1.jpg,515
train/meningioma/brisc2025_train_02324_me_sa_t1.jpg,train/meningioma/brisc2025_train_02325_me_sa_t1.jpg,5645d1fc065c1af595184e5031bfd97cdff05204f3d43d88058e9913ff4c2c09,1ddc07b40dd80b396ce695e57eaf6c1fb2f77ada6b89cb41593ed172ce143386,4,False,False,False,,,,True,False,3_within_split,train/meningioma/brisc2025_train_02325_me_sa_t1.jpg,517
train/meningioma/brisc2025_train_02324_me_sa_t1.jpg,train/meningioma/brisc2025_train_02436_me_sa_t1.jpg,5645d1fc065c1af595184e5031bfd97cdff05204f3d43d88058e9913ff4c2c09,e75720626eb32746c07a41520f13d60ecdf0c487634e2dc20ad64b4853a49238,4,False,False,False,,,,True,False,3_within_split,train/meningioma/brisc2025_train_02436_me_sa_t1.jpg,517
train/meningioma/brisc2025_train_02325_me_sa_t1.jpg,train/meningioma/brisc2025_train_02436_me_sa_t1.jpg,1ddc07b40dd80b396ce695e57eaf6c1fb2f77ada6b89cb41593ed172ce143386,e75720626eb32746c07a41520f13d60ecdf0c487634e2dc20ad64b4853a49238,4,False,False,False,,,,True,False,3_within_split,,517
train/meningioma/brisc2025_train_02351_me_sa_t1.jpg,train/meningioma/brisc2025_train_02352_me_sa_t1.jpg,67d5ea06379513aa119368053fd81c336310361cc476eec56235e510a2bcc377,db9384e1a2ce28555ab52dc93fbef62aa9e30b0ef287a886cc7b6815e6ba1228,4,False,False,False,,,,True,False,3_within_split,train/meningioma/brisc2025_train_02352_me_sa_t1.jpg,62
train/meningioma/brisc2025_train_02399_me_sa_t1.jpg,train/meningioma/brisc2025_train_02400_me_sa_t1.jpg,0994c0c45c34de7c98eb3014a5aead164a49d298d4eaa0fd00d787dcce5b644b,040a415afd40cde551ea35ff4fad705011f381f0700de2479ed124c6392dc505,4,False,False,False,,,,True,False,3_within_split,,394
train/meningioma/brisc2025_train_02409_me_sa_t1.jpg,train/meningioma/brisc2025_train_02410_me_sa_t1.jpg,d4e5ae5861d2a1ce6b5c9c8c5fe36cf68586da10e6762a966b02af8870478075,ee178e77ea867dee3137a510570052e531281e8aa0b30cc5b40e4943c914a467,4,False,False,False,,,,True,False,3_within_split,train/meningioma/brisc2025_train_02410_me_sa_t1.jpg,520
train/meningioma/brisc2025_train_02416_me_sa_t1.jpg,train/meningioma/brisc2025_train_02417_me_sa_t1.jpg,e2f6410661952320de21ab8b143176c664e3de4d957b89c1f0a06b32b49a77de,036c770275ee99660fd4d157a86baa843e8ce71848e182e62608ea758cf20637,4,False,False,False,,,,True,False,3_within_split,train/meningioma/brisc2025_train_02417_me_sa_t1.jpg,522
train/meningioma/brisc2025_train_02443_me_sa_t1.jpg,train/meningioma/brisc2025_train_02444_me_sa_t1.jpg,438e2d5a1afca3f938a5c8857c7a53a44fd947227e7e88c6be667a6f2396253f,ccb0b7bd5a5d3fe1472752c5d8d0ce5b6375b96a270f01e05c473088acaa16e5,4,False,False,False,,,,True,False,3_within_split,train/meningioma/brisc2025_train_02444_me_sa_t1.jpg,523
train/meningioma/brisc2025_train_02465_me_sa_t1.jpg,train/meningioma/brisc2025_train_02466_me_sa_t1.jpg,e19cda4b51d4cc2c866adac2461cacb9b7af0e630b1cecc4adac2bc1af5dfb4c,59df70102bef4614184ca2ae1ac830dcee5883a8c0c1fba1ed260e10e2952e71,4,False,False,False,,,,True,False,3_within_split,train/meningioma/brisc2025_train_02466_me_sa_t1.jpg,524
train/meningioma/brisc2025_train_02468_me_sa_t1.jpg,train/meningioma/brisc2025_train_02469_me_sa_t1.jpg,d910d7c014fcbe08d7813ef65d414946f4eaea0c96a125bb52ea6d09f00071eb,7301405d8487faeb7b2de0d4fa3bfeb990868b71899bfcc298ac688c0e44f2c3,4,False,False,False,,,,True,False,3_within_split,train/meningioma/brisc2025_train_02469_me_sa_t1.jpg,525
train/no_tumor/brisc2025_train_02737_no_ax_t1.jpg,train/no_tumor/brisc2025_train_02793_no_ax_t1.jpg,ea8510765b9ac32ebf5c0459f263993f2f73f31b0376bfca0dedcf781506bd42,8a4174eb6108263e53ea97e47473adfe1e15a45f760eaae0bf6f106e71debdfa,4,False,False,False,,,,True,False,3_within_split,train/no_tumor/brisc2025_train_02793_no_ax_t1.jpg,527
train/no_tumor/brisc2025_train_02908_no_co_t1.jpg,train/no_tumor/brisc2025_train_02922_no_co_t1.jpg,05ed1c652ec3cfdb0cad38554153cadf737b96fd74b74ef97a23b57266465a6f,4ee7ef6512d27dd1201aabfa912fae44cb84456ade6a6ad21335830e060d393e,4,False,False,False,,,,True,False,3_within_split,train/no_tumor/brisc2025_train_02922_no_co_t1.jpg,528
train/no_tumor/brisc2025_train_02934_no_co_t1.jpg,train/no_tumor/brisc2025_train_02942_no_co_t1.jpg,5d9f718c314a842191a0d7e03181e7a322f8acd9a2eda7d52a3526e82775531a,66a1774c1c88de3d22da2bb7e9581cc83ab1b92cd11d79a1610d1db72ddc067c,4,False,False,False,,,,True,False,3_within_split,train/no_tumor/brisc2025_train_02942_no_co_t1.jpg,529
train/no_tumor/brisc2025_train_03141_no_sa_t1.jpg,train/no_tumor/brisc2025_train_03166_no_sa_t1.jpg,bef0f1d8580073405e88069b3cf4de393ee52541cbb9b00b5129ebdfc128eceb,0cf72a56a0ba839d88da9016f525485c71ac4a36294bfaabd16b1e4374259c48,4,False,False,False,,,,True,False,3_within_split,train/no_tumor/brisc2025_train_03166_no_sa_t1.jpg,531
train/no_tumor/brisc2025_train_03145_no_sa_t1.jpg,train/no_tumor/brisc2025_train_03167_no_sa_t1.jpg,2755a199a213eb5c11fdea0891d60f1a5402ba2e6526ccb3ef427b5dacb087b3,feb673000f8b99d72cdad78eca92982359621051908a4b3b683aa1f82c8b9e2f,4,False,False,False,,,,True,False,3_within_split,train/no_tumor/brisc2025_train_03167_no_sa_t1.jpg,532
train/no_tumor/brisc2025_train_03145_no_sa_t1.jpg,train/no_tumor/brisc2025_train_03438_no_sa_t1.jpg,2755a199a213eb5c11fdea0891d60f1a5402ba2e6526ccb3ef427b5dacb087b3,fc26854ec88bcea85f730214fc015e269515cfc7edd7719e53b1ee84aefc6a49,4,False,False,False,,,,True,False,3_within_split,train/no_tumor/brisc2025_train_03438_no_sa_t1.jpg,532
train/no_tumor/brisc2025_train_03164_no_sa_t1.jpg,train/no_tumor/brisc2025_train_03444_no_sa_t1.jpg,acfa7e42dbef3cb5965be0362f180af3f513ca01cf32dedc749e4b58620876ef,cd00dcb62937e1ecb8c1f617eca7cff1137e0e00ca60bd0ba1050bb0ad1b82ed,4,False,False,False,,,,True,False,3_within_split,train/no_tumor/brisc2025_train_03444_no_sa_t1.jpg,534
train/no_tumor/brisc2025_train_03180_no_sa_t1.jpg,train/no_tumor/brisc2025_train_03436_no_sa_t1.jpg,1e9f590b2b236ddb7853573bb8bb5a4e46f8f0d632ba914e943d76237dbe1da3,cf445399fc5b1f55d4d2badd76d8c7a489d2576e17eba844b38b7d32f5ff87e8,4,False,False,False,,,,True,False,3_within_split,train/no_tumor/brisc2025_train_03436_no_sa_t1.jpg,535
train/no_tumor/brisc2025_train_03192_no_sa_t1.jpg,train/no_tumor/brisc2025_train_03397_no_sa_t1.jpg,4195e2e3751f530c7fe7dc227edb8ea9490a888cf6b9de7bdae637f23fe544c2,7751e18bd5e832daccec3fdd0413fdaa378c6c7211245c8f7cb49abe66b15b67,4,False,False,False,,,,True,False,3_within_split,train/no_tumor/brisc2025_train_03397_no_sa_t1.jpg,536
train/no_tumor/brisc2025_train_03194_no_sa_t1.jpg,train/no_tumor/brisc2025_train_03425_no_sa_t1.jpg,67c36af24eb7c59d92b2074053e8dc00c58035dd3e33bfb8105c4bacbd93ab6b,b1b4a6a7d117a0883deb51799d39dc4d1a7d0ff79431615a56d9898aa82a4fb1,4,False,False,False,,,,True,False,3_within_split,train/no_tumor/brisc2025_train_03425_no_sa_t1.jpg,537
train/no_tumor/brisc2025_train_03195_no_sa_t1.jpg,train/no_tumor/brisc2025_train_03434_no_sa_t1.jpg,3580c72314927d6d413193730a62ed5b1a96d7683bbc2f4f816be96f7e432d2d,bee3ee10c8e89efec77b0b67937bf63d5d0db9d20ef54d5ac62576443df9aae2,4,False,False,False,,,,True,False,3_within_split,train/no_tumor/brisc2025_train_03434_no_sa_t1.jpg,538
train/no_tumor/brisc2025_train_03206_no_sa_t1.jpg,train/no_tumor/brisc2025_train_03411_no_sa_t1.jpg,890d3429ac2ca9ae430c2dba0fe69a2d71c3e83142fe6bd26eb5673606653a2a,96f61fc1c25dd3de8b5219419df8760459e83e1e95c1edcf92faea1aa50e50c8,4,False,False,False,,,,True,False,3_within_split,train/no_tumor/brisc2025_train_03411_no_sa_t1.jpg,539
train/no_tumor/brisc2025_train_03209_no_sa_t1.jpg,train/no_tumor/brisc2025_train_03403_no_sa_t1.jpg,13428096287ef5be0a2d820353b32419e2a988cf8c9208165e5293fc7f63e718,61a8fe11bda543db67745df440e75e4249fac8c80e8499973b7cbb7b9538926f,4,False,False,False,,,,True,False,3_within_split,train/no_tumor/brisc2025_train_03403_no_sa_t1.jpg,541
train/no_tumor/brisc2025_train_03215_no_sa_t1.jpg,train/no_tumor/brisc2025_train_03408_no_sa_t1.jpg,5000d89f785814338e28c6dacae57236326675ab4e6d01e8f543b28a3f9f8dcc,bda6a409d74487b4e45a4ab162d6090dcc99bf691f0d8276b5e3220cdfda45b6,4,False,False,False,,,,True,False,3_within_split,train/no_tumor/brisc2025_train_03408_no_sa_t1.jpg,543
train/no_tumor/brisc2025_train_03221_no_sa_t1.jpg,train/no_tumor/brisc2025_train_03232_no_sa_t1.jpg,d5faae71536ba527bd00764a049b513bdfb661c27821d7fce8039bbc8aae5ba0,ed6d07ae4318ff96cfae6829d3cfc4eb822ea620725b5066fd73bc0ddba61f2f,4,False,False,False,,,,True,False,3_within_split,train/no_tumor/brisc2025_train_03232_no_sa_t1.jpg,545
train/no_tumor/brisc2025_train_03221_no_sa_t1.jpg,train/no_tumor/brisc2025_train_03375_no_sa_t1.jpg,d5faae71536ba527bd00764a049b513bdfb661c27821d7fce8039bbc8aae5ba0,b9e8835ad35e0d5243c5241eabf6274c30c9e892fc5540676205ae9013e1bb11,4,False,False,False,,,,True,False,3_within_split,train/no_tumor/brisc2025_train_03375_no_sa_t1.jpg,545
train/no_tumor/brisc2025_train_03229_no_sa_t1.jpg,train/no_tumor/brisc2025_train_03252_no_sa_t1.jpg,f6737b395fccdbe1ac2b0d67d5d2769984c384abc52346059f48a43489d1a9d8,84701350eb445a412d5a952d2a07aea079bcdbe052adb7682e22ce9c9b227574,4,False,False,False,,,,True,False,3_within_split,train/no_tumor/brisc2025_train_03252_no_sa_t1.jpg,547
train/no_tumor/brisc2025_train_03232_no_sa_t1.jpg,train/no_tumor/brisc2025_train_03375_no_sa_t1.jpg,ed6d07ae4318ff96cfae6829d3cfc4eb822ea620725b5066fd73bc0ddba61f2f,b9e8835ad35e0d5243c5241eabf6274c30c9e892fc5540676205ae9013e1bb11,4,False,False,False,,,,True,False,3_within_split,,545
train/no_tumor/brisc2025_train_03234_no_sa_t1.jpg,train/no_tumor/brisc2025_train_03247_no_sa_t1.jpg,adbe3d88e5d3ce98194b321ff212c10e70783148f5045809b439e817458db3d2,6a434572e902a11468194e6e4174d3f765d7b3372dce65f4de916e039781f139,4,False,False,False,,,,True,False,3_within_split,train/no_tumor/brisc2025_train_03247_no_sa_t1.jpg,548
train/no_tumor/brisc2025_train_03234_no_sa_t1.jpg,train/no_tumor/brisc2025_train_03331_no_sa_t1.jpg,adbe3d88e5d3ce98194b321ff212c10e70783148f5045809b439e817458db3d2,43e7c80bc3432ef81a2ff507cfbc32fa11ba5a691dba2a9867c02d0d2648077c,4,False,False,False,,,,True,False,3_within_split,train/no_tumor/brisc2025_train_03331_no_sa_t1.jpg,548
train/no_tumor/brisc2025_train_03237_no_sa_t1.jpg,train/no_tumor/brisc2025_train_03381_no_sa_t1.jpg,887cf6819ba3f0a2b89e8ed6c05da989423db10d69e15fc6d34a8395e97c0456,6c8f836d4ff1f42f4cc1ffa73a17473cc99189009a66b8adae47b3ce5e4d80b7,4,False,False,False,,,,True,False,3_within_split,train/no_tumor/brisc2025_train_03381_no_sa_t1.jpg,549
train/no_tumor/brisc2025_train_03249_no_sa_t1.jpg,train/no_tumor/brisc2025_train_03377_no_sa_t1.jpg,6c45ecb86422481b57ed7b24a5de7f1853eddfbb3aa2602049a8842863f110b9,dd088e3e2e74dadbcfe99e7d860651801a1c9b33337948241405e00d0baf7cae,4,False,False,False,,,,True,False,3_within_split,,550
train/no_tumor/brisc2025_train_03264_no_sa_t1.jpg,train/no_tumor/brisc2025_train_03325_no_sa_t1.jpg,811a15f7bdba9cbf445124e887417d3e8a6e6efdc58fbae42f4e375cfa9ec93a,ff9ffc8cd35f306b5ff008f731d45bb3a159f324775d830a4c0ebf80c2deb978,4,False,False,False,,,,True,False,3_within_split,train/no_tumor/brisc2025_train_03325_no_sa_t1.jpg,552
train/no_tumor/brisc2025_train_03268_no_sa_t1.jpg,train/no_tumor/brisc2025_train_03312_no_sa_t1.jpg,456226d562bba0281c882759d6046ab543c262f1392bae1c391ce99250f785cf,e870601c6858d99bd77c6114edd3abe8158d696ea2a3c382319ba6d8e657718d,4,False,False,False,,,,True,False,3_within_split,train/no_tumor/brisc2025_train_03312_no_sa_t1.jpg,553
train/no_tumor/brisc2025_train_03270_no_sa_t1.jpg,train/no_tumor/brisc2025_train_03326_no_sa_t1.jpg,d38522ed2a3ba4e283439fa3904737e299adcb29889da4186a210c7fc438a089,4055f170a4050d34881460693e09ea94b45f94b97c614f1c9baba783ee6f02a3,4,False,False,False,,,,True,False,3_within_split,train/no_tumor/brisc2025_train_03326_no_sa_t1.jpg,554
train/no_tumor/brisc2025_train_03273_no_sa_t1.jpg,train/no_tumor/brisc2025_train_03308_no_sa_t1.jpg,646c4616c4d71b8949ab2ddcaa9d9e3cfd32ca865551cb1e7bfc7b58a11dae54,6d0e9da563e9aa3cd32144962398c16e502a90dd957ba1709e66e5d3d18451d4,4,False,False,False,,,,True,False,3_within_split,train/no_tumor/brisc2025_train_03308_no_sa_t1.jpg,555
train/no_tumor/brisc2025_train_03283_no_sa_t1.jpg,train/no_tumor/brisc2025_train_03325_no_sa_t1.jpg,456144a15aacebd34ae2f5e33efc3f47257d3cb11d60bd8ceefc345e341ec2d7,ff9ffc8cd35f306b5ff008f731d45bb3a159f324775d830a4c0ebf80c2deb978,4,False,False,False,,,,True,False,3_within_split,,552
train/no_tumor/brisc2025_train_03284_no_sa_t1.jpg,train/no_tumor/brisc2025_train_03303_no_sa_t1.jpg,1f09f6ae9717892cb63532211ad5b4395bcf26e73cd7bddce5c4daa8d7f9c4a7,e63f41eeb08ca59f84d755441792267d2d68cc84c49fa7a66c047188bf623708,4,False,False,False,,,,True,False,3_within_split,train/no_tumor/brisc2025_train_03303_no_sa_t1.jpg,558
train/no_tumor/brisc2025_train_03284_no_sa_t1.jpg,train/no_tumor/brisc2025_train_03323_no_sa_t1.jpg,1f09f6ae9717892cb63532211ad5b4395bcf26e73cd7bddce5c4daa8d7f9c4a7,02c7031e40a28ba11c8d29c649e1cd3e4ac0fcf66bb7f3579a355b028e8e52c4,4,False,False,False,,,,True,False,3_within_split,train/no_tumor/brisc2025_train_03323_no_sa_t1.jpg,558
train/no_tumor/brisc2025_train_03293_no_sa_t1.jpg,train/no_tumor/brisc2025_train_03308_no_sa_t1.jpg,7da007eb0f8c375219b868a25ad240a98aec7ca726006b3fc6717c8592fcbd88,6d0e9da563e9aa3cd32144962398c16e502a90dd957ba1709e66e5d3d18451d4,4,False,False,False,,,,True,False,3_within_split,,555
train/no_tumor/brisc2025_train_03316_no_sa_t1.jpg,train/no_tumor/brisc2025_train_03330_no_sa_t1.jpg,becbdbf5dbf2e1e7fc5bde90b87a045be22e1bc80a64d10365e980d65eb367fe,5477ed738ebcfb2ccf1dd8411d9bac42b178e21fdc92f99fe09c8724a56c8cca,4,False,False,False,,,,True,False,3_within_split,train/no_tumor/brisc2025_train_03330_no_sa_t1.jpg,561
train/no_tumor/brisc2025_train_03326_no_sa_t1.jpg,train/no_tumor/brisc2025_train_03345_no_sa_t1.jpg,4055f170a4050d34881460693e09ea94b45f94b97c614f1c9baba783ee6f02a3,59e4d2dea4b42b6722d9144289c8c9a37b5f5edb401ea749ea31d4213abb67de,4,False,False,False,,,,True,False,3_within_split,,554
train/no_tumor/brisc2025_train_03399_no_sa_t1.jpg,train/no_tumor/brisc2025_train_03403_no_sa_t1.jpg,a7aa2dfcd04a719e77bc3109b483ab3f43aa8b1f6e6f63e74a6e8ae3d404a311,61a8fe11bda543db67745df440e75e4249fac8c80e8499973b7cbb7b9538926f,4,False,False,False,,,,True,False,3_within_split,,541
train/no_tumor/brisc2025_train_03475_no_sa_t1.jpg,train/no_tumor/brisc2025_train_03537_no_sa_t1.jpg,092a6997f62fdbaa2bc49469a827ef799ebd70cc75d1b0bf8466c5054241905b,38525e31694d8b793bb5b6d5610a2e577f8e0238e62cc536464546b4d84f5b40,4,False,False,False,,,,False,False,3_within_split,train/no_tumor/brisc2025_train_03537_no_sa_t1.jpg,569
train/no_tumor/brisc2025_train_03487_no_sa_t1.jpg,train/no_tumor/brisc2025_train_03537_no_sa_t1.jpg,092a6997f62fdbaa2bc49469a827ef799ebd70cc75d1b0bf8466c5054241905b,38525e31694d8b793bb5b6d5610a2e577f8e0238e62cc536464546b4d84f5b40,4,False,False,False,,,,False,False,3_within_split,,569
train/pituitary/brisc2025_train_03545_pi_ax_t1.jpg,train/pituitary/brisc2025_train_03546_pi_ax_t1.jpg,0abe2a79782500fc6ec3c7082e46f7dd7da4725e87d71a3c86440525ce0e5cde,6e8cc16bea89eef62eff38a84cc6cfabab1804172a48eb9e9a8a7844e68ba50b,4,False,False,False,,,,True,False,3_within_split,train/pituitary/brisc2025_train_03546_pi_ax_t1.jpg,574
train/pituitary/brisc2025_train_03560_pi_ax_t1.jpg,train/pituitary/brisc2025_train_03561_pi_ax_t1.jpg,3434bfe5604d8dd0e0aad8e50b1a42b378b9b31e4e68a3988e22566d8a9f16da,fa722d489855c3b86aee183ec10619a5fb285ea210b7b212de43a8e6ee4a290f,4,False,False,False,,,,True,False,3_within_split,train/pituitary/brisc2025_train_03561_pi_ax_t1.jpg,575
train/pituitary/brisc2025_train_03565_pi_ax_t1.jpg,train/pituitary/brisc2025_train_03567_pi_ax_t1.jpg,7d109cc2426e2c693af7ec965469b69ec937b9fbd0f8dfe65d5d3a043b44fc69,b8a43367bff395d122fb645791fb48ca6d0f3331c268aa7898112e9a6397b48c,4,False,False,False,,,,True,False,3_within_split,train/pituitary/brisc2025_train_03567_pi_ax_t1.jpg,576
train/pituitary/brisc2025_train_03569_pi_ax_t1.jpg,train/pituitary/brisc2025_train_03573_pi_ax_t1.jpg,ae66ce1452794fc155029d727f963f52420072b22335b5543a28073770c07a57,a2144642197a1bc3b518f775a50406a704f36937d357c0384c3b9e000b859a3e,4,False,False,False,,,,True,False,3_within_split,train/pituitary/brisc2025_train_03573_pi_ax_t1.jpg,578
train/pituitary/brisc2025_train_03588_pi_ax_t1.jpg,train/pituitary/brisc2025_train_03589_pi_ax_t1.jpg,174fe12e5c249b8c43b4fc1ef2930311380ca961f077581433b26279a1b1aeb2,ca1bc7dc7e5c20459779884e37f46b44e365a7c99a3dad494a72d36e97dd62bb,4,False,False,False,,,,True,False,3_within_split,train/pituitary/brisc2025_train_03589_pi_ax_t1.jpg,579
train/pituitary/brisc2025_train_03590_pi_ax_t1.jpg,train/pituitary/brisc2025_train_03591_pi_ax_t1.jpg,8de9bf73b9a2a5ea5df336195b0b1da7a75b56d63b436466a10fa285fbfc10e9,afb255c2742ac9f946ae3cdcf90d5a235999d10a76a9ea0f73d34b894424abff,4,False,False,False,,,,True,False,3_within_split,train/pituitary/brisc2025_train_03591_pi_ax_t1.jpg,580
train/pituitary/brisc2025_train_03599_pi_ax_t1.jpg,train/pituitary/brisc2025_train_03601_pi_ax_t1.jpg,5e066539936f4693c92f1b465478dc6fd5182c2b477f3b1fd5be4bbfa63f6376,1ddc5ccc4a192592b15e96d23e5bc20536915b59931a6e87b0fa629b9f24225e,4,False,False,False,,,,True,False,3_within_split,train/pituitary/brisc2025_train_03601_pi_ax_t1.jpg,581
train/pituitary/brisc2025_train_03603_pi_ax_t1.jpg,train/pituitary/brisc2025_train_03604_pi_ax_t1.jpg,fe8493e02fe3f88f19e3849671cdfd86a8143d6cc467c0a969070c77007b03b1,0b3f6def454efcb1fd21b5a0bbb0edab25e75a482253408e17c16c946a5bfc15,4,False,False,False,,,,True,False,3_within_split,train/pituitary/brisc2025_train_03604_pi_ax_t1.jpg,582
train/pituitary/brisc2025_train_03609_pi_ax_t1.jpg,train/pituitary/brisc2025_train_03610_pi_ax_t1.jpg,53a7cc5a84fc54cccda7288d9c89c6d3beff638273ce61c3dd6fef8ccec9df2d,d60ecf5a2ea3fe4315dbf40a023dc838c66ae07266b3ab49be8beeb3733cd326,4,False,False,False,,,,True,False,3_within_split,,211
train/pituitary/brisc2025_train_03611_pi_ax_t1.jpg,train/pituitary/brisc2025_train_03612_pi_ax_t1.jpg,cfe4ad7e1504a741c8a20e7c0006b41a2e5d2b4c29051f41c191f17533921f2d,c2eb40de407cccb68b425748f0fabae16ecd3745ff2f53b5f4b2367756b3fb49,4,False,False,False,,,,True,False,3_within_split,train/pituitary/brisc2025_train_03612_pi_ax_t1.jpg,583
train/pituitary/brisc2025_train_03611_pi_ax_t1.jpg,train/pituitary/brisc2025_train_03613_pi_ax_t1.jpg,cfe4ad7e1504a741c8a20e7c0006b41a2e5d2b4c29051f41c191f17533921f2d,3062d3f70457960af8eda0728849b1747050d5fc4321feb7d87ad7ab6628fe7d,4,False,False,False,,,,True,False,3_within_split,train/pituitary/brisc2025_train_03613_pi_ax_t1.jpg,583
train/pituitary/brisc2025_train_03615_pi_ax_t1.jpg,train/pituitary/brisc2025_train_03616_pi_ax_t1.jpg,066b191d32c41e3832b347ae5fdb6f6930eb69e58caf500d67fd164a4becb04a,8745f0b4f86500b2bef12d10d47b2b24b95f25277cfdf17119de91efa1d35bb9,4,False,False,False,,,,True,False,3_within_split,train/pituitary/brisc2025_train_03616_pi_ax_t1.jpg,584
train/pituitary/brisc2025_train_03626_pi_ax_t1.jpg,train/pituitary/brisc2025_train_03627_pi_ax_t1.jpg,0e83f73c27a75d6063ff2ce1d0608e483eb67c67a2245240f0d0b462ebc4265a,677ad07d344037fc8c15eb5eee7dee8b6fd3c82750c3a6f053488c836c1a887e,4,False,False,False,,,,True,False,3_within_split,train/pituitary/brisc2025_train_03627_pi_ax_t1.jpg,585
train/pituitary/brisc2025_train_03634_pi_ax_t1.jpg,train/pituitary/brisc2025_train_03635_pi_ax_t1.jpg,0d50d81e9b33e55e1edb0caf63b7285a7abdc8aa5c35fbd097eb82b6b248f23a,8101c9db813f501b561195e9baf1324c1b736c44df5499b8c223b25030b7970d,4,False,False,False,,,,True,False,3_within_split,train/pituitary/brisc2025_train_03635_pi_ax_t1.jpg,213
train/pituitary/brisc2025_train_03652_pi_ax_t1.jpg,train/pituitary/brisc2025_train_03708_pi_ax_t1.jpg,e9ccc36ccdbefa5fb2d05b38469d98e77aea14e7a4a7a35c6e45896cd27bfab8,657b5eb0159551118c02c1de4d0fb3e5a27eecda0dae57ec5059419d70259d51,4,False,False,False,,,,True,False,3_within_split,train/pituitary/brisc2025_train_03708_pi_ax_t1.jpg,586
train/pituitary/brisc2025_train_03657_pi_ax_t1.jpg,train/pituitary/brisc2025_train_03658_pi_ax_t1.jpg,39d9807c2c27d1d392583549d3b8621de14748bf20bf632a34b1177423d0164b,8d301a1109a04cb3844e786c5d7c81a31ae2548129d71cb85db96063a3cada50,4,False,False,False,,,,True,False,3_within_split,train/pituitary/brisc2025_train_03658_pi_ax_t1.jpg,587
train/pituitary/brisc2025_train_03665_pi_ax_t1.jpg,train/pituitary/brisc2025_train_03666_pi_ax_t1.jpg,42db2d21b9b9975cfeecb9273a2e926dfb3228aaabf2db98983f0ead1148df8d,d99fba18f58e2098cc9332ef713d98c1ef093264dfa46971c361abc69649b5d1,4,False,False,False,,,,True,False,3_within_split,train/pituitary/brisc2025_train_03666_pi_ax_t1.jpg,588
train/pituitary/brisc2025_train_03666_pi_ax_t1.jpg,train/pituitary/brisc2025_train_03667_pi_ax_t1.jpg,d99fba18f58e2098cc9332ef713d98c1ef093264dfa46971c361abc69649b5d1,9effc73b7c67b23cd1d1e5f55cebb5d910ce0e8a2bbad83afacf23d4b9487f94,4,False,False,False,,,,True,False,3_within_split,,588
train/pituitary/brisc2025_train_03678_pi_ax_t1.jpg,train/pituitary/brisc2025_train_03679_pi_ax_t1.jpg,933dabb7739d807944d505fe002b4bfa403e430f0f6edcd2df16846d072dfa9b,12a9ad0b17210155f4e554d072e20338e2066628685a42462c1b607b517c2dfa,4,False,False,False,,,,True,False,3_within_split,train/pituitary/brisc2025_train_03679_pi_ax_t1.jpg,590
train/pituitary/brisc2025_train_03679_pi_ax_t1.jpg,train/pituitary/brisc2025_train_03680_pi_ax_t1.jpg,12a9ad0b17210155f4e554d072e20338e2066628685a42462c1b607b517c2dfa,ce3f714e32bee416a61d22812a46f93a875a6c3022dac9d33160b950128675c9,4,False,False,False,,,,True,False,3_within_split,,590
train/pituitary/brisc2025_train_03681_pi_ax_t1.jpg,train/pituitary/brisc2025_train_03682_pi_ax_t1.jpg,14fa61b19d2bae5ad6145a7a6bec82cfe4ad2ed5660ca0f5b47eec2b788ef51b,7146eb3c3870bc861fce28c098680e794b381d30cecc282acaedd508da2dbd51,4,False,False,False,,,,True,False,3_within_split,train/pituitary/brisc2025_train_03682_pi_ax_t1.jpg,215
train/pituitary/brisc2025_train_03681_pi_ax_t1.jpg,train/pituitary/brisc2025_train_03683_pi_ax_t1.jpg,14fa61b19d2bae5ad6145a7a6bec82cfe4ad2ed5660ca0f5b47eec2b788ef51b,b2832fb6c2ccdc84d802a60fc2feeb8e19096149b4e9ddb59431baccc16716d2,4,False,False,False,,,,True,False,3_within_split,train/pituitary/brisc2025_train_03683_pi_ax_t1.jpg,215
train/pituitary/brisc2025_train_03682_pi_ax_t1.jpg,train/pituitary/brisc2025_train_03683_pi_ax_t1.jpg,7146eb3c3870bc861fce28c098680e794b381d30cecc282acaedd508da2dbd51,b2832fb6c2ccdc84d802a60fc2feeb8e19096149b4e9ddb59431baccc16716d2,4,False,False,False,,,,True,False,3_within_split,,215
train/pituitary/brisc2025_train_03684_pi_ax_t1.jpg,train/pituitary/brisc2025_train_03685_pi_ax_t1.jpg,e3632c3db28f34854cc5cdccb42da8fa98e8207ea5449cea36acffa8aa1a245d,01b8c3e1318e688ffb4aa4d83b3ff6aebfffb0b85a00d30589cf8eff2903705f,4,False,False,False,,,,True,False,3_within_split,train/pituitary/brisc2025_train_03685_pi_ax_t1.jpg,216
train/pituitary/brisc2025_train_03718_pi_ax_t1.jpg,train/pituitary/brisc2025_train_03719_pi_ax_t1.jpg,c05038db76c2c74d59e5616fab4046b4229d29c9e0cc9dc78e49e1b92a1a9af3,ed89b4c4359e5d632f1a783f8c4fe0786edd224c2bb0d86a908ba028a935b633,4,False,False,False,,,,True,False,3_within_split,train/pituitary/brisc2025_train_03719_pi_ax_t1.jpg,219
train/pituitary/brisc2025_train_03719_pi_ax_t1.jpg,train/pituitary/brisc2025_train_03720_pi_ax_t1.jpg,ed89b4c4359e5d632f1a783f8c4fe0786edd224c2bb0d86a908ba028a935b633,6e35b3f86f547e5cd9f4f08492279a467cfb9f45d699112b4eff8f7bed1a35e3,4,False,False,False,,,,True,False,3_within_split,,219
train/pituitary/brisc2025_train_03719_pi_ax_t1.jpg,train/pituitary/brisc2025_train_03911_pi_ax_t1.jpg,ed89b4c4359e5d632f1a783f8c4fe0786edd224c2bb0d86a908ba028a935b633,438defb4c047bb4d1a4029e0a1d06c1d81c587f6f2c170dc6d3037d3ddd54640,4,False,False,False,,,,True,False,3_within_split,,219
train/pituitary/brisc2025_train_03723_pi_ax_t1.jpg,train/pituitary/brisc2025_train_03724_pi_ax_t1.jpg,53b899408d8068fd71e574ff4b61b547572668c74f53f888c042983148f5b5d6,934b52967d00fb73284336ff980fd9af7cc910f35faab92e67562b3bd4705d18,4,False,False,False,,,,True,False,3_within_split,train/pituitary/brisc2025_train_03724_pi_ax_t1.jpg,221
train/pituitary/brisc2025_train_03744_pi_ax_t1.jpg,train/pituitary/brisc2025_train_03745_pi_ax_t1.jpg,b85b0f35fd606fd6d98280f06500206ebc9038bad3e88f23965a036a0812e685,016b7ee664644ef3718bb33f63ec7e3d8fe9e8e625512ffe11c6ab73cb441494,4,False,False,False,,,,True,False,3_within_split,train/pituitary/brisc2025_train_03745_pi_ax_t1.jpg,223
train/pituitary/brisc2025_train_03745_pi_ax_t1.jpg,train/pituitary/brisc2025_train_03746_pi_ax_t1.jpg,016b7ee664644ef3718bb33f63ec7e3d8fe9e8e625512ffe11c6ab73cb441494,676b8ece5576809886faaac26dba4160774c826c8d0adecbb41d42d74f281756,4,False,False,False,,,,True,False,3_within_split,,223
train/pituitary/brisc2025_train_03747_pi_ax_t1.jpg,train/pituitary/brisc2025_train_03748_pi_ax_t1.jpg,bd2e33ff80b87f138376b082bf11ca8d8ea36d9cb1475881d40f2601b7751809,5770383cf5e78f38c754c3b6c008762876870a649411597b947cdedfd6e74694,4,False,False,False,,,,True,False,3_within_split,train/pituitary/brisc2025_train_03748_pi_ax_t1.jpg,592
train/pituitary/brisc2025_train_03754_pi_ax_t1.jpg,train/pituitary/brisc2025_train_03755_pi_ax_t1.jpg,761943775874081c3c78264789fab68bf482f2dcc74fe40e1db47d28f7dedd6b,2388416bf23a568115d8c48110c1d82626ece27b4fc8ef125c48dfd53207e69d,4,False,False,False,,,,True,False,3_within_split,train/pituitary/brisc2025_train_03755_pi_ax_t1.jpg,593
train/pituitary/brisc2025_train_03761_pi_ax_t1.jpg,train/pituitary/brisc2025_train_03762_pi_ax_t1.jpg,548cd5125beed486e139de3634db4dcf23c321d48b5ccd7c40513db4f009278f,866daaf8eb6f40b5007d37f96c47510876674603048185d5bdf4e19b0dd45da1,4,False,False,False,,,,True,False,3_within_split,train/pituitary/brisc2025_train_03762_pi_ax_t1.jpg,594
train/pituitary/brisc2025_train_03771_pi_ax_t1.jpg,train/pituitary/brisc2025_train_03772_pi_ax_t1.jpg,19ff858279ad5e5fc13995a694954ebc16bc5b0c5d9c555e96e6920f27b51272,e4c5a117ef28935711f03fb9654718ac8d6d5295eee215a746fdbefa021cc8f1,4,False,False,False,,,,True,False,3_within_split,train/pituitary/brisc2025_train_03772_pi_ax_t1.jpg,595
train/pituitary/brisc2025_train_03775_pi_ax_t1.jpg,train/pituitary/brisc2025_train_03776_pi_ax_t1.jpg,de55d290aae472fd5c06abba6ad5ba789b5d87f422b682e5e6eaaa4ca7c8f716,4d62d91117fc65fae4dc320473a8874037689c9a8be50cd227f9443b914398b8,4,False,False,False,,,,True,False,3_within_split,train/pituitary/brisc2025_train_03776_pi_ax_t1.jpg,227
train/pituitary/brisc2025_train_03776_pi_ax_t1.jpg,train/pituitary/brisc2025_train_03777_pi_ax_t1.jpg,4d62d91117fc65fae4dc320473a8874037689c9a8be50cd227f9443b914398b8,bee4bd665ca935bbbb9f3cd0540b4b6f77e47f61f37cf76de303600cd5c4a3e0,4,False,False,False,,,,True,False,3_within_split,,227
train/pituitary/brisc2025_train_03802_pi_ax_t1.jpg,train/pituitary/brisc2025_train_03803_pi_ax_t1.jpg,da51f7b055ccab4ca496e94860db20edcc7dad22563851b13a7eab56b411d259,8420bb8691ff6db60d9cfa6ebe52eb887908f686515e3e261c7f26c132949005,4,False,False,False,,,,True,False,3_within_split,train/pituitary/brisc2025_train_03803_pi_ax_t1.jpg,232
train/pituitary/brisc2025_train_03805_pi_ax_t1.jpg,train/pituitary/brisc2025_train_03806_pi_ax_t1.jpg,ba39b457e101851b31300eb8c347a96c52b5d269c6b680187c63d09f8cff819e,4f1b9f668d6871413be23b3c53d80ae2b830fa6db2b033c34a2478940520f2e0,4,False,False,False,,,,True,False,3_within_split,train/pituitary/brisc2025_train_03806_pi_ax_t1.jpg,596
train/pituitary/brisc2025_train_03806_pi_ax_t1.jpg,train/pituitary/brisc2025_train_03807_pi_ax_t1.jpg,4f1b9f668d6871413be23b3c53d80ae2b830fa6db2b033c34a2478940520f2e0,36ae31f0ee0de7f7b50e3b77fde7bf81a67b3c5830824e988de1e173104f98df,4,False,False,False,,,,True,False,3_within_split,,596
train/pituitary/brisc2025_train_03812_pi_ax_t1.jpg,train/pituitary/brisc2025_train_03813_pi_ax_t1.jpg,22e3ca67aaf4ddfa9bc4edcbd1a18168d142af2c2dfb83bc420e0d7966554620,9cc4098042fe29d03fcd577f2f0de873875cf10caaa6a0d07ffac0d682ceb83e,4,False,False,False,,,,True,False,3_within_split,train/pituitary/brisc2025_train_03813_pi_ax_t1.jpg,597
train/pituitary/brisc2025_train_03814_pi_ax_t1.jpg,train/pituitary/brisc2025_train_03815_pi_ax_t1.jpg,a3cfad8a47b6c8c3aca6a2b4421a8ee81382a7aeff0002fc49bb562ce06250c3,8d069b9ea9fc37e000d8a854e5fbe845cb5feee0884179f961a07b536fbb62aa,4,False,False,False,,,,True,False,3_within_split,train/pituitary/brisc2025_train_03815_pi_ax_t1.jpg,234
train/pituitary/brisc2025_train_03815_pi_ax_t1.jpg,train/pituitary/brisc2025_train_03816_pi_ax_t1.jpg,8d069b9ea9fc37e000d8a854e5fbe845cb5feee0884179f961a07b536fbb62aa,c236714d558942b424ad540d445ff8a24a10a23a1d427c3884b315daacfe8d45,4,False,False,False,,,,True,False,3_within_split,,234
train/pituitary/brisc2025_train_03839_pi_ax_t1.jpg,train/pituitary/brisc2025_train_03841_pi_ax_t1.jpg,733c45d0ec6220baa6579657de738fa1d25d62ef2c726cb537082563a9bd0ac8,0e765056f1a35344471cd0ccbd3e957daf6ea9930e00c95a2a37d2ef75368dc6,4,False,False,False,,,,True,False,3_within_split,train/pituitary/brisc2025_train_03841_pi_ax_t1.jpg,598
train/pituitary/brisc2025_train_03840_pi_ax_t1.jpg,train/pituitary/brisc2025_train_03847_pi_ax_t1.jpg,a1da7746214388cd5cd0ba3867290eafa53c943159a3dcadf51a55557fcc182c,0bc139e82d0149d570f4742ea81325af95b8b89130bcd29fb770a707f4347800,4,False,False,False,,,,True,False,3_within_split,train/pituitary/brisc2025_train_03847_pi_ax_t1.jpg,229
train/pituitary/brisc2025_train_03842_pi_ax_t1.jpg,train/pituitary/brisc2025_train_03843_pi_ax_t1.jpg,9d1436bd2db72d6b415d2e50ef22fcbfa942684931cb82da1aa43d23e6b2fbb5,1f8c2c1822033def299a6d7d22119834321b28a926a87712aab5bbd8bd6f69d1,4,False,False,False,,,,True,False,3_within_split,train/pituitary/brisc2025_train_03843_pi_ax_t1.jpg,599
train/pituitary/brisc2025_train_03843_pi_ax_t1.jpg,train/pituitary/brisc2025_train_03844_pi_ax_t1.jpg,1f8c2c1822033def299a6d7d22119834321b28a926a87712aab5bbd8bd6f69d1,4a356a4bebeae83bdca7414ea9cbe9e1539c8e2151f49838d05c2cad1378b47d,4,False,False,False,,,,True,False,3_within_split,,599
train/pituitary/brisc2025_train_03845_pi_ax_t1.jpg,train/pituitary/brisc2025_train_03846_pi_ax_t1.jpg,1fa4832f992ad72fab13a481f6cbccfa6e67daf32af33677bd05ade98158d412,6bad9b8efe753dc2f50c0b40fbb9344c80f1ec5e442f37728f8a8b4af5ecccf0,4,False,False,False,,,,True,False,3_within_split,train/pituitary/brisc2025_train_03846_pi_ax_t1.jpg,237
train/pituitary/brisc2025_train_03868_pi_ax_t1.jpg,train/pituitary/brisc2025_train_03876_pi_ax_t1.jpg,768d64dc5b61020b045cc30f7ce4e0d9b082266472c226296da6c875696400e2,b5eca169ad1834fdbf50d5dfe169c73a0919a2dcc135973acd9a1134a0f67c25,4,False,False,False,,,,True,False,3_within_split,train/pituitary/brisc2025_train_03876_pi_ax_t1.jpg,601
train/pituitary/brisc2025_train_03881_pi_ax_t1.jpg,train/pituitary/brisc2025_train_03882_pi_ax_t1.jpg,185d4d9ad36cbbdbc7b6b70977c6975b9a9cec691225d6798868fa99e0bcc6b6,8a2d9f79cbfec824d28ad0dbd96c99aa23cce5ffa048474b9570580e8547dc6c,4,False,False,False,,,,True,False,3_within_split,train/pituitary/brisc2025_train_03882_pi_ax_t1.jpg,602
train/pituitary/brisc2025_train_03891_pi_ax_t1.jpg,train/pituitary/brisc2025_train_03893_pi_ax_t1.jpg,43da52f9e710014ebc7ed4fab024fd60c834c24cfe9977c4c7a63126639abff1,8b9d40c509a34092e1c67534987a68f2c1f95bd46c13cdfde94132769d3eccb8,4,False,False,False,,,,True,False,3_within_split,train/pituitary/brisc2025_train_03893_pi_ax_t1.jpg,603
train/pituitary/brisc2025_train_03907_pi_ax_t1.jpg,train/pituitary/brisc2025_train_03908_pi_ax_t1.jpg,935acfca74b11ceec67d26a4661ad764b4d32ec30b07fa25d69e208e10e3fa84,801de7cd53c3b4590bd04cfa9cb71275262e2ae32f420fb85aefd2559f185c6f,4,False,False,False,,,,True,False,3_within_split,train/pituitary/brisc2025_train_03908_pi_ax_t1.jpg,604
train/pituitary/brisc2025_train_03911_pi_ax_t1.jpg,train/pituitary/brisc2025_train_03912_pi_ax_t1.jpg,438defb4c047bb4d1a4029e0a1d06c1d81c587f6f2c170dc6d3037d3ddd54640,7a3964761e1ce5edfdf6e169b8eb758ca57fa331c0c0290cb888081fb586705a,4,False,False,False,,,,True,False,3_within_split,train/pituitary/brisc2025_train_03912_pi_ax_t1.jpg,219
train/pituitary/brisc2025_train_03916_pi_ax_t1.jpg,train/pituitary/brisc2025_train_03917_pi_ax_t1.jpg,2cfdbb9ec9817e1c3d082e05bafbda873564cd306a497c5d766ffe5ce0ed1f57,699323cdaed52de139183980d96ddb55e87d6b92495de9b3b8895ad14625f9c9,4,False,False,False,,,,True,False,3_within_split,train/pituitary/brisc2025_train_03917_pi_ax_t1.jpg,242
train/pituitary/brisc2025_train_03917_pi_ax_t1.jpg,train/pituitary/brisc2025_train_03918_pi_ax_t1.jpg,699323cdaed52de139183980d96ddb55e87d6b92495de9b3b8895ad14625f9c9,5aa00eb43b76989355553eb41ad34e4b1cb0cef508e8e6e32678224731df6018,4,False,False,False,,,,True,False,3_within_split,,242
train/pituitary/brisc2025_train_03928_pi_ax_t1.jpg,train/pituitary/brisc2025_train_03929_pi_ax_t1.jpg,3137608daad571c60d27b63520498c2fd513f15ff61fa9b1d4460df74b5c01f5,4b37d7e0b48c309dd59c4fa57faa674f0ceeab1db9812263e06d9901efa7e34c,4,False,False,False,,,,True,False,3_within_split,train/pituitary/brisc2025_train_03929_pi_ax_t1.jpg,243
train/pituitary/brisc2025_train_03934_pi_ax_t1.jpg,train/pituitary/brisc2025_train_03935_pi_ax_t1.jpg,6f693af8ba877cdd600d162ecdef37e0911c2968ba1a67ccd45a19ec59fba6bf,f47c2a35aab50fe4076545244df0e888f1e94bd2523ee6850557c37a1fda5feb,4,False,False,False,,,,True,False,3_within_split,train/pituitary/brisc2025_train_03935_pi_ax_t1.jpg,246
train/pituitary/brisc2025_train_03937_pi_ax_t1.jpg,train/pituitary/brisc2025_train_03938_pi_ax_t1.jpg,ec80c8c8576fab2d6600af12200698ea11bcff4b4aabdbc56e2b6d0f883c7f2c,9409fd55579f6e70c839c1c5e6af747e7b3a3ea2b2bed9931d8941bb4430e28a,4,False,False,False,,,,True,False,3_within_split,train/pituitary/brisc2025_train_03938_pi_ax_t1.jpg,246
train/pituitary/brisc2025_train_03937_pi_ax_t1.jpg,train/pituitary/brisc2025_train_03939_pi_ax_t1.jpg,ec80c8c8576fab2d6600af12200698ea11bcff4b4aabdbc56e2b6d0f883c7f2c,16ff9fb169a6a472535da28292346f219d4ea96ea4330e292a558329bf4f245c,4,False,False,False,,,,True,False,3_within_split,train/pituitary/brisc2025_train_03939_pi_ax_t1.jpg,246
train/pituitary/brisc2025_train_03938_pi_ax_t1.jpg,train/pituitary/brisc2025_train_03939_pi_ax_t1.jpg,9409fd55579f6e70c839c1c5e6af747e7b3a3ea2b2bed9931d8941bb4430e28a,16ff9fb169a6a472535da28292346f219d4ea96ea4330e292a558329bf4f245c,4,False,False,False,,,,True,False,3_within_split,,246
train/pituitary/brisc2025_train_03956_pi_ax_t1.jpg,train/pituitary/brisc2025_train_03957_pi_ax_t1.jpg,f9ed71d8b9a247acb62b3b01a15b030aff454cae6f4463721691e9bc211e9b4a,f8416150f3beafa3a37bbb140aa7240858c1cfbad066cf0a63324df906255c59,4,False,False,False,,,,True,False,3_within_split,train/pituitary/brisc2025_train_03957_pi_ax_t1.jpg,247
train/pituitary/brisc2025_train_03970_pi_co_t1.jpg,train/pituitary/brisc2025_train_04003_pi_co_t1.jpg,734b7a652fc0b92bfb7577176819feef5c8480ca5da3220f6d1c8e14ce614650,0a7449717c1352419403dfb54d64a7a0ee57853ca104902308f8bb1fa4633564,4,False,False,False,,,,True,False,3_within_split,train/pituitary/brisc2025_train_04003_pi_co_t1.jpg,605
train/pituitary/brisc2025_train_03973_pi_co_t1.jpg,train/pituitary/brisc2025_train_03974_pi_co_t1.jpg,670e83f9182cfe0c097002322ff42cccda0fe426b6ab93487746f7f23aabcb84,ed918091f270bd61149f52c3b512baea271645f5e29c1c10fa7de3ea6b006a45,4,False,False,False,,,,True,False,3_within_split,train/pituitary/brisc2025_train_03974_pi_co_t1.jpg,277
train/pituitary/brisc2025_train_03974_pi_co_t1.jpg,train/pituitary/brisc2025_train_03976_pi_co_t1.jpg,ed918091f270bd61149f52c3b512baea271645f5e29c1c10fa7de3ea6b006a45,d955fad4d89d6f85ab71a9a40fe2bada5b0406d4a7125b9ab28d52a7c6316133,4,False,False,False,,,,True,False,3_within_split,,277
train/pituitary/brisc2025_train_03974_pi_co_t1.jpg,train/pituitary/brisc2025_train_04449_pi_co_t1.jpg,ed918091f270bd61149f52c3b512baea271645f5e29c1c10fa7de3ea6b006a45,7c0a9dcc61577d07109db9b36a5a03d4f1ee3c8082b7294facf0cabd9e02030c,4,False,False,False,,,,True,False,3_within_split,,277
train/pituitary/brisc2025_train_03975_pi_co_t1.jpg,train/pituitary/brisc2025_train_03976_pi_co_t1.jpg,cb20adda28855fae467d0910545a3c7bcd287a19072326ee1f04ce74a895f2c9,d955fad4d89d6f85ab71a9a40fe2bada5b0406d4a7125b9ab28d52a7c6316133,4,False,False,False,,,,True,False,3_within_split,train/pituitary/brisc2025_train_03976_pi_co_t1.jpg,277
train/pituitary/brisc2025_train_03980_pi_co_t1.jpg,train/pituitary/brisc2025_train_03981_pi_co_t1.jpg,8a52c45a4b3561782cb59cbe55e16d6de30ebe13ee52dc9d3c1a0ad9f67502f1,5072337e7f907af73f212ad03ff574dd4839d87afa68c62dfe999b812e313cb8,4,False,False,False,,,,True,False,3_within_split,train/pituitary/brisc2025_train_03981_pi_co_t1.jpg,606
train/pituitary/brisc2025_train_03980_pi_co_t1.jpg,train/pituitary/brisc2025_train_03982_pi_co_t1.jpg,8a52c45a4b3561782cb59cbe55e16d6de30ebe13ee52dc9d3c1a0ad9f67502f1,cbf0c6e83823bb9deca10e8df22caa30990ff5c1638d2808ed648deacfcd75e4,4,False,False,False,,,,True,False,3_within_split,train/pituitary/brisc2025_train_03982_pi_co_t1.jpg,606
train/pituitary/brisc2025_train_03981_pi_co_t1.jpg,train/pituitary/brisc2025_train_03982_pi_co_t1.jpg,5072337e7f907af73f212ad03ff574dd4839d87afa68c62dfe999b812e313cb8,cbf0c6e83823bb9deca10e8df22caa30990ff5c1638d2808ed648deacfcd75e4,4,False,False,False,,,,True,False,3_within_split,,606
train/pituitary/brisc2025_train_03984_pi_co_t1.jpg,train/pituitary/brisc2025_train_03993_pi_co_t1.jpg,612883797d661e00d1de5b584acd319684e96e687aec5182fec5021c1d2debf6,44c816949c301091212df595aa3db5f598a27643d563d0595a7d23de9d1a71b6,4,False,False,False,,,,True,False,3_within_split,train/pituitary/brisc2025_train_03993_pi_co_t1.jpg,607
train/pituitary/brisc2025_train_03993_pi_co_t1.jpg,train/pituitary/brisc2025_train_03994_pi_co_t1.jpg,44c816949c301091212df595aa3db5f598a27643d563d0595a7d23de9d1a71b6,6c374ab41105e5927d08e15103c8c27416f8e7d03c15c03d104ace5b310bd0ed,4,False,False,False,,,,True,False,3_within_split,,607
train/pituitary/brisc2025_train_03993_pi_co_t1.jpg,train/pituitary/brisc2025_train_03995_pi_co_t1.jpg,44c816949c301091212df595aa3db5f598a27643d563d0595a7d23de9d1a71b6,6c374ab41105e5927d08e15103c8c27416f8e7d03c15c03d104ace5b310bd0ed,4,False,False,False,,,,True,False,3_within_split,,607
train/pituitary/brisc2025_train_04006_pi_co_t1.jpg,train/pituitary/brisc2025_train_04028_pi_co_t1.jpg,9c55281145ad89b215c12f83dd29adecd66ace3272d6341e58930a6c2d78a30f,8812ef8e88fca80388f8c2c2d94cd87d5c110dc498c34db3a423a9afd848c307,4,False,False,False,,,,True,False,3_within_split,train/pituitary/brisc2025_train_04028_pi_co_t1.jpg,608
train/pituitary/brisc2025_train_04012_pi_co_t1.jpg,train/pituitary/brisc2025_train_04013_pi_co_t1.jpg,e6a083352c7a1e645180237da0ccefd2012e957f528f5f981ced956953311af0,8cc006891641c908e4aec0c2a10f2d84a59a90b843c0ebf23a27a2258a0c84da,4,False,False,False,,,,True,False,3_within_split,train/pituitary/brisc2025_train_04013_pi_co_t1.jpg,609
train/pituitary/brisc2025_train_04015_pi_co_t1.jpg,train/pituitary/brisc2025_train_04016_pi_co_t1.jpg,2bf901bbe9c81f23f75e6c8b8f6ba3644015c844dc4d180dfa42c5c28c8c97e5,cb8a36f3c7bf08eae66ff50faea0f1ff616a2a8c087b9ef1ec52f96fbfd29f44,4,False,False,False,,,,True,False,3_within_split,train/pituitary/brisc2025_train_04016_pi_co_t1.jpg,610
train/pituitary/brisc2025_train_04018_pi_co_t1.jpg,train/pituitary/brisc2025_train_04019_pi_co_t1.jpg,4226cdcacfe5729e7e7643cec5a2131359e75db088a69e4e96fb190a8e37df65,8e4654c468f9beb4031129740efb2f537f76c877caed0ecd25d86246e18477cf,4,False,False,False,,,,True,False,3_within_split,train/pituitary/brisc2025_train_04019_pi_co_t1.jpg,611
train/pituitary/brisc2025_train_04025_pi_co_t1.jpg,train/pituitary/brisc2025_train_04026_pi_co_t1.jpg,c5fae0f09610230c9e916ed7da7508c4d133f8fb8d5762f6f2d182414d49704d,ac62dd6ff602203e01d2bb6cc6ec679dbd9ecfbdc5956b5d810fbb18d344c27a,4,False,False,False,,,,True,False,3_within_split,train/pituitary/brisc2025_train_04026_pi_co_t1.jpg,612
train/pituitary/brisc2025_train_04026_pi_co_t1.jpg,train/pituitary/brisc2025_train_04027_pi_co_t1.jpg,ac62dd6ff602203e01d2bb6cc6ec679dbd9ecfbdc5956b5d810fbb18d344c27a,45bfb484733b3c9c87adf8053e8449d1a6e4f59c62acba918d38e394cf60a0cb,4,False,False,False,,,,True,False,3_within_split,,612
train/pituitary/brisc2025_train_04028_pi_co_t1.jpg,train/pituitary/brisc2025_train_04039_pi_co_t1.jpg,8812ef8e88fca80388f8c2c2d94cd87d5c110dc498c34db3a423a9afd848c307,9b04704b9b8ef627aca274e1f7971b0ab1ecf38447955f00c8243f3a41f11201,4,False,False,False,,,,True,False,3_within_split,,608
train/pituitary/brisc2025_train_04036_pi_co_t1.jpg,train/pituitary/brisc2025_train_04037_pi_co_t1.jpg,1fadb135a51ace8f7a2a26560928bf8c7f705b1583306954c0fb2fd902c83a13,072c7b150f63eaae6d47414087c2802a9a0f03f6f03a19072588df9525f5e7c5,4,False,False,False,,,,True,False,3_within_split,train/pituitary/brisc2025_train_04037_pi_co_t1.jpg,613
train/pituitary/brisc2025_train_04049_pi_co_t1.jpg,train/pituitary/brisc2025_train_04051_pi_co_t1.jpg,6ce2d3b4c97155cbd928be90c112e2a45444f266c236844380151d73d84cea15,9d52ef1e01a510dd5189e96e12daff9d03a95f82c4a4432b7673119ed2901c9b,4,False,False,False,,,,True,False,3_within_split,train/pituitary/brisc2025_train_04051_pi_co_t1.jpg,615
train/pituitary/brisc2025_train_04055_pi_co_t1.jpg,train/pituitary/brisc2025_train_04056_pi_co_t1.jpg,e8d420b1c4bca25573a7b52523380a1bf0875ecdd06396797dda0536909efe21,fe921d2f3176bc6edbc13072e6455922d77e0cbf04dc68f31a859c69b3841d2b,4,False,False,False,,,,True,False,3_within_split,train/pituitary/brisc2025_train_04056_pi_co_t1.jpg,616
train/pituitary/brisc2025_train_04058_pi_co_t1.jpg,train/pituitary/brisc2025_train_04059_pi_co_t1.jpg,348d58cfc04120f075df4bf25f5f8ce5264c8c4db354c1f31ecf2b0d5e157703,5a57f2ca38fbbfb354bfb562793880147a5591f268b2340cd81e0b44802f1a76,4,False,False,False,,,,True,False,3_within_split,,617
train/pituitary/brisc2025_train_04060_pi_co_t1.jpg,train/pituitary/brisc2025_train_04062_pi_co_t1.jpg,07098fbf1270f93c1cab9c4b90f19ba1605f5bc8489d264b615f93f41f18e06d,e9732ddbbbe4891f6d1cefc7890f2bce1b7bd714c93351e3e4b55ed6a2365572,4,False,False,False,,,,True,False,3_within_split,train/pituitary/brisc2025_train_04062_pi_co_t1.jpg,618
train/pituitary/brisc2025_train_04063_pi_co_t1.jpg,train/pituitary/brisc2025_train_04065_pi_co_t1.jpg,36a29c054877743cdee0765607760598569bc949ad90ecdc90b4969e3212a987,3da70f4a1ba2ad5e016e40ae3e9fb379c055670aec6fd91b871c3169a2320954,4,False,False,False,,,,True,False,3_within_split,train/pituitary/brisc2025_train_04065_pi_co_t1.jpg,619
train/pituitary/brisc2025_train_04064_pi_co_t1.jpg,train/pituitary/brisc2025_train_04065_pi_co_t1.jpg,eb975fe37c2b670c57923f1195cbc5d678049ae20aec37cad252e5aa87ea40de,3da70f4a1ba2ad5e016e40ae3e9fb379c055670aec6fd91b871c3169a2320954,4,False,False,False,,,,True,False,3_within_split,,619
train/pituitary/brisc2025_train_04065_pi_co_t1.jpg,train/pituitary/brisc2025_train_04066_pi_co_t1.jpg,3da70f4a1ba2ad5e016e40ae3e9fb379c055670aec6fd91b871c3169a2320954,cd84d6c1a32dda1d5657556f1a0399c4cad978887b9258395fcf3729dbeb8f2a,4,False,False,False,,,,True,False,3_within_split,,619
train/pituitary/brisc2025_train_04066_pi_co_t1.jpg,train/pituitary/brisc2025_train_04067_pi_co_t1.jpg,cd84d6c1a32dda1d5657556f1a0399c4cad978887b9258395fcf3729dbeb8f2a,e7935292a097289221e523e0a29abaf126ba3f95888f958d284c2f20388f78cb,4,False,False,False,,,,True,False,3_within_split,train/pituitary/brisc2025_train_04067_pi_co_t1.jpg,619
train/pituitary/brisc2025_train_04075_pi_co_t1.jpg,train/pituitary/brisc2025_train_04076_pi_co_t1.jpg,10fe39e9e871b0c2987ce17f526fd67141d1ca91bc23cdda4cbe44adf196ce1d,63e427a8f573ccfa07896da936543df416364180c0441259d5aec09d7123620b,4,False,False,False,,,,True,False,3_within_split,train/pituitary/brisc2025_train_04076_pi_co_t1.jpg,621
train/pituitary/brisc2025_train_04075_pi_co_t1.jpg,train/pituitary/brisc2025_train_04077_pi_co_t1.jpg,10fe39e9e871b0c2987ce17f526fd67141d1ca91bc23cdda4cbe44adf196ce1d,e463ae07fd3b4829dc717507f36915b89ecf22c40b7983eb7e94d7b1cfeb6f2e,4,False,False,False,,,,True,False,3_within_split,train/pituitary/brisc2025_train_04077_pi_co_t1.jpg,621
train/pituitary/brisc2025_train_04076_pi_co_t1.jpg,train/pituitary/brisc2025_train_04077_pi_co_t1.jpg,63e427a8f573ccfa07896da936543df416364180c0441259d5aec09d7123620b,e463ae07fd3b4829dc717507f36915b89ecf22c40b7983eb7e94d7b1cfeb6f2e,4,False,False,False,,,,True,False,3_within_split,,621
train/pituitary/brisc2025_train_04082_pi_co_t1.jpg,train/pituitary/brisc2025_train_04084_pi_co_t1.jpg,5d2460838911025131f9e667ce2afe1b9f0c160d171f47888bdb4324add71b9f,d6addb59f4164bfdc94f2137f87f3e4462646e5f377aaf02129bea7e503c53db,4,False,False,False,,,,True,False,3_within_split,train/pituitary/brisc2025_train_04084_pi_co_t1.jpg,622
train/pituitary/brisc2025_train_04087_pi_co_t1.jpg,train/pituitary/brisc2025_train_04094_pi_co_t1.jpg,3369bd0b2fc6f289b3f65f40ef7e05a79bfb083a80e2cf45d9cdf2493fb499aa,553eb7217a3e2035de88d5ba71324e4a0b55879ea4ecb731184a055bd1208af0,4,False,False,False,,,,True,False,3_within_split,train/pituitary/brisc2025_train_04094_pi_co_t1.jpg,623
train/pituitary/brisc2025_train_04088_pi_co_t1.jpg,train/pituitary/brisc2025_train_04092_pi_co_t1.jpg,35ca1eb8b8c69c3fda53cc2a595c0af6534eabfdee723d38b022ab1677923a26,9652199cdfa7c69285d570471399b2b8c892b6550d048f404ea138d1db882d6c,4,False,False,False,,,,True,False,3_within_split,train/pituitary/brisc2025_train_04092_pi_co_t1.jpg,624
train/pituitary/brisc2025_train_04096_pi_co_t1.jpg,train/pituitary/brisc2025_train_04097_pi_co_t1.jpg,796b970d958c295274c690e58fe99371562c8fad19de331a3bee92c4f712abd4,0b4c122bd8f333d3e4c6a4b133f3cb713133ab6990fdb44a24a686d6ef69dffb,4,False,False,False,,,,True,False,3_within_split,train/pituitary/brisc2025_train_04097_pi_co_t1.jpg,625
train/pituitary/brisc2025_train_04099_pi_co_t1.jpg,train/pituitary/brisc2025_train_04100_pi_co_t1.jpg,5a9ab0765b566ab4d4797eceadf63a432242b035349ae19c234e20007ba07206,12d17d53494bfc1317b34bb7ffa820e3781bf709a02fd7f67334fac3c4e4a2ae,4,False,False,False,,,,True,False,3_within_split,train/pituitary/brisc2025_train_04100_pi_co_t1.jpg,626
train/pituitary/brisc2025_train_04115_pi_co_t1.jpg,train/pituitary/brisc2025_train_04126_pi_co_t1.jpg,5dbee04103ba69298735a82da51b30cb96449035c54592e8b0e36b77cd64d3cc,788f2c670fc18ee25858b0ca87df641e2d17cea6702a9b2272002b99409ee345,4,False,False,False,,,,True,False,3_within_split,train/pituitary/brisc2025_train_04126_pi_co_t1.jpg,627
train/pituitary/brisc2025_train_04115_pi_co_t1.jpg,train/pituitary/brisc2025_train_04137_pi_co_t1.jpg,5dbee04103ba69298735a82da51b30cb96449035c54592e8b0e36b77cd64d3cc,904443faf3e2497456d640dac17ee07d2a8b5a86994b9585d4b2ae495a77a55f,4,False,False,False,,,,True,False,3_within_split,train/pituitary/brisc2025_train_04137_pi_co_t1.jpg,627
train/pituitary/brisc2025_train_04119_pi_co_t1.jpg,train/pituitary/brisc2025_train_04120_pi_co_t1.jpg,decd1d966e19fd5ba7cd8e11ea343212102f9a63e8a608a63d58ca0ac078db60,5365a851fc1ee55019434142312aa3e8157e00ea8e6d81f06b0f433c6970cba7,4,False,False,False,,,,True,False,3_within_split,train/pituitary/brisc2025_train_04120_pi_co_t1.jpg,628
train/pituitary/brisc2025_train_04120_pi_co_t1.jpg,train/pituitary/brisc2025_train_04122_pi_co_t1.jpg,5365a851fc1ee55019434142312aa3e8157e00ea8e6d81f06b0f433c6970cba7,b2cb2d85ac9a7812c0accadd910ca71740fb24e2a85da482c3237b2448456021,4,False,False,False,,,,True,False,3_within_split,,628
train/pituitary/brisc2025_train_04121_pi_co_t1.jpg,train/pituitary/brisc2025_train_04122_pi_co_t1.jpg,ec2a14871455b127246e7d0ff50667408624486dbbd73870381b28556e76b1a5,b2cb2d85ac9a7812c0accadd910ca71740fb24e2a85da482c3237b2448456021,4,False,False,False,,,,True,False,3_within_split,train/pituitary/brisc2025_train_04122_pi_co_t1.jpg,628
train/pituitary/brisc2025_train_04126_pi_co_t1.jpg,train/pituitary/brisc2025_train_04137_pi_co_t1.jpg,788f2c670fc18ee25858b0ca87df641e2d17cea6702a9b2272002b99409ee345,904443faf3e2497456d640dac17ee07d2a8b5a86994b9585d4b2ae495a77a55f,4,False,False,False,,,,True,False,3_within_split,,627
train/pituitary/brisc2025_train_04131_pi_co_t1.jpg,train/pituitary/brisc2025_train_04132_pi_co_t1.jpg,f8df03b7caf49fdeec2121098b04cfc78dd8b46b8b4a4e03d8edcbe829d28d9f,a515eb4a3a7280bac413978c9211ccef641587d1c328a9bf6422be1f6639f13b,4,False,False,False,,,,True,False,3_within_split,train/pituitary/brisc2025_train_04132_pi_co_t1.jpg,629
train/pituitary/brisc2025_train_04143_pi_co_t1.jpg,train/pituitary/brisc2025_train_04144_pi_co_t1.jpg,5c8bde4f66583b4bf64f55e6c9b86d66a709371f66c824d3302ea05c7a51ed14,72c4d736543b2a020e0ae6392ca9885e3a1fbb6566aa5b8599087125add8790c,4,False,False,False,,,,True,False,3_within_split,train/pituitary/brisc2025_train_04144_pi_co_t1.jpg,630
train/pituitary/brisc2025_train_04144_pi_co_t1.jpg,train/pituitary/brisc2025_train_04145_pi_co_t1.jpg,72c4d736543b2a020e0ae6392ca9885e3a1fbb6566aa5b8599087125add8790c,79e5e65d8fe4327a500b0c0cdfb88f63d2de66f860fc80c5de26273abc7d96d7,4,False,False,False,,,,True,False,3_within_split,,630
train/pituitary/brisc2025_train_04151_pi_co_t1.jpg,train/pituitary/brisc2025_train_04152_pi_co_t1.jpg,bb1d8ffa07a806808055bce4f80b01cdebef7b9d94f6cfb86d1cae55977583b4,754cf18c00e16569deffd5afb54753751a1b04b3fe23805217a809271d8ef9d2,4,False,False,False,,,,True,False,3_within_split,train/pituitary/brisc2025_train_04152_pi_co_t1.jpg,632
train/pituitary/brisc2025_train_04152_pi_co_t1.jpg,train/pituitary/brisc2025_train_04153_pi_co_t1.jpg,754cf18c00e16569deffd5afb54753751a1b04b3fe23805217a809271d8ef9d2,7d5fd4745b9a6ce5cdcf9b2d1dd31c6e36a1a9e1aec63e656369022dd0cd9a7c,4,False,False,False,,,,True,False,3_within_split,,632
train/pituitary/brisc2025_train_04170_pi_co_t1.jpg,train/pituitary/brisc2025_train_04174_pi_co_t1.jpg,fa1cd4c3598c3d5352be3c9211f555cdd4f94e21e5be76efc572d994c379b874,8ccc3587f290cda1f38abde88bffbeed31bc8d1b001ac3cb0b12f2dad00073f4,4,False,False,False,,,,True,False,3_within_split,,633
train/pituitary/brisc2025_train_04185_pi_co_t1.jpg,train/pituitary/brisc2025_train_04186_pi_co_t1.jpg,455f8958327ddb42a83fa2c2f60aa13819692ab9a254473bdfba3f70ec068045,60c398ecf88f9cba7f4fb5eb03a3ddc02112207f994810cd8b61313b2e8370da,4,False,False,False,,,,True,False,3_within_split,train/pituitary/brisc2025_train_04186_pi_co_t1.jpg,634
train/pituitary/brisc2025_train_04186_pi_co_t1.jpg,train/pituitary/brisc2025_train_04188_pi_co_t1.jpg,60c398ecf88f9cba7f4fb5eb03a3ddc02112207f994810cd8b61313b2e8370da,e09c0efd7275fe6dcca7d375884a8a3bfdb440ccf7db0fe590457059f1daea1b,4,False,False,False,,,,True,False,3_within_split,,634
train/pituitary/brisc2025_train_04187_pi_co_t1.jpg,train/pituitary/brisc2025_train_04188_pi_co_t1.jpg,6d7a48f8eb7196e7111676510bc0983b7a110d21a1d5843fe9bf010c5c15be80,e09c0efd7275fe6dcca7d375884a8a3bfdb440ccf7db0fe590457059f1daea1b,4,False,False,False,,,,True,False,3_within_split,train/pituitary/brisc2025_train_04188_pi_co_t1.jpg,634
train/pituitary/brisc2025_train_04206_pi_co_t1.jpg,train/pituitary/brisc2025_train_04207_pi_co_t1.jpg,cd9b3882004231dd7d2676caceaa6914f9f906b088a065079392aa1f6ef019d6,4984ea2d2d3b0d6d6308ab42e2e3bbbc024c116120cb72c537e3d7c3017e8f19,4,False,False,False,,,,True,False,3_within_split,train/pituitary/brisc2025_train_04207_pi_co_t1.jpg,636
train/pituitary/brisc2025_train_04223_pi_co_t1.jpg,train/pituitary/brisc2025_train_04225_pi_co_t1.jpg,4b9d301cb859f22fda8dd8b44a8d1df0a3a8e8364850196b0d7b78cf5659345d,4a26ee3d6ee6caf1b7ceb44a837f60e10796e713112abae315ea4ce5ba4a36fe,4,False,False,False,,,,True,False,3_within_split,train/pituitary/brisc2025_train_04225_pi_co_t1.jpg,637
train/pituitary/brisc2025_train_04224_pi_co_t1.jpg,train/pituitary/brisc2025_train_04225_pi_co_t1.jpg,93c048797863776f29ff4e855cd515591ffa6ebc024509586746009bfc90378e,4a26ee3d6ee6caf1b7ceb44a837f60e10796e713112abae315ea4ce5ba4a36fe,4,False,False,False,,,,True,False,3_within_split,,637
train/pituitary/brisc2025_train_04225_pi_co_t1.jpg,train/pituitary/brisc2025_train_04226_pi_co_t1.jpg,4a26ee3d6ee6caf1b7ceb44a837f60e10796e713112abae315ea4ce5ba4a36fe,4cd9be28c335a75d975ffb5899844126eff977adf92eae4ac0fad646f9f15c8d,4,False,False,False,,,,True,False,3_within_split,,637
train/pituitary/brisc2025_train_04230_pi_co_t1.jpg,train/pituitary/brisc2025_train_04232_pi_co_t1.jpg,178d4240956328d13e3f4b1429a212fb5129bc2c0db90e6f459be0dec24f1b78,5279da3cd452d2ec12004419bd57fd7b3baad9b24d69f972ef322d53c2758c22,4,False,False,False,,,,True,False,3_within_split,train/pituitary/brisc2025_train_04232_pi_co_t1.jpg,638
train/pituitary/brisc2025_train_04241_pi_co_t1.jpg,train/pituitary/brisc2025_train_04242_pi_co_t1.jpg,f8edba58055ca7e9b46b574a5e85717f1e8063cff4b93568526d32402f424577,e54479e6dc661f9c54397577db9981df6ae63de12cae5ebd2ab6606b549c6c0e,4,False,False,False,,,,True,False,3_within_split,train/pituitary/brisc2025_train_04242_pi_co_t1.jpg,639
train/pituitary/brisc2025_train_04246_pi_co_t1.jpg,train/pituitary/brisc2025_train_04247_pi_co_t1.jpg,b7aafafb3940a0611c76223ca4a1156dce7e9388a0d4c6b0dfe5f750b3856c7d,1b3e281ffef61a1ada3ba7d86139f3ae122fc2f66227a01abab0501f9f2d7f05,4,False,False,False,,,,True,False,3_within_split,train/pituitary/brisc2025_train_04247_pi_co_t1.jpg,640
train/pituitary/brisc2025_train_04261_pi_co_t1.jpg,train/pituitary/brisc2025_train_04262_pi_co_t1.jpg,e3f1f2b2b0ecd24a4b1b9e1b6b118dc9730cc8fe9d449b90da1c414a7e5f0286,6d8b42fc5d2e90a795d64323a8a729f263e4123d124afbb39ef558dc87bee365,4,False,False,False,,,,True,False,3_within_split,train/pituitary/brisc2025_train_04262_pi_co_t1.jpg,641
train/pituitary/brisc2025_train_04291_pi_co_t1.jpg,train/pituitary/brisc2025_train_04293_pi_co_t1.jpg,5dfc77c03494564ee66de0e89e78ccffe74036e5f1f4e8143439cc796c0eb24c,18e44e5affbae16520ae1113a4fc2677aab36f7339fecacf5fb376fac686ba40,4,False,False,False,,,,True,False,3_within_split,train/pituitary/brisc2025_train_04293_pi_co_t1.jpg,258
train/pituitary/brisc2025_train_04292_pi_co_t1.jpg,train/pituitary/brisc2025_train_04293_pi_co_t1.jpg,e6be27f4ff802aa0b3b7564f906fe3fbaea01fa5b5104a65a005165b8a3ff971,18e44e5affbae16520ae1113a4fc2677aab36f7339fecacf5fb376fac686ba40,4,False,False,False,,,,True,False,3_within_split,,258
train/pituitary/brisc2025_train_04302_pi_co_t1.jpg,train/pituitary/brisc2025_train_04303_pi_co_t1.jpg,35ef3dd0fac8dcba82304fdb8ce709e3f656538899ad332ac23e6821c4ab3164,84651a019d2c338a77c7c51a3775af37ac24c2c990361386b4a1dbbcb5038b0d,4,False,False,False,,,,True,False,3_within_split,,260
train/pituitary/brisc2025_train_04329_pi_co_t1.jpg,train/pituitary/brisc2025_train_04330_pi_co_t1.jpg,4585128888c08733ded0da513a9a06d9036a305690498308dd3e808ccbe3d055,5eef214999a0e35bd7b1cced1d58271ae93dcd032b2ce52ee782b1bec9e5b3b5,4,False,False,False,,,,True,False,3_within_split,train/pituitary/brisc2025_train_04330_pi_co_t1.jpg,265
train/pituitary/brisc2025_train_04330_pi_co_t1.jpg,train/pituitary/brisc2025_train_04332_pi_co_t1.jpg,5eef214999a0e35bd7b1cced1d58271ae93dcd032b2ce52ee782b1bec9e5b3b5,2e005ff19bb2baf6f9696dbf6554d35d9718905318f0c9c8aa02b59d91093775,4,False,False,False,,,,True,False,3_within_split,,265
train/pituitary/brisc2025_train_04333_pi_co_t1.jpg,train/pituitary/brisc2025_train_04334_pi_co_t1.jpg,b3f782714f66c3495c470c063affc8ccb18f6516a925a2cabc307f0c92a61d6e,abfebdbbdb72508fcdc56473ec41a69840a4146a32887f03ff66770e2e4489d7,4,False,False,False,,,,True,False,3_within_split,train/pituitary/brisc2025_train_04334_pi_co_t1.jpg,643
train/pituitary/brisc2025_train_04343_pi_co_t1.jpg,train/pituitary/brisc2025_train_04346_pi_co_t1.jpg,bf084ec303080280c2a5e3c9decdc1bfe37973658fa09dbeb496246041096970,d53bcaf8a4046c4bd275827f8be0d4382061b685180a0a32285fc9884a052f08,4,False,False,False,,,,True,False,3_within_split,train/pituitary/brisc2025_train_04346_pi_co_t1.jpg,266
train/pituitary/brisc2025_train_04344_pi_co_t1.jpg,train/pituitary/brisc2025_train_04346_pi_co_t1.jpg,8ed4accd7a09042e088ab54f6151af6ddd67b01286b0c280141f11aeadec80e8,d53bcaf8a4046c4bd275827f8be0d4382061b685180a0a32285fc9884a052f08,4,False,False,False,,,,True,False,3_within_split,,266
train/pituitary/brisc2025_train_04349_pi_co_t1.jpg,train/pituitary/brisc2025_train_04351_pi_co_t1.jpg,86bbe427251aa3f43574586c1de02534944e78d54d64375d4a2d92d6f348f40f,e20d72c0370abcda6b0416fbe0e9a404f4eebe817ebf7903d0f3fe9e9b56abfb,4,False,False,False,,,,True,False,3_within_split,train/pituitary/brisc2025_train_04351_pi_co_t1.jpg,644
train/pituitary/brisc2025_train_04356_pi_co_t1.jpg,train/pituitary/brisc2025_train_04357_pi_co_t1.jpg,e845b6b30d7912d8c839200b10603e45ccc176ceefca45d8a7d67b813d6d4b36,cbbb6282031eab8cc1ad96bd6cc55a1748f786548e044146f4c9c68007f11aff,4,False,False,False,,,,True,False,3_within_split,train/pituitary/brisc2025_train_04357_pi_co_t1.jpg,268
train/pituitary/brisc2025_train_04371_pi_co_t1.jpg,train/pituitary/brisc2025_train_04372_pi_co_t1.jpg,64b43067ccd1a28335c4e35a19309afb76d8498b6caced0120640639967df41a,e5b5d529588e302535a6fca1003b48bc8119fbc82d7b449df9186383aa3d2bc0,4,False,False,False,,,,True,False,3_within_split,train/pituitary/brisc2025_train_04372_pi_co_t1.jpg,645
train/pituitary/brisc2025_train_04374_pi_co_t1.jpg,train/pituitary/brisc2025_train_04376_pi_co_t1.jpg,34f754e5c3defdcff383cd805d52508f88ea26fea150be3d4ca986a1222a4792,238bff96b589925f9190d940c659b9a42e2f6db9c225101d012605b86b8000aa,4,False,False,False,,,,True,False,3_within_split,train/pituitary/brisc2025_train_04376_pi_co_t1.jpg,646
train/pituitary/brisc2025_train_04395_pi_co_t1.jpg,train/pituitary/brisc2025_train_04396_pi_co_t1.jpg,c3fb12f5983a520e72059ebfc838d6901a1eea60fa9bfe776970478844cfda9b,d3adaa44b503579e9db8f11cce818ace22e97e788f7cae315c2bea5cd147a57c,4,False,False,False,,,,True,False,3_within_split,train/pituitary/brisc2025_train_04396_pi_co_t1.jpg,271
train/pituitary/brisc2025_train_04414_pi_co_t1.jpg,train/pituitary/brisc2025_train_04415_pi_co_t1.jpg,f9a81b4eb4a080608a1c642937fa241316dfb149934868b944384daf84bd8fba,49864523b52b0a00ab6eb0e68e871fb5a823dd97fd112993f3d99ddf86733dd3,4,False,False,False,,,,True,False,3_within_split,train/pituitary/brisc2025_train_04415_pi_co_t1.jpg,273
train/pituitary/brisc2025_train_04416_pi_co_t1.jpg,train/pituitary/brisc2025_train_04417_pi_co_t1.jpg,b5c34922668edbe4cab27b82376b29074c9c6d007829f0246ca95d89abc50f4c,ec2f6975e8b6b00c308feea551d9650030660bfa51ca699df71dc60746dafc23,4,False,False,False,,,,True,False,3_within_split,train/pituitary/brisc2025_train_04417_pi_co_t1.jpg,648
train/pituitary/brisc2025_train_04418_pi_co_t1.jpg,train/pituitary/brisc2025_train_04419_pi_co_t1.jpg,b009b05f96a1d7661e060f019d1a560e407777c947d0cbb3c666b57cf937d7c2,44c48b16dc63b13aa8eb3e46f2ac7daebb80a199b88e6ade3e7e05d2f35d4d9b,4,False,False,False,,,,True,False,3_within_split,train/pituitary/brisc2025_train_04419_pi_co_t1.jpg,274
train/pituitary/brisc2025_train_04419_pi_co_t1.jpg,train/pituitary/brisc2025_train_04420_pi_co_t1.jpg,44c48b16dc63b13aa8eb3e46f2ac7daebb80a199b88e6ade3e7e05d2f35d4d9b,c7aa36d6c962a00fa8c86c30fc4c570b7a884f44d50a4d38e039e0a70dd14577,4,False,False,False,,,,True,False,3_within_split,,274
train/pituitary/brisc2025_train_04428_pi_co_t1.jpg,train/pituitary/brisc2025_train_04429_pi_co_t1.jpg,82a7d0c3d2d56ae61e010cbaa2d484d5854ce35d4f0685560440e738d07ef282,eb5e147c031d5cc6c777dce8c84088647632a92c8c7afec47e2f0dfd738a4a58,4,False,False,False,,,,True,False,3_within_split,train/pituitary/brisc2025_train_04429_pi_co_t1.jpg,275
train/pituitary/brisc2025_train_04434_pi_co_t1.jpg,train/pituitary/brisc2025_train_04450_pi_co_t1.jpg,f08ac5f66d70af4a0c3f66181b7ef8ebfed0c9c597bf0cc164d0da5c97613e4d,937185fe3ffa6d0b991625ffdeab933af5a69486a79a21793b7feb1c49f60483,4,False,False,False,,,,True,False,3_within_split,train/pituitary/brisc2025_train_04450_pi_co_t1.jpg,649
train/pituitary/brisc2025_train_04441_pi_co_t1.jpg,train/pituitary/brisc2025_train_04442_pi_co_t1.jpg,a8d143d9f0c6eba55fe2d91eed2d44404d5739bd83d76bc6b27f16dcd6da741d,c76a7e7d7af4a07ea166e6796ad5d7149ac7c0d241a98922d2332cf2ca0d3e8c,4,False,False,False,,,,True,False,3_within_split,train/pituitary/brisc2025_train_04442_pi_co_t1.jpg,650
train/pituitary/brisc2025_train_04441_pi_co_t1.jpg,train/pituitary/brisc2025_train_04443_pi_co_t1.jpg,a8d143d9f0c6eba55fe2d91eed2d44404d5739bd83d76bc6b27f16dcd6da741d,0387e6ee3b4a1219be979c1b1dc000cfa6ad105d3770738f7337ccefbc522ccb,4,False,False,False,,,,True,False,3_within_split,train/pituitary/brisc2025_train_04443_pi_co_t1.jpg,650
train/pituitary/brisc2025_train_04442_pi_co_t1.jpg,train/pituitary/brisc2025_train_04443_pi_co_t1.jpg,c76a7e7d7af4a07ea166e6796ad5d7149ac7c0d241a98922d2332cf2ca0d3e8c,0387e6ee3b4a1219be979c1b1dc000cfa6ad105d3770738f7337ccefbc522ccb,4,False,False,False,,,,True,False,3_within_split,,650
train/pituitary/brisc2025_train_04451_pi_co_t1.jpg,train/pituitary/brisc2025_train_04452_pi_co_t1.jpg,0ab597668fbd311a7f24b72937bf79ab52a0118802fc497d7d2f18289d1ed186,6a47a85bf879219762cec2767066e692db1cde9740a6d3861410cc3bc707e8fc,4,False,False,False,,,,True,False,3_within_split,train/pituitary/brisc2025_train_04452_pi_co_t1.jpg,651
train/pituitary/brisc2025_train_04472_pi_co_t1.jpg,train/pituitary/brisc2025_train_04473_pi_co_t1.jpg,7e2bf9ef1e553899fc67d5b7e102b14a835a78dcd724ddaf720365dabbff81c6,9c90e8f04117a90c249bda74662443897c9d53909598a0d891d416a0162ee3b9,4,False,False,False,,,,True,False,3_within_split,train/pituitary/brisc2025_train_04473_pi_co_t1.jpg,652
train/pituitary/brisc2025_train_04475_pi_co_t1.jpg,train/pituitary/brisc2025_train_04476_pi_co_t1.jpg,a9a8cdb6096e4f8cb83509d3e55468513caa0a3dd60f6881ce8c128f97fd6a07,0d89081b1162c6a3ebeec73e5d4f9c1ca8f2683e0c1457132301db77b29c9a69,4,False,False,False,,,,True,False,3_within_split,train/pituitary/brisc2025_train_04476_pi_co_t1.jpg,653
train/pituitary/brisc2025_train_04481_pi_sa_t1.jpg,train/pituitary/brisc2025_train_04592_pi_sa_t1.jpg,6202045c980db4efd0747cf0ff62880374c25d24a1b528d35ee8815744ff432f,a1a596cb0d5260808b5743fb727e8b81ddaeaa4a8e3bb095eec949e3ff8a561a,4,False,False,False,,,,True,False,3_within_split,train/pituitary/brisc2025_train_04592_pi_sa_t1.jpg,654
train/pituitary/brisc2025_train_04484_pi_sa_t1.jpg,train/pituitary/brisc2025_train_04485_pi_sa_t1.jpg,619c95d49f80460a2723aca7b699d93583746b71cbf38cc878d85bf07bfac9e0,117736bc920454d1ae4e779216c15bd0c36b0723e23d091ab10ddc463513467f,4,False,False,False,,,,True,False,3_within_split,train/pituitary/brisc2025_train_04485_pi_sa_t1.jpg,655
train/pituitary/brisc2025_train_04485_pi_sa_t1.jpg,train/pituitary/brisc2025_train_04486_pi_sa_t1.jpg,117736bc920454d1ae4e779216c15bd0c36b0723e23d091ab10ddc463513467f,f225bab250a109486b978e52fddf1b478da7811ae759ace2bfa14330d601db77,4,False,False,False,,,,True,False,3_within_split,,655
train/pituitary/brisc2025_train_04494_pi_sa_t1.jpg,train/pituitary/brisc2025_train_04669_pi_sa_t1.jpg,c27c953b150b8cfa6c2820bac42a13a5d1b5b6420409973ba07a18542429afd5,2fc97fcdbb74907e1f32a2ee95a97353a26c40076a53628a530f738f3292a1ee,4,False,False,False,,,,True,False,3_within_split,train/pituitary/brisc2025_train_04669_pi_sa_t1.jpg,657
train/pituitary/brisc2025_train_04494_pi_sa_t1.jpg,train/pituitary/brisc2025_train_04670_pi_sa_t1.jpg,c27c953b150b8cfa6c2820bac42a13a5d1b5b6420409973ba07a18542429afd5,e80f43f4f1febc8a8031b42cfaf228b1764355e42d0512505b8929ebf432dd60,4,False,False,False,,,,True,False,3_within_split,train/pituitary/brisc2025_train_04670_pi_sa_t1.jpg,657
train/pituitary/brisc2025_train_04495_pi_sa_t1.jpg,train/pituitary/brisc2025_train_04496_pi_sa_t1.jpg,454389a96853f36193737a5f5caacdc29b605ea188ac19949b0f96847dda34cc,093339c41d9946158257322dbd4a2aeb5e56fa736aeea67c8333318ad5434aad,4,False,False,False,,,,True,False,3_within_split,train/pituitary/brisc2025_train_04496_pi_sa_t1.jpg,658
train/pituitary/brisc2025_train_04495_pi_sa_t1.jpg,train/pituitary/brisc2025_train_04497_pi_sa_t1.jpg,454389a96853f36193737a5f5caacdc29b605ea188ac19949b0f96847dda34cc,49711a556293889a8d0b8ee4a35d76c4f2132b9e7b9ac8ac6bd2d76b7618e773,4,False,False,False,,,,True,False,3_within_split,train/pituitary/brisc2025_train_04497_pi_sa_t1.jpg,658
train/pituitary/brisc2025_train_04496_pi_sa_t1.jpg,train/pituitary/brisc2025_train_04497_pi_sa_t1.jpg,093339c41d9946158257322dbd4a2aeb5e56fa736aeea67c8333318ad5434aad,49711a556293889a8d0b8ee4a35d76c4f2132b9e7b9ac8ac6bd2d76b7618e773,4,False,False,False,,,,True,False,3_within_split,,658
train/pituitary/brisc2025_train_04497_pi_sa_t1.jpg,train/pituitary/brisc2025_train_04498_pi_sa_t1.jpg,49711a556293889a8d0b8ee4a35d76c4f2132b9e7b9ac8ac6bd2d76b7618e773,a8d83b4a409171d5e2fbfc5bb45b3fca899f2a43a05277f951a361c2935204c4,4,False,False,False,,,,True,False,3_within_split,,658
train/pituitary/brisc2025_train_04500_pi_sa_t1.jpg,train/pituitary/brisc2025_train_04501_pi_sa_t1.jpg,17348de7094bd75efa8be700086a44d480d539446cfd66f640d0cdb89644fcc9,3ff24fe01a22cc7a29b5da4937df7a4faa6acd36ff4d587cdb47fa0fc6d26df7,4,False,False,False,,,,True,False,3_within_split,train/pituitary/brisc2025_train_04501_pi_sa_t1.jpg,659
train/pituitary/brisc2025_train_04501_pi_sa_t1.jpg,train/pituitary/brisc2025_train_04502_pi_sa_t1.jpg,3ff24fe01a22cc7a29b5da4937df7a4faa6acd36ff4d587cdb47fa0fc6d26df7,5dc617b4e5e82154c5626d11ba9c751b8bf549c6a355069ec3b41c225ffa9cd3,4,False,False,False,,,,True,False,3_within_split,,659
train/pituitary/brisc2025_train_04502_pi_sa_t1.jpg,train/pituitary/brisc2025_train_04503_pi_sa_t1.jpg,5dc617b4e5e82154c5626d11ba9c751b8bf549c6a355069ec3b41c225ffa9cd3,049f628e90a618faa7038e5bbd06e8cf564aff2138d8ae090e3116158279e6d3,4,False,False,False,,,,True,False,3_within_split,train/pituitary/brisc2025_train_04503_pi_sa_t1.jpg,659
train/pituitary/brisc2025_train_04503_pi_sa_t1.jpg,train/pituitary/brisc2025_train_04504_pi_sa_t1.jpg,049f628e90a618faa7038e5bbd06e8cf564aff2138d8ae090e3116158279e6d3,1f0b1f08b16fd1d7172bc7633eca7d69ca10392607541fa45b1dc3c4282bf239,4,False,False,False,,,,True,False,3_within_split,,659
train/pituitary/brisc2025_train_04508_pi_sa_t1.jpg,train/pituitary/brisc2025_train_04509_pi_sa_t1.jpg,9fda5386c137c79edb9299eec880295385f7df883134a4255c2dbea2e8120b3b,9f63b6d6aa94de3d04b05a653bbe58a851edce2f20592baf5009e2501275b089,4,False,False,False,,,,True,False,3_within_split,train/pituitary/brisc2025_train_04509_pi_sa_t1.jpg,660
train/pituitary/brisc2025_train_04509_pi_sa_t1.jpg,train/pituitary/brisc2025_train_04510_pi_sa_t1.jpg,9f63b6d6aa94de3d04b05a653bbe58a851edce2f20592baf5009e2501275b089,11576cbb30883fcaae6d7bf292b4753abc5c8504d913a5d70e2874e09349d9f6,4,False,False,False,,,,True,False,3_within_split,,660
train/pituitary/brisc2025_train_04513_pi_sa_t1.jpg,train/pituitary/brisc2025_train_04514_pi_sa_t1.jpg,b35e517f8f891c6c79cfe47473d96a085550c9a3178413792693f24cda4ff097,ee1f82ef6ec669fcf9acce1b77af8f7604a1880b15a3306e36f20d9d04e3ea31,4,False,False,False,,,,True,False,3_within_split,train/pituitary/brisc2025_train_04514_pi_sa_t1.jpg,661
train/pituitary/brisc2025_train_04522_pi_sa_t1.jpg,train/pituitary/brisc2025_train_04523_pi_sa_t1.jpg,4a9895bdf8b3c8d5e95c374c0deb40db7b4d01b5f3a7730e548ea53595edf8bf,f4a433b73da93954d529a73aec77c29f15649ecb43de373079c952ff0bfde74e,4,False,False,False,,,,True,False,3_within_split,train/pituitary/brisc2025_train_04523_pi_sa_t1.jpg,662
train/pituitary/brisc2025_train_04522_pi_sa_t1.jpg,train/pituitary/brisc2025_train_04524_pi_sa_t1.jpg,4a9895bdf8b3c8d5e95c374c0deb40db7b4d01b5f3a7730e548ea53595edf8bf,b516b70c6785e9ca133745b3486e6e6639fd00be5ce542d27d2b8276ed4dd476,4,False,False,False,,,,True,False,3_within_split,train/pituitary/brisc2025_train_04524_pi_sa_t1.jpg,662
train/pituitary/brisc2025_train_04523_pi_sa_t1.jpg,train/pituitary/brisc2025_train_04524_pi_sa_t1.jpg,f4a433b73da93954d529a73aec77c29f15649ecb43de373079c952ff0bfde74e,b516b70c6785e9ca133745b3486e6e6639fd00be5ce542d27d2b8276ed4dd476,4,False,False,False,,,,True,False,3_within_split,,662
train/pituitary/brisc2025_train_04523_pi_sa_t1.jpg,train/pituitary/brisc2025_train_04525_pi_sa_t1.jpg,f4a433b73da93954d529a73aec77c29f15649ecb43de373079c952ff0bfde74e,1e52268bb60aff5502ed380763af0a9e52b14f404fd638df9adfc3b146f295b5,4,False,False,False,,,,True,False,3_within_split,,662
train/pituitary/brisc2025_train_04524_pi_sa_t1.jpg,train/pituitary/brisc2025_train_04525_pi_sa_t1.jpg,b516b70c6785e9ca133745b3486e6e6639fd00be5ce542d27d2b8276ed4dd476,1e52268bb60aff5502ed380763af0a9e52b14f404fd638df9adfc3b146f295b5,4,False,False,False,,,,True,False,3_within_split,,662
train/pituitary/brisc2025_train_04526_pi_sa_t1.jpg,train/pituitary/brisc2025_train_04527_pi_sa_t1.jpg,5534abc53fbac7fbffe4af8f436237c415f70bc3e5360117e7b2c90a0a253728,a5a95cb000ce8bfec97505017cc8778f3731aa8ef5186727ece718a859ea3530,4,False,False,False,,,,True,False,3_within_split,train/pituitary/brisc2025_train_04527_pi_sa_t1.jpg,663
train/pituitary/brisc2025_train_04527_pi_sa_t1.jpg,train/pituitary/brisc2025_train_04529_pi_sa_t1.jpg,a5a95cb000ce8bfec97505017cc8778f3731aa8ef5186727ece718a859ea3530,2d59841b61f3795785f46860ab4d79c697efb911f259f1ad7ad84d4659799b42,4,False,False,False,,,,True,False,3_within_split,,663
train/pituitary/brisc2025_train_04528_pi_sa_t1.jpg,train/pituitary/brisc2025_train_04529_pi_sa_t1.jpg,4fa0587d9070123d715af0204fa373a64846bc42a6ed1d55e5017196bd7b0113,2d59841b61f3795785f46860ab4d79c697efb911f259f1ad7ad84d4659799b42,4,False,False,False,,,,True,False,3_within_split,train/pituitary/brisc2025_train_04529_pi_sa_t1.jpg,663
train/pituitary/brisc2025_train_04535_pi_sa_t1.jpg,train/pituitary/brisc2025_train_04536_pi_sa_t1.jpg,f5314657eb72da26df12f5d89b602db19f941e59a2aeb034bbd77be56a459b93,3873f9a154315185f20744d373f2376f3578fee4256389f764bf70b0b55ffa54,4,False,False,False,,,,True,False,3_within_split,train/pituitary/brisc2025_train_04536_pi_sa_t1.jpg,664
train/pituitary/brisc2025_train_04539_pi_sa_t1.jpg,train/pituitary/brisc2025_train_04541_pi_sa_t1.jpg,013fb05dc794ae389ed805767e26a11def0bff389c0e569f868be6ac8fd0a90f,341bb7d8f8bc9201e5190a999d9e8862fac1f4955b96d5e1e9df32d316e3b557,4,False,False,False,,,,True,False,3_within_split,train/pituitary/brisc2025_train_04541_pi_sa_t1.jpg,665
train/pituitary/brisc2025_train_04545_pi_sa_t1.jpg,train/pituitary/brisc2025_train_04585_pi_sa_t1.jpg,a3f2fbef5ba86a9391d686bba154ab3e45b05a3f5801cc659239723973338a9c,010841515b9457161c3065e47b2b983ebf5883edb809e206b1d43a4c745ca8d6,4,False,False,False,,,,True,False,3_within_split,train/pituitary/brisc2025_train_04585_pi_sa_t1.jpg,666
train/pituitary/brisc2025_train_04549_pi_sa_t1.jpg,train/pituitary/brisc2025_train_04550_pi_sa_t1.jpg,c52c1de88a87a899f1c5db55927006d3bb41014e85554d95b586357246b14b61,dea65808e631f46024aaa034984629ab8a455f2b951ca7022f12fa9e62b7c8ff,4,False,False,False,,,,True,False,3_within_split,train/pituitary/brisc2025_train_04550_pi_sa_t1.jpg,667
train/pituitary/brisc2025_train_04549_pi_sa_t1.jpg,train/pituitary/brisc2025_train_04551_pi_sa_t1.jpg,c52c1de88a87a899f1c5db55927006d3bb41014e85554d95b586357246b14b61,dea65808e631f46024aaa034984629ab8a455f2b951ca7022f12fa9e62b7c8ff,4,False,False,False,,,,True,False,3_within_split,,667
train/pituitary/brisc2025_train_04552_pi_sa_t1.jpg,train/pituitary/brisc2025_train_04701_pi_sa_t1.jpg,901543968ed4941110082f375b9f163d8866c8bc21135bf5598de4310157f579,19ef5a1c7b40af8108cdc471d43b53af4d0e4717edce1868476dffc6f4126d1b,4,False,False,False,,,,True,False,3_within_split,train/pituitary/brisc2025_train_04701_pi_sa_t1.jpg,667
train/pituitary/brisc2025_train_04556_pi_sa_t1.jpg,train/pituitary/brisc2025_train_04560_pi_sa_t1.jpg,bc6ba73fa474b22796340c9f1b830f94ab593fee5c4a7540d453fef9628dbc8b,a4ff4ff5bea9a05a2f6f20e71187c56db6b736f4cac424586112a4aa7d723c69,4,False,False,False,,,,True,False,3_within_split,train/pituitary/brisc2025_train_04560_pi_sa_t1.jpg,668
train/pituitary/brisc2025_train_04558_pi_sa_t1.jpg,train/pituitary/brisc2025_train_04559_pi_sa_t1.jpg,a7f1feac8a82c7da74d07afa3a66ad0fb595a8ab9c73195ea77dc1870a9b1028,81c7ef40437e991db214bcfd0552bc0215640a3dec9b82da622238ed23185e76,4,False,False,False,,,,True,False,3_within_split,train/pituitary/brisc2025_train_04559_pi_sa_t1.jpg,669
train/pituitary/brisc2025_train_04561_pi_sa_t1.jpg,train/pituitary/brisc2025_train_04566_pi_sa_t1.jpg,69e80166e4e9903bdcf909fb33069d846ae20789d412be78830808a1e2fd9a7a,da37773fc37350e9fcab014dcb3009def0e4c4faf5bb6f6e3dc7652753b15ec2,4,False,False,False,,,,True,False,3_within_split,train/pituitary/brisc2025_train_04566_pi_sa_t1.jpg,670
train/pituitary/brisc2025_train_04563_pi_sa_t1.jpg,train/pituitary/brisc2025_train_04564_pi_sa_t1.jpg,0fa10a90752d99ee5543b3e76263ca7566a8e2f18d26e112c934d9973f5011de,6c0a57ec9b31044d7ead0dd1ff3124a3c5ad222e31a8b2e8ddb700d20d3b865e,4,False,False,False,,,,True,False,3_within_split,train/pituitary/brisc2025_train_04564_pi_sa_t1.jpg,670
train/pituitary/brisc2025_train_04563_pi_sa_t1.jpg,train/pituitary/brisc2025_train_04565_pi_sa_t1.jpg,0fa10a90752d99ee5543b3e76263ca7566a8e2f18d26e112c934d9973f5011de,8c550079ec553c39bbc38980f8392c1976fb37c5703e93855fc3aa4189df97db,4,False,False,False,,,,True,False,3_within_split,train/pituitary/brisc2025_train_04565_pi_sa_t1.jpg,670
train/pituitary/brisc2025_train_04565_pi_sa_t1.jpg,train/pituitary/brisc2025_train_04566_pi_sa_t1.jpg,8c550079ec553c39bbc38980f8392c1976fb37c5703e93855fc3aa4189df97db,da37773fc37350e9fcab014dcb3009def0e4c4faf5bb6f6e3dc7652753b15ec2,4,False,False,False,,,,True,False,3_within_split,,670
train/pituitary/brisc2025_train_04577_pi_sa_t1.jpg,train/pituitary/brisc2025_train_04578_pi_sa_t1.jpg,e99c672f26af250b3eded9b23e6ac650ffded757868636f7483b30e7bbcb7a1c,b1e756f5c57b34fe3e996c6cd456125878d7d1fe98f7645ebf5dd7f9d54a3172,4,False,False,False,,,,True,False,3_within_split,train/pituitary/brisc2025_train_04578_pi_sa_t1.jpg,672
train/pituitary/brisc2025_train_04585_pi_sa_t1.jpg,train/pituitary/brisc2025_train_04586_pi_sa_t1.jpg,010841515b9457161c3065e47b2b983ebf5883edb809e206b1d43a4c745ca8d6,73b4d1045f85de28c25ac7cd09eb62f151c5fc94de4cd8270ccb6cedbb8ef384,4,False,False,False,,,,True,False,3_within_split,,666
train/pituitary/brisc2025_train_04586_pi_sa_t1.jpg,train/pituitary/brisc2025_train_04588_pi_sa_t1.jpg,73b4d1045f85de28c25ac7cd09eb62f151c5fc94de4cd8270ccb6cedbb8ef384,8082b25fcb59c0adc03966144585a364dabb720055655e61eb2245166908b1df,4,False,False,False,,,,True,False,3_within_split,train/pituitary/brisc2025_train_04588_pi_sa_t1.jpg,666
train/pituitary/brisc2025_train_04589_pi_sa_t1.jpg,train/pituitary/brisc2025_train_04590_pi_sa_t1.jpg,e02e6824a374663baad91c59340b8002e6f9bf8d10ba3fb046581b1972dcc301,80eea514ad8f0221f208b36ced55d1b0659e43b63825a6601179159248d860c1,4,False,False,False,,,,True,False,3_within_split,train/pituitary/brisc2025_train_04590_pi_sa_t1.jpg,673
train/pituitary/brisc2025_train_04594_pi_sa_t1.jpg,train/pituitary/brisc2025_train_04669_pi_sa_t1.jpg,c27c953b150b8cfa6c2820bac42a13a5d1b5b6420409973ba07a18542429afd5,2fc97fcdbb74907e1f32a2ee95a97353a26c40076a53628a530f738f3292a1ee,4,False,False,False,,,,True,False,3_within_split,,657
train/pituitary/brisc2025_train_04594_pi_sa_t1.jpg,train/pituitary/brisc2025_train_04670_pi_sa_t1.jpg,c27c953b150b8cfa6c2820bac42a13a5d1b5b6420409973ba07a18542429afd5,e80f43f4f1febc8a8031b42cfaf228b1764355e42d0512505b8929ebf432dd60,4,False,False,False,,,,True,False,3_within_split,,657
train/pituitary/brisc2025_train_04600_pi_sa_t1.jpg,train/pituitary/brisc2025_train_04602_pi_sa_t1.jpg,3719dd82c068737f685c63f7fcc79e13ec2cabd315ffbed93db49c010fd719a4,6e7df1c2518806102376ee4fd86b7512535cd89a8272c185d1932a438eb9eeb4,4,False,False,False,,,,True,False,3_within_split,train/pituitary/brisc2025_train_04602_pi_sa_t1.jpg,675
train/pituitary/brisc2025_train_04600_pi_sa_t1.jpg,train/pituitary/brisc2025_train_04606_pi_sa_t1.jpg,3719dd82c068737f685c63f7fcc79e13ec2cabd315ffbed93db49c010fd719a4,4942c3df21bd714e4d0fe9db03de2c005143ca836e4f22d7aae05e9d6206ae90,4,False,False,False,,,,True,False,3_within_split,train/pituitary/brisc2025_train_04606_pi_sa_t1.jpg,675
train/pituitary/brisc2025_train_04601_pi_sa_t1.jpg,train/pituitary/brisc2025_train_04602_pi_sa_t1.jpg,58ebe415bb00af6702b457b014c58afd9c302861e503dbc5ee01cd0ac6b09036,6e7df1c2518806102376ee4fd86b7512535cd89a8272c185d1932a438eb9eeb4,4,False,False,False,,,,True,False,3_within_split,,675
train/pituitary/brisc2025_train_04601_pi_sa_t1.jpg,train/pituitary/brisc2025_train_04605_pi_sa_t1.jpg,58ebe415bb00af6702b457b014c58afd9c302861e503dbc5ee01cd0ac6b09036,0dd42bcae44d080bbc2678c42ca3884e8c8682b95a0255ca19872029a36491d4,4,False,False,False,,,,True,False,3_within_split,train/pituitary/brisc2025_train_04605_pi_sa_t1.jpg,675
train/pituitary/brisc2025_train_04601_pi_sa_t1.jpg,train/pituitary/brisc2025_train_04606_pi_sa_t1.jpg,58ebe415bb00af6702b457b014c58afd9c302861e503dbc5ee01cd0ac6b09036,4942c3df21bd714e4d0fe9db03de2c005143ca836e4f22d7aae05e9d6206ae90,4,False,False,False,,,,True,False,3_within_split,,675
train/pituitary/brisc2025_train_04602_pi_sa_t1.jpg,train/pituitary/brisc2025_train_04603_pi_sa_t1.jpg,6e7df1c2518806102376ee4fd86b7512535cd89a8272c185d1932a438eb9eeb4,61d93c3ed3679a865b1671fcfc8cf2e211e4fe2b0d702fb1506a073d36bcae33,4,False,False,False,,,,True,False,3_within_split,,675
train/pituitary/brisc2025_train_04602_pi_sa_t1.jpg,train/pituitary/brisc2025_train_04605_pi_sa_t1.jpg,6e7df1c2518806102376ee4fd86b7512535cd89a8272c185d1932a438eb9eeb4,0dd42bcae44d080bbc2678c42ca3884e8c8682b95a0255ca19872029a36491d4,4,False,False,False,,,,True,False,3_within_split,,675
train/pituitary/brisc2025_train_04602_pi_sa_t1.jpg,train/pituitary/brisc2025_train_04606_pi_sa_t1.jpg,6e7df1c2518806102376ee4fd86b7512535cd89a8272c185d1932a438eb9eeb4,4942c3df21bd714e4d0fe9db03de2c005143ca836e4f22d7aae05e9d6206ae90,4,False,False,False,,,,True,False,3_within_split,,675
train/pituitary/brisc2025_train_04611_pi_sa_t1.jpg,train/pituitary/brisc2025_train_04612_pi_sa_t1.jpg,a30902b53ded75d82bc63044ff156a3cc12c52a8b1d12cd860777c2dbe0fe5ab,db7f88c5e48cf7961642f5bc3ddec9ab30811841ee77ff98e23207e9017912c2,4,False,False,False,,,,True,False,3_within_split,train/pituitary/brisc2025_train_04612_pi_sa_t1.jpg,676
train/pituitary/brisc2025_train_04612_pi_sa_t1.jpg,train/pituitary/brisc2025_train_04613_pi_sa_t1.jpg,db7f88c5e48cf7961642f5bc3ddec9ab30811841ee77ff98e23207e9017912c2,93d6fc0863ca5409c241367b0285c5c5d5f7f5e2dd96ffe4d69ad2cd74414b4e,4,False,False,False,,,,True,False,3_within_split,,676
train/pituitary/brisc2025_train_04615_pi_sa_t1.jpg,train/pituitary/brisc2025_train_04618_pi_sa_t1.jpg,de22eb828ef4e8a3fc3bc01957398196923119da5945efaf7cd9786413d91006,32b7033da0e4acfbd51422d2692e37b962ffa1f9a0e779c89d4b38bb950bdfb8,4,False,False,False,,,,True,False,3_within_split,train/pituitary/brisc2025_train_04618_pi_sa_t1.jpg,677
train/pituitary/brisc2025_train_04615_pi_sa_t1.jpg,train/pituitary/brisc2025_train_04619_pi_sa_t1.jpg,de22eb828ef4e8a3fc3bc01957398196923119da5945efaf7cd9786413d91006,9960a7ff8e98e8eba2129d547a8aca3a0bd216c40066d075daf89406667926c9,4,False,False,False,,,,True,False,3_within_split,train/pituitary/brisc2025_train_04619_pi_sa_t1.jpg,677
train/pituitary/brisc2025_train_04615_pi_sa_t1.jpg,train/pituitary/brisc2025_train_04620_pi_sa_t1.jpg,de22eb828ef4e8a3fc3bc01957398196923119da5945efaf7cd9786413d91006,62898b063c0c8546cce9d6d541256f56510a567b60b667022fee1b4a0190a64a,4,False,False,False,,,,True,False,3_within_split,train/pituitary/brisc2025_train_04620_pi_sa_t1.jpg,677
train/pituitary/brisc2025_train_04616_pi_sa_t1.jpg,train/pituitary/brisc2025_train_04617_pi_sa_t1.jpg,0f1cb299ff1c665492699839b5bc951b24819e229d6a4d0cff8557f2e09343b3,c1724a49e6d78cdf98935f1e8eb671d659c99b3f547afc98f9621efa88429804,4,False,False,False,,,,True,False,3_within_split,train/pituitary/brisc2025_train_04617_pi_sa_t1.jpg,677
train/pituitary/brisc2025_train_04616_pi_sa_t1.jpg,train/pituitary/brisc2025_train_04618_pi_sa_t1.jpg,0f1cb299ff1c665492699839b5bc951b24819e229d6a4d0cff8557f2e09343b3,32b7033da0e4acfbd51422d2692e37b962ffa1f9a0e779c89d4b38bb950bdfb8,4,False,False,False,,,,True,False,3_within_split,,677
train/pituitary/brisc2025_train_04617_pi_sa_t1.jpg,train/pituitary/brisc2025_train_04618_pi_sa_t1.jpg,c1724a49e6d78cdf98935f1e8eb671d659c99b3f547afc98f9621efa88429804,32b7033da0e4acfbd51422d2692e37b962ffa1f9a0e779c89d4b38bb950bdfb8,4,False,False,False,,,,True,False,3_within_split,,677
train/pituitary/brisc2025_train_04617_pi_sa_t1.jpg,train/pituitary/brisc2025_train_04619_pi_sa_t1.jpg,c1724a49e6d78cdf98935f1e8eb671d659c99b3f547afc98f9621efa88429804,9960a7ff8e98e8eba2129d547a8aca3a0bd216c40066d075daf89406667926c9,4,False,False,False,,,,True,False,3_within_split,,677
train/pituitary/brisc2025_train_04618_pi_sa_t1.jpg,train/pituitary/brisc2025_train_04619_pi_sa_t1.jpg,32b7033da0e4acfbd51422d2692e37b962ffa1f9a0e779c89d4b38bb950bdfb8,9960a7ff8e98e8eba2129d547a8aca3a0bd216c40066d075daf89406667926c9,4,False,False,False,,,,True,False,3_within_split,,677
train/pituitary/brisc2025_train_04619_pi_sa_t1.jpg,train/pituitary/brisc2025_train_04620_pi_sa_t1.jpg,9960a7ff8e98e8eba2129d547a8aca3a0bd216c40066d075daf89406667926c9,62898b063c0c8546cce9d6d541256f56510a567b60b667022fee1b4a0190a64a,4,False,False,False,,,,True,False,3_within_split,,677
train/pituitary/brisc2025_train_04631_pi_sa_t1.jpg,train/pituitary/brisc2025_train_04634_pi_sa_t1.jpg,85e567bc46c5ba3eb651af2e76d84f1f8353f3bb02009a4d44aab284a32d9e9c,3006fcd22a70086e4994174ce9a92437d0440148532d9c84dde675c488ec5066,4,False,False,False,,,,True,False,3_within_split,train/pituitary/brisc2025_train_04634_pi_sa_t1.jpg,281
train/pituitary/brisc2025_train_04632_pi_sa_t1.jpg,train/pituitary/brisc2025_train_04634_pi_sa_t1.jpg,9d65acd152ccaa81d3531e73d412898186474f3eedbbbf9c3ae13ef4f341ef68,3006fcd22a70086e4994174ce9a92437d0440148532d9c84dde675c488ec5066,4,False,False,False,,,,True,False,3_within_split,,281
train/pituitary/brisc2025_train_04633_pi_sa_t1.jpg,train/pituitary/brisc2025_train_04751_pi_sa_t1.jpg,6fd1bbdeceb17b97157035d5eababa06fab8b0655d248531967fe58ac42be1ba,6d4f59f661247bdd290f3432a628db82fac30fc1afbabb3d801bac4146055ef7,4,False,False,False,,,,True,False,3_within_split,,281
train/pituitary/brisc2025_train_04634_pi_sa_t1.jpg,train/pituitary/brisc2025_train_04720_pi_sa_t1.jpg,3006fcd22a70086e4994174ce9a92437d0440148532d9c84dde675c488ec5066,14d3261551437ce7ac559378bc8d837b4ad99649a8bd0b7d962a6fa305f256b4,4,False,False,False,,,,True,False,3_within_split,,281
train/pituitary/brisc2025_train_04634_pi_sa_t1.jpg,train/pituitary/brisc2025_train_04751_pi_sa_t1.jpg,3006fcd22a70086e4994174ce9a92437d0440148532d9c84dde675c488ec5066,6d4f59f661247bdd290f3432a628db82fac30fc1afbabb3d801bac4146055ef7,4,False,False,False,,,,True,False,3_within_split,,281
train/pituitary/brisc2025_train_04635_pi_sa_t1.jpg,train/pituitary/brisc2025_train_04636_pi_sa_t1.jpg,d24ed1577de77f289d9fff6eb001012389a169e57e99a1d8a80d553ed1188d3e,86a29a42c81f4204cac89a9915aeff2e19225b346261ea1f6b8917fbf5d038d7,4,False,False,False,,,,True,False,3_within_split,train/pituitary/brisc2025_train_04636_pi_sa_t1.jpg,281
train/pituitary/brisc2025_train_04646_pi_sa_t1.jpg,train/pituitary/brisc2025_train_04652_pi_sa_t1.jpg,8e2a3b157a7649233a936aa55b4b3c3174ab2d651fbf87f1af9070a58ddaef1f,0aacc35e5930ea8e75ec9e42976bc4f4d104ec618d8797e5c5c3341df88fee42,4,False,False,False,,,,True,False,3_within_split,train/pituitary/brisc2025_train_04652_pi_sa_t1.jpg,680
train/pituitary/brisc2025_train_04650_pi_sa_t1.jpg,train/pituitary/brisc2025_train_04651_pi_sa_t1.jpg,e578d23762d2b3736ff6b8d0c0ec8e6e40532e47228d7878250daa97d955ff76,54cd82638bdd10c0d459ec7ff9417b813ccc44cc41471d959add974cd302cb24,4,False,False,False,,,,True,False,3_within_split,train/pituitary/brisc2025_train_04651_pi_sa_t1.jpg,682
train/pituitary/brisc2025_train_04655_pi_sa_t1.jpg,train/pituitary/brisc2025_train_04656_pi_sa_t1.jpg,303e83613fa2aed8932bf7ca1035153e807541b5b4ad6eeb89b22225d175ebc9,6d6db7080f888869bb383d3012022bd0ed6fc01f8a2d45c4f083f60c07611523,4,False,False,False,,,,True,False,3_within_split,train/pituitary/brisc2025_train_04656_pi_sa_t1.jpg,683
train/pituitary/brisc2025_train_04660_pi_sa_t1.jpg,train/pituitary/brisc2025_train_04661_pi_sa_t1.jpg,de0474536d195a0fc4209cb2707a6a7d20fa3e6158989071c8815b09d2546c5e,f0f807c33e892a71ec56d183f5a5956c2ffde3cfc9334aafe4fb748a5790a1bb,4,False,False,False,,,,True,False,3_within_split,train/pituitary/brisc2025_train_04661_pi_sa_t1.jpg,684
train/pituitary/brisc2025_train_04664_pi_sa_t1.jpg,train/pituitary/brisc2025_train_04665_pi_sa_t1.jpg,9e4a16cf08dedf989025984901b55dc8dc8b78067bbb2bb251d580107e3176bb,ee3f9b41c2d75bf117fd49cbef26f526dc53cbac73066818dde1429bb7e0e367,4,False,False,False,,,,True,False,3_within_split,train/pituitary/brisc2025_train_04665_pi_sa_t1.jpg,685
train/pituitary/brisc2025_train_04678_pi_sa_t1.jpg,train/pituitary/brisc2025_train_04682_pi_sa_t1.jpg,e17e5e8773c5f822e0f3c281eb73dd46811a760f1556bccca31b53b7ebaaa073,18c55f319af9fcbf7d6d2300e9f0ba4daadabc891614a8aa227fde26c9c4d909,4,False,False,False,,,,True,False,3_within_split,train/pituitary/brisc2025_train_04682_pi_sa_t1.jpg,687
train/pituitary/brisc2025_train_04678_pi_sa_t1.jpg,train/pituitary/brisc2025_train_04698_pi_sa_t1.jpg,e17e5e8773c5f822e0f3c281eb73dd46811a760f1556bccca31b53b7ebaaa073,bc47b354bb396bd3c9cb95b3c4bdbd5f5a49213a7e4613bd094160460ba31dd2,4,False,False,False,,,,True,False,3_within_split,train/pituitary/brisc2025_train_04698_pi_sa_t1.jpg,687
train/pituitary/brisc2025_train_04682_pi_sa_t1.jpg,train/pituitary/brisc2025_train_04683_pi_sa_t1.jpg,18c55f319af9fcbf7d6d2300e9f0ba4daadabc891614a8aa227fde26c9c4d909,6c50addf215f8070698ffdbdba3776c630bfff719b0e7e3c3a445e1a5e59de2d,4,False,False,False,,,,True,False,3_within_split,,687
train/pituitary/brisc2025_train_04684_pi_sa_t1.jpg,train/pituitary/brisc2025_train_04685_pi_sa_t1.jpg,dc7024c5becfb5e95f87452725502f1d5cafba36713512d023b3ead227e5c9f2,6d45d2d3dd8a63165576b598ff499cccd04d0bbd60459b43c1b39550aec5d9c2,4,False,False,False,,,,True,False,3_within_split,train/pituitary/brisc2025_train_04685_pi_sa_t1.jpg,688
train/pituitary/brisc2025_train_04686_pi_sa_t1.jpg,train/pituitary/brisc2025_train_04687_pi_sa_t1.jpg,babe2204448db7fda826482dd1e2b5bcf360708511c1bcabacd7c923d3562d64,54297bfbb3b601b30c2c683c51c70f50d3149f39cf819308701d49034ca49a3b,4,False,False,False,,,,True,False,3_within_split,train/pituitary/brisc2025_train_04687_pi_sa_t1.jpg,689
train/pituitary/brisc2025_train_04688_pi_sa_t1.jpg,train/pituitary/brisc2025_train_04690_pi_sa_t1.jpg,56ebf4c1a544ae1e4d998444cb08b4c03ebd7c4e51def7d060e69b1923c06d8e,39eac376ac3c6aebacff77655015b1e1eb4cc1e67a1853a69796822a7e43124d,4,False,False,False,,,,True,False,3_within_split,train/pituitary/brisc2025_train_04690_pi_sa_t1.jpg,690
train/pituitary/brisc2025_train_04689_pi_sa_t1.jpg,train/pituitary/brisc2025_train_04690_pi_sa_t1.jpg,b66a6c1e11f627956b224a451cb4e4c5e0f291efb98de6587e4c2a459e71753b,39eac376ac3c6aebacff77655015b1e1eb4cc1e67a1853a69796822a7e43124d,4,False,False,False,,,,True,False,3_within_split,,690
train/pituitary/brisc2025_train_04691_pi_sa_t1.jpg,train/pituitary/brisc2025_train_04692_pi_sa_t1.jpg,270e1278a573a6a559075a6a01d412d00f72ad831c457138db6dad38aacf870b,cb11c4d66feff9efec2ee78763516b4a2de0fab290b881c1eafc81c2876b121c,4,False,False,False,,,,True,False,3_within_split,,690
train/pituitary/brisc2025_train_04695_pi_sa_t1.jpg,train/pituitary/brisc2025_train_04697_pi_sa_t1.jpg,a5d80f7431c618a38e8c8554ba1a76d78cf67888a0eafa1b18949b543cc6a21f,645df4a69cedf5ed8fd34976fd300304f805220e22bd5eed3ce2689a70ba55b1,4,False,False,False,,,,True,False,3_within_split,train/pituitary/brisc2025_train_04697_pi_sa_t1.jpg,691
train/pituitary/brisc2025_train_04702_pi_sa_t1.jpg,train/pituitary/brisc2025_train_04703_pi_sa_t1.jpg,411395c3c10c89ade0e4fe34a0debffb7c4d9f2ddf95396a9df60392dea546e5,3482831604d5b2de54c7d30dc3c6e5cb6281b7128f7a049161d64020f6691f26,4,False,False,False,,,,True,False,3_within_split,train/pituitary/brisc2025_train_04703_pi_sa_t1.jpg,692
train/pituitary/brisc2025_train_04711_pi_sa_t1.jpg,train/pituitary/brisc2025_train_04712_pi_sa_t1.jpg,105aa22a22ce6dc818191eb9f738f74599b266f88c4f108454bbac1c1e1fd911,4d56899f6e68c15728439e6a75953ba43840ba2c53a9b3f114f3f7b22780ef0c,4,False,False,False,,,,True,False,3_within_split,train/pituitary/brisc2025_train_04712_pi_sa_t1.jpg,694
train/pituitary/brisc2025_train_04714_pi_sa_t1.jpg,train/pituitary/brisc2025_train_04715_pi_sa_t1.jpg,382e731c8bd40e71fe2753b9b8e23edc51315ee859be93ffea0b5fd2fd1ef037,e12510f20039c44510978f3a49f130bde75879ff5c7fed3dcbf766e201457c1e,4,False,False,False,,,,True,False,3_within_split,train/pituitary/brisc2025_train_04715_pi_sa_t1.jpg,695
train/pituitary/brisc2025_train_04715_pi_sa_t1.jpg,train/pituitary/brisc2025_train_04716_pi_sa_t1.jpg,e12510f20039c44510978f3a49f130bde75879ff5c7fed3dcbf766e201457c1e,fc24fc9248c1a78f95f7b064ab58aaae6d20b2e31f7d3d6e887f22e4e4b3eff8,4,False,False,False,,,,True,False,3_within_split,,695
train/pituitary/brisc2025_train_04717_pi_sa_t1.jpg,train/pituitary/brisc2025_train_04718_pi_sa_t1.jpg,888ae8d9710ba7e7b12900ee9ab10ca1452ce99f7be22fdaa0f6e65b9838d1dd,1233966ce8e805be57ca632d63199d4e2ed3955082bc35393fb8a854fc92aec7,4,False,False,False,,,,True,False,3_within_split,train/pituitary/brisc2025_train_04718_pi_sa_t1.jpg,696
train/pituitary/brisc2025_train_04725_pi_sa_t1.jpg,train/pituitary/brisc2025_train_04726_pi_sa_t1.jpg,24c3cc1fc9d86e91b1122911e110ee145560ca820abb22eeb4c8754007ec91e8,8db77befa68a577e1727a8c534caef3b0d9157d87e7f70cc4f2f4cc866997798,4,False,False,False,,,,True,False,3_within_split,train/pituitary/brisc2025_train_04726_pi_sa_t1.jpg,697
train/pituitary/brisc2025_train_04725_pi_sa_t1.jpg,train/pituitary/brisc2025_train_04728_pi_sa_t1.jpg,24c3cc1fc9d86e91b1122911e110ee145560ca820abb22eeb4c8754007ec91e8,1575e27105569f45619a84d1506682caa2689ce80fcfd7c5611e5df93a5f9955,4,False,False,False,,,,True,False,3_within_split,train/pituitary/brisc2025_train_04728_pi_sa_t1.jpg,697
train/pituitary/brisc2025_train_04729_pi_sa_t1.jpg,train/pituitary/brisc2025_train_04733_pi_sa_t1.jpg,899b1a25a7f144e7646ecc9fa10e0ef9721dfdb54ed4689556ae0db8907af393,1ee599ef78a688ee97a1b76f5fa577e47b377e4798e6892da63540dd3a8aae9f,4,False,False,False,,,,True,False,3_within_split,train/pituitary/brisc2025_train_04733_pi_sa_t1.jpg,698
train/pituitary/brisc2025_train_04730_pi_sa_t1.jpg,train/pituitary/brisc2025_train_04733_pi_sa_t1.jpg,6d5041976ac234dd6163a564439d2d052cdd5c139c1f5d29b50f76457ac98ff6,1ee599ef78a688ee97a1b76f5fa577e47b377e4798e6892da63540dd3a8aae9f,4,False,False,False,,,,True,False,3_within_split,,698
train/pituitary/brisc2025_train_04732_pi_sa_t1.jpg,train/pituitary/brisc2025_train_04733_pi_sa_t1.jpg,f201e240c765dd650146cb09c8197069a6f7fda60be0f6b9ca1286f15d02eb16,1ee599ef78a688ee97a1b76f5fa577e47b377e4798e6892da63540dd3a8aae9f,4,False,False,False,,,,True,False,3_within_split,,698
train/pituitary/brisc2025_train_04735_pi_sa_t1.jpg,train/pituitary/brisc2025_train_04736_pi_sa_t1.jpg,1a978a472d36c94cabd8f4e78a28954d76c11e4acaeb0b730fc2f5069a2eb60b,0a460f8b5dc7a944d20023245fae69c49f08753986de3a9a79b31cc156b7eb1e,4,False,False,False,,,,True,False,3_within_split,train/pituitary/brisc2025_train_04736_pi_sa_t1.jpg,699
train/pituitary/brisc2025_train_04738_pi_sa_t1.jpg,train/pituitary/brisc2025_train_04739_pi_sa_t1.jpg,53cf25a2e4879eab804e2fa56f1ad22f8d5c8082c5729ad027eb734bb854c986,0ab28e8d7266b04f99dcd7c8c2f210e1fddec11f21d2e53f134ccd7e8d6e99d1,4,False,False,False,,,,True,False,3_within_split,train/pituitary/brisc2025_train_04739_pi_sa_t1.jpg,279
train/pituitary/brisc2025_train_04739_pi_sa_t1.jpg,train/pituitary/brisc2025_train_04740_pi_sa_t1.jpg,0ab28e8d7266b04f99dcd7c8c2f210e1fddec11f21d2e53f134ccd7e8d6e99d1,deb84c8fc0de967539c870cf987b48056fadb9ab53c33899d0f7fce691b0c820,4,False,False,False,,,,True,False,3_within_split,,279
train/pituitary/brisc2025_train_04746_pi_sa_t1.jpg,train/pituitary/brisc2025_train_04747_pi_sa_t1.jpg,f6346cc85d2e6661bd1c8fc0f9ddf794c359bcf7d9602942430fe1263f1d53a4,191ce712494ccfda4f1a2a43f3c6c8e8530a34774c3d6df1b4b6221d23b3d77c,4,False,False,False,,,,True,False,3_within_split,train/pituitary/brisc2025_train_04747_pi_sa_t1.jpg,280
train/pituitary/brisc2025_train_04752_pi_sa_t1.jpg,train/pituitary/brisc2025_train_04753_pi_sa_t1.jpg,cc2fba74aa724ca2f3c59562a3a4578b20b10ecff17058796424221022bf3ad0,efe1e6fe0be253ca90c4a2e1475afe42260c625522c6e49e946c085f1bd1e3ba,4,False,False,False,,,,True,False,3_within_split,train/pituitary/brisc2025_train_04753_pi_sa_t1.jpg,282
train/pituitary/brisc2025_train_04756_pi_sa_t1.jpg,train/pituitary/brisc2025_train_04757_pi_sa_t1.jpg,e2f6b85374e93981fc5362eda26d8487eed83981b23552cacc8089c2b810ede1,3b7aa24d390beb1641274fda437655f427898a8e7a142f6bf03324b5b361a845,4,False,False,False,,,,True,False,3_within_split,train/pituitary/brisc2025_train_04757_pi_sa_t1.jpg,701
train/pituitary/brisc2025_train_04766_pi_sa_t1.jpg,train/pituitary/brisc2025_train_04768_pi_sa_t1.jpg,966b783f0904f0a1e269638cb29afe60b93072a5023abcc4096fceb87d0bf69e,fd924f149d4d7d9b46d77c728cd15f298c96c58aca33a9bce4bc21c493e7b4ee,4,False,False,False,,,,True,False,3_within_split,train/pituitary/brisc2025_train_04768_pi_sa_t1.jpg,284
train/pituitary/brisc2025_train_04771_pi_sa_t1.jpg,train/pituitary/brisc2025_train_04772_pi_sa_t1.jpg,076c03f7cdbb31442cb8bc5e96fd3f28fcefbb7b3d47c6f859e4b48f230531be,543320ab64731031acfbdafe905f380f4b25fe06b2b309770e5edda74b643f4d,4,False,False,False,,,,True,False,3_within_split,train/pituitary/brisc2025_train_04772_pi_sa_t1.jpg,702
train/pituitary/brisc2025_train_04775_pi_sa_t1.jpg,train/pituitary/brisc2025_train_04778_pi_sa_t1.jpg,622be4935ec42946d989914cebcecab2d4abf9f271f88ab1d0ffb2b7b27356b0,6749f78b3b9ea7efa5baa387c6c684a95c6e98fb033102fc4958c1215c01023c,4,False,False,False,,,,True,False,3_within_split,train/pituitary/brisc2025_train_04778_pi_sa_t1.jpg,703
train/pituitary/brisc2025_train_04775_pi_sa_t1.jpg,train/pituitary/brisc2025_train_04779_pi_sa_t1.jpg,622be4935ec42946d989914cebcecab2d4abf9f271f88ab1d0ffb2b7b27356b0,eaa0b66cc09134ffd09995e10ce99c1c1326f742e80f317b11607ce5ea031f3e,4,False,False,False,,,,True,False,3_within_split,train/pituitary/brisc2025_train_04779_pi_sa_t1.jpg,703
train/pituitary/brisc2025_train_04779_pi_sa_t1.jpg,train/pituitary/brisc2025_train_04794_pi_sa_t1.jpg,eaa0b66cc09134ffd09995e10ce99c1c1326f742e80f317b11607ce5ea031f3e,270954c62901676d28bf7c45605f30adc7fab4457c9c6ecfb0cd9fa0777500f5,4,False,False,False,,,,True,False,3_within_split,,703
train/pituitary/brisc2025_train_04780_pi_sa_t1.jpg,train/pituitary/brisc2025_train_04781_pi_sa_t1.jpg,ef78100b55df5e524435a5a555d42fc7d0e909b6400f17917b655c504b192371,d4d574ce487be642016532453336ca6403b65971034e325fae945cf62db00f6c,4,False,False,False,,,,True,False,3_within_split,train/pituitary/brisc2025_train_04781_pi_sa_t1.jpg,286
train/pituitary/brisc2025_train_04783_pi_sa_t1.jpg,train/pituitary/brisc2025_train_04784_pi_sa_t1.jpg,d622c25575d638cf3ff8995d9c5d66b2a0c954f7156fe322284ef4bc8329e620,815182933c6348858cbfda6c071b4519bab68bc8d37446fc000d79b42aa432a6,4,False,False,False,,,,True,False,3_within_split,train/pituitary/brisc2025_train_04784_pi_sa_t1.jpg,287
train/pituitary/brisc2025_train_04783_pi_sa_t1.jpg,train/pituitary/brisc2025_train_04803_pi_sa_t1.jpg,d622c25575d638cf3ff8995d9c5d66b2a0c954f7156fe322284ef4bc8329e620,5438ee9b795115b63b875fed6a2b1907307a8d4109c9ae18071a4b081a256f8d,4,False,False,False,,,,True,False,3_within_split,train/pituitary/brisc2025_train_04803_pi_sa_t1.jpg,287
train/pituitary/brisc2025_train_04784_pi_sa_t1.jpg,train/pituitary/brisc2025_train_04803_pi_sa_t1.jpg,815182933c6348858cbfda6c071b4519bab68bc8d37446fc000d79b42aa432a6,5438ee9b795115b63b875fed6a2b1907307a8d4109c9ae18071a4b081a256f8d,4,False,False,False,,,,True,False,3_within_split,,287
train/pituitary/brisc2025_train_04786_pi_sa_t1.jpg,train/pituitary/brisc2025_train_04789_pi_sa_t1.jpg,bf3a2b2bb951fc4e54fd7d50a273fafaae8eb069d8b81c669cbf9fc0ee35fe98,fdf47eeeeecb6468e2eb2d64c7b76dccc4efa41f803266e33a917fb24bafd082,4,False,False,False,,,,True,False,3_within_split,train/pituitary/brisc2025_train_04789_pi_sa_t1.jpg,288
train/pituitary/brisc2025_train_04787_pi_sa_t1.jpg,train/pituitary/brisc2025_train_04789_pi_sa_t1.jpg,694f73be38251b40dd8f1d0b7b69c2d4bc8b4b9dda70e2ae143eb20f7125b444,fdf47eeeeecb6468e2eb2d64c7b76dccc4efa41f803266e33a917fb24bafd082,4,False,False,False,,,,True,False,3_within_split,,288
train/pituitary/brisc2025_train_04788_pi_sa_t1.jpg,train/pituitary/brisc2025_train_04789_pi_sa_t1.jpg,4bf1d90c772da2bee9dafb8ef1c79584806235d370d8b6f71e5f17a68f6fd56c,fdf47eeeeecb6468e2eb2d64c7b76dccc4efa41f803266e33a917fb24bafd082,4,False,False,False,,,,True,False,3_within_split,,288
train/pituitary/brisc2025_train_04796_pi_sa_t1.jpg,train/pituitary/brisc2025_train_04859_pi_sa_t1.jpg,5903c1c4cfb40c055de99c0cc57a1f4176aad99cab845791cb51f51ebc004a89,fd350eeb3529a13beb02489af5a22828385dc6b30798d3f497ca1fe92a887522,4,False,False,False,,,,True,False,3_within_split,train/pituitary/brisc2025_train_04859_pi_sa_t1.jpg,704
train/pituitary/brisc2025_train_04807_pi_sa_t1.jpg,train/pituitary/brisc2025_train_04808_pi_sa_t1.jpg,21a64f68380ab7d0a417d6813492d49ea649d17a23cdb7715fbd4f764120961b,b157acf9ed953e2bcfc188db0f31a5f2ec36527b7ba405096116856567ce894c,4,False,False,False,,,,True,False,3_within_split,train/pituitary/brisc2025_train_04808_pi_sa_t1.jpg,705
train/pituitary/brisc2025_train_04811_pi_sa_t1.jpg,train/pituitary/brisc2025_train_04812_pi_sa_t1.jpg,39d223a3c7295c47330997068b4dc4f14d85afa76b8a8b41d285c51b38413cea,1f8b1f5fba5cb60f430f205c466832cfeb59b2083ab216a0cfb918bafbbaa2d8,4,False,False,False,,,,True,False,3_within_split,train/pituitary/brisc2025_train_04812_pi_sa_t1.jpg,706
train/pituitary/brisc2025_train_04819_pi_sa_t1.jpg,train/pituitary/brisc2025_train_04820_pi_sa_t1.jpg,18119fd14ca164d7384283a9affa626cd8f5cc12877f9c46763ed165ffcf6466,c3dd440ac7db75f0656ddaf396879e77033654896cb45089b5b653164cad7b71,4,False,False,False,,,,True,False,3_within_split,train/pituitary/brisc2025_train_04820_pi_sa_t1.jpg,707
train/pituitary/brisc2025_train_04820_pi_sa_t1.jpg,train/pituitary/brisc2025_train_04821_pi_sa_t1.jpg,c3dd440ac7db75f0656ddaf396879e77033654896cb45089b5b653164cad7b71,ad4e1861544fadbb830c3c83777c3e52276d1376a787dc95e87de724e893872b,4,False,False,False,,,,True,False,3_within_split,,707
train/pituitary/brisc2025_train_04822_pi_sa_t1.jpg,train/pituitary/brisc2025_train_04825_pi_sa_t1.jpg,05e94a7495d6ad9167059d51bab54a91d28abcad187b11205937d8f91bd1af27,71274b17a57303fb1b4b8813f733c036705b4c07e6dcaba320659337d1abe74f,4,False,False,False,,,,True,False,3_within_split,train/pituitary/brisc2025_train_04825_pi_sa_t1.jpg,708
train/pituitary/brisc2025_train_04837_pi_sa_t1.jpg,train/pituitary/brisc2025_train_04838_pi_sa_t1.jpg,9a4f44940012b22b81a332c7b2bfc716f9bd037c3e0785550267a349c1277d4c,b3702b83372ee6b6cf7b20eae6f27492db189f52a599be79233e6622f256006a,4,False,False,False,,,,True,False,3_within_split,train/pituitary/brisc2025_train_04838_pi_sa_t1.jpg,296
train/pituitary/brisc2025_train_04837_pi_sa_t1.jpg,train/pituitary/brisc2025_train_04839_pi_sa_t1.jpg,9a4f44940012b22b81a332c7b2bfc716f9bd037c3e0785550267a349c1277d4c,68643c08b53b71bc9c95e4aa6f7eae2056f310597883c2c53ce650a783c98d66,4,False,False,False,,,,True,False,3_within_split,train/pituitary/brisc2025_train_04839_pi_sa_t1.jpg,296
train/pituitary/brisc2025_train_04838_pi_sa_t1.jpg,train/pituitary/brisc2025_train_04981_pi_sa_t1.jpg,b3702b83372ee6b6cf7b20eae6f27492db189f52a599be79233e6622f256006a,d56d8d4458622895fc1a4e22f812c8a07019f5c42555b4d01fc202c7af753e19,4,False,False,False,,,,True,False,3_within_split,,296
train/pituitary/brisc2025_train_04839_pi_sa_t1.jpg,train/pituitary/brisc2025_train_04981_pi_sa_t1.jpg,68643c08b53b71bc9c95e4aa6f7eae2056f310597883c2c53ce650a783c98d66,d56d8d4458622895fc1a4e22f812c8a07019f5c42555b4d01fc202c7af753e19,4,False,False,False,,,,True,False,3_within_split,,296
train/pituitary/brisc2025_train_04843_pi_sa_t1.jpg,train/pituitary/brisc2025_train_04844_pi_sa_t1.jpg,849a42ce51625d0783ae7e31494101364239d600da8f964c7c2f33cd99e8057c,599c1570a495e2a31f2e272e7a3ca53437f27a07d22871b83f9709cebeb2c0a3,4,False,False,False,,,,True,False,3_within_split,train/pituitary/brisc2025_train_04844_pi_sa_t1.jpg,297
train/pituitary/brisc2025_train_04845_pi_sa_t1.jpg,train/pituitary/brisc2025_train_04846_pi_sa_t1.jpg,d46b547a7e9f010e10c02ce7f825aa7b794a469c44f32ca722c36ff596ee25f8,f2ab017925e3b90670a98cbc192c8a4432c5669a04f5017a5a5f6f0f05a4a85e,4,False,False,False,,,,True,False,3_within_split,train/pituitary/brisc2025_train_04846_pi_sa_t1.jpg,298
train/pituitary/brisc2025_train_04861_pi_sa_t1.jpg,train/pituitary/brisc2025_train_04862_pi_sa_t1.jpg,5d1aa1c333b2f962207ecbed3184eef5c7b10fa722ccd37a5a304b7da4a31393,bf3930763e2ca22755d8472d76ab37ce8bd476333e4abe349c6b8ca0610f4851,4,False,False,False,,,,True,False,3_within_split,train/pituitary/brisc2025_train_04862_pi_sa_t1.jpg,710
train/pituitary/brisc2025_train_04864_pi_sa_t1.jpg,train/pituitary/brisc2025_train_04865_pi_sa_t1.jpg,59f1f1e66a11861289de1957bbe33cf3030971c7419ae792fb2d3f361a398ece,f0de08e0db0b9700ae689d0e9328b2ba856d0194f15c58fbe80f666edafd6f42,4,False,False,False,,,,True,False,3_within_split,train/pituitary/brisc2025_train_04865_pi_sa_t1.jpg,301
train/pituitary/brisc2025_train_04864_pi_sa_t1.jpg,train/pituitary/brisc2025_train_04867_pi_sa_t1.jpg,59f1f1e66a11861289de1957bbe33cf3030971c7419ae792fb2d3f361a398ece,0a45a995e13a0ca574cc5e0efd9757e62c93130b3a086235d9383cf4abd81280,4,False,False,False,,,,True,False,3_within_split,train/pituitary/brisc2025_train_04867_pi_sa_t1.jpg,301
train/pituitary/brisc2025_train_04865_pi_sa_t1.jpg,train/pituitary/brisc2025_train_04867_pi_sa_t1.jpg,f0de08e0db0b9700ae689d0e9328b2ba856d0194f15c58fbe80f666edafd6f42,0a45a995e13a0ca574cc5e0efd9757e62c93130b3a086235d9383cf4abd81280,4,False,False,False,,,,True,False,3_within_split,,301
train/pituitary/brisc2025_train_04870_pi_sa_t1.jpg,train/pituitary/brisc2025_train_04871_pi_sa_t1.jpg,cd12a7d44549931add5490368ff8d34dc95e7612ad0babd2087d3a73af9c566d,65f15f0f7f6c56a3367511ac01007b6459f28285c0f623da5bc8c3f822a353d4,4,False,False,False,,,,True,False,3_within_split,train/pituitary/brisc2025_train_04871_pi_sa_t1.jpg,711
train/pituitary/brisc2025_train_04878_pi_sa_t1.jpg,train/pituitary/brisc2025_train_04880_pi_sa_t1.jpg,cfea4c73b72d4405d9a78c084eab728b58d621876727407e9c3e8b447dd523a5,50471d99b5d71f3b05f6e013c639846b2245d67d5ae2ad0ba3c2514ed717bf75,4,False,False,False,,,,True,False,3_within_split,train/pituitary/brisc2025_train_04880_pi_sa_t1.jpg,293
train/pituitary/brisc2025_train_04887_pi_sa_t1.jpg,train/pituitary/brisc2025_train_04888_pi_sa_t1.jpg,6711d5d0c194fd7ec7eeac340570761cc263023055f4a83842d702d60881c620,55590615259890e6c0ebb6289099fb676ecc50fb853c07569465552809745c05,4,False,False,False,,,,True,False,3_within_split,train/pituitary/brisc2025_train_04888_pi_sa_t1.jpg,712
train/pituitary/brisc2025_train_04892_pi_sa_t1.jpg,train/pituitary/brisc2025_train_04893_pi_sa_t1.jpg,4efe9e74cd516c6abc1ed00a53bd2fb5a7a36e5e9e4675cccfb5bdca80a07310,f293d7b720c78b0cb89aced12e741c1eb6825e9adc038b356d52354723814995,4,False,False,False,,,,True,False,3_within_split,train/pituitary/brisc2025_train_04893_pi_sa_t1.jpg,713
train/pituitary/brisc2025_train_04902_pi_sa_t1.jpg,train/pituitary/brisc2025_train_04903_pi_sa_t1.jpg,9ae6a3343b970e96387ae95f6ee4d97e918a0b5c179db22f4702e85516e03975,d36673febeeff80e670075dd8ee4cd3cc116237aff4ce5ce86dfdcc4e591b437,4,False,False,False,,,,True,False,3_within_split,train/pituitary/brisc2025_train_04903_pi_sa_t1.jpg,714
train/pituitary/brisc2025_train_04932_pi_sa_t1.jpg,train/pituitary/brisc2025_train_04933_pi_sa_t1.jpg,c00f4d4822ae31955e3188e22f79b5e5ee158a7d7fe12a6c2d7d32d37b78880b,2f878c7a1bb4aafd7b602aefb3e60199f229673204d7c14980e9299babaef5b2,4,False,False,False,,,,True,False,3_within_split,train/pituitary/brisc2025_train_04933_pi_sa_t1.jpg,715
train/pituitary/brisc2025_train_04933_pi_sa_t1.jpg,train/pituitary/brisc2025_train_04934_pi_sa_t1.jpg,2f878c7a1bb4aafd7b602aefb3e60199f229673204d7c14980e9299babaef5b2,413b0d073e697dba1854c4b805f84c8d3ca017bf9db10aa33d5318f522adb402,4,False,False,False,,,,True,False,3_within_split,,715
train/pituitary/brisc2025_train_04944_pi_sa_t1.jpg,train/pituitary/brisc2025_train_04946_pi_sa_t1.jpg,31292be38b64ffaa400e35873164d23c714d5c02a08c5bc48f393b011f2d1868,54fb3860c69fe79daef27175ff92095d116bd23ec7658a0ba7283e84e48e0704,4,False,False,False,,,,True,False,3_within_split,train/pituitary/brisc2025_train_04946_pi_sa_t1.jpg,309
train/pituitary/brisc2025_train_04945_pi_sa_t1.jpg,train/pituitary/brisc2025_train_04946_pi_sa_t1.jpg,ba76a8a97c43f2de46a3df805c90001c3a157e19710fadf0322792e5b76af3f4,54fb3860c69fe79daef27175ff92095d116bd23ec7658a0ba7283e84e48e0704,4,False,False,False,,,,True,False,3_within_split,,309
train/pituitary/brisc2025_train_04948_pi_sa_t1.jpg,train/pituitary/brisc2025_train_04949_pi_sa_t1.jpg,61131abc6c35d47066834551e814c5e8106391ce59894f5585616c026f5c5d28,15407511c374c4dd78c098879caa23b6956ab8c62bd91c5f833b119c0e7ec61e,4,False,False,False,,,,True,False,3_within_split,train/pituitary/brisc2025_train_04949_pi_sa_t1.jpg,716
train/pituitary/brisc2025_train_04950_pi_sa_t1.jpg,train/pituitary/brisc2025_train_04955_pi_sa_t1.jpg,79100a40899dc93068e8e48589201542f9b393c246723370d9e102dae642c743,0f703766db923ddf041115cf724a341cd2d2f225df172abb52b42bd7a9c3d2b2,4,False,False,False,,,,True,False,3_within_split,train/pituitary/brisc2025_train_04955_pi_sa_t1.jpg,310
train/pituitary/brisc2025_train_04950_pi_sa_t1.jpg,train/pituitary/brisc2025_train_04987_pi_sa_t1.jpg,79100a40899dc93068e8e48589201542f9b393c246723370d9e102dae642c743,293cdaedb1fc046c97105c6a69b062917cc617348d84120e23ee2558571b1e54,4,False,False,False,,,,True,False,3_within_split,train/pituitary/brisc2025_train_04987_pi_sa_t1.jpg,310
train/pituitary/brisc2025_train_04951_pi_sa_t1.jpg,train/pituitary/brisc2025_train_04952_pi_sa_t1.jpg,3db3394b70b3d42904ffbb0ad2511996fbdb3a1605e4e46ff73877bb331808f4,714648fe4d16dd71306def2c9a5b621a1b68db3517af24c77b3838460b9cc94f,4,False,False,False,,,,True,False,3_within_split,train/pituitary/brisc2025_train_04952_pi_sa_t1.jpg,310
train/pituitary/brisc2025_train_04951_pi_sa_t1.jpg,train/pituitary/brisc2025_train_04987_pi_sa_t1.jpg,3db3394b70b3d42904ffbb0ad2511996fbdb3a1605e4e46ff73877bb331808f4,293cdaedb1fc046c97105c6a69b062917cc617348d84120e23ee2558571b1e54,4,False,False,False,,,,True,False,3_within_split,,310
train/pituitary/brisc2025_train_04952_pi_sa_t1.jpg,train/pituitary/brisc2025_train_04953_pi_sa_t1.jpg,714648fe4d16dd71306def2c9a5b621a1b68db3517af24c77b3838460b9cc94f,919b4880b1f291a9f5a200445e75e9dbc89eb506072676edca1da902d4322c6f,4,False,False,False,,,,True,False,3_within_split,,310
train/pituitary/brisc2025_train_04956_pi_sa_t1.jpg,train/pituitary/brisc2025_train_04958_pi_sa_t1.jpg,9abb8d446e246cd53406031a122ad4730c1271d1c797bcf5037f1eb49cf95451,0c337c4e3c72a4952c4ea2418909c62cc05a035254c5d835be6871c662947c3d,4,False,False,False,,,,True,False,3_within_split,train/pituitary/brisc2025_train_04958_pi_sa_t1.jpg,311
train/pituitary/brisc2025_train_04966_pi_sa_t1.jpg,train/pituitary/brisc2025_train_04970_pi_sa_t1.jpg,9bb5067bcd1c13aac58d5e57bc285060837ffa732b4bb15da01b110a18a14fbb,5d5f35f3c83503198bf2ed29006ea7eafdf3894559110c82d5e273e1f1b56a33,4,False,False,False,,,,True,False,3_within_split,train/pituitary/brisc2025_train_04970_pi_sa_t1.jpg,718
train/pituitary/brisc2025_train_04981_pi_sa_t1.jpg,train/pituitary/brisc2025_train_04982_pi_sa_t1.jpg,d56d8d4458622895fc1a4e22f812c8a07019f5c42555b4d01fc202c7af753e19,16ffb7416009659c36190543fa39476d0ec632ad3171d12b8cf778702cdc2d2b,4,False,False,False,,,,True,False,3_within_split,train/pituitary/brisc2025_train_04982_pi_sa_t1.jpg,296
train/pituitary/brisc2025_train_04986_pi_sa_t1.jpg,train/pituitary/brisc2025_train_04987_pi_sa_t1.jpg,c098b88be07629bb04f0bb7f9a762b6ff5678b51c3ec7c39d2c1571a6fcfed70,293cdaedb1fc046c97105c6a69b062917cc617348d84120e23ee2558571b1e54,4,False,False,False,,,,True,False,3_within_split,,310
train/pituitary/brisc2025_train_04990_pi_sa_t1.jpg,train/pituitary/brisc2025_train_04991_pi_sa_t1.jpg,295fcf7aa80dace6f167c3ffedef80263f4302eb3f6ddbc7ecf4059adab3e2c3,36e1156c12ff749f0f48a3dec9fdd2f7a75c352ba3b9df40110ea20603c02252,4,False,False,False,,,,True,False,3_within_split,train/pituitary/brisc2025_train_04991_pi_sa_t1.jpg,720
