action,reason,removed_path,kept_path
remove,md5_exact,train/meningioma/brisc2025_train_01268_me_ax_t1.jpg,
remove,md5_exact,train/meningioma/brisc2025_train_01277_me_ax_t1.jpg,
remove,md5_exact,train/meningioma/brisc2025_train_01302_me_ax_t1.jpg,
remove,md5_exact,train/meningioma/brisc2025_train_01386_me_ax_t1.jpg,
remove,md5_exact,train/meningioma/brisc2025_train_01648_me_co_t1.jpg,
remove,md5_exact,train/meningioma/brisc2025_train_01649_me_co_t1.jpg,
remove,md5_exact,train/meningioma/brisc2025_train_01650_me_co_t1.jpg,
remove,md5_exact,train/meningioma/brisc2025_train_01651_me_co_t1.jpg,
remove,md5_exact,train/meningioma/brisc2025_train_01652_me_co_t1.jpg,
remove,md5_exact,train/meningioma/brisc2025_train_01668_me_co_t1.jpg,
remove,md5_exact,train/meningioma/brisc2025_train_01887_me_co_t1.jpg,
remove,md5_exact,train/meningioma/brisc2025_train_01997_me_sa_t1.jpg,
remove,md5_exact,train/meningioma/brisc2025_train_02100_me_sa_t1.jpg,
remove,md5_exact,train/meningioma/brisc2025_train_02286_me_sa_t1.jpg,
remove,md5_exact,train/meningioma/brisc2025_train_02310_me_sa_t1.jpg,
remove,md5_exact,train/meningioma/brisc2025_train_02365_me_sa_t1.jpg,
remove,md5_exact,train/meningioma/brisc2025_train_02394_me_sa_t1.jpg,
remove,md5_exact,train/no_tumor/brisc2025_train_03486_no_sa_t1.jpg,
remove,md5_exact,train/no_tumor/brisc2025_train_03487_no_sa_t1.jpg,
remove,md5_exact,train/no_tumor/brisc2025_train_03491_no_sa_t1.jpg,
remove,md5_exact,train/no_tumor/brisc2025_train_03492_no_sa_t1.jpg,
remove,md5_exact,train/no_tumor/brisc2025_train_03493_no_sa_t1.jpg,
remove,md5_exact,train/no_tumor/brisc2025_train_03495_no_sa_t1.jpg,
remove,md5_exact,train/no_tumor/brisc2025_train_03496_no_sa_t1.jpg,
remove,md5_exact,train/no_tumor/brisc2025_train_03497_no_sa_t1.jpg,
remove,md5_exact,train/no_tumor/brisc2025_train_03502_no_sa_t1.jpg,
remove,md5_exact,train/pituitary/brisc2025_train_03995_pi_co_t1.jpg,
remove,md5_exact,train/pituitary/brisc2025_train_04071_pi_co_t1.jpg,
remove,md5_exact,train/pituitary/brisc2025_train_04177_pi_co_t1.jpg,
remove,md5_exact,train/pituitary/brisc2025_train_04178_pi_co_t1.jpg,
remove,md5_exact,train/pituitary/brisc2025_train_04202_pi_co_t1.jpg,
remove,md5_exact,train/pituitary/brisc2025_train_04551_pi_sa_t1.jpg,
remove,md5_exact,train/pituitary/brisc2025_train_04594_pi_sa_t1.jpg,
remove,md5_exact,train/pituitary/brisc2025_train_04597_pi_sa_t1.jpg,
remove,md5_exact,train/pituitary/brisc2025_train_04648_pi_sa_t1.jpg,
remove,md5_exact,train/pituitary/brisc2025_train_04677_pi_sa_t1.jpg,
remove,md5_exact,train/pituitary/brisc2025_train_04742_pi_sa_t1.jpg,
remove,md5_exact,train/pituitary/brisc2025_train_04743_pi_sa_t1.jpg,
remove,md5_exact,test/glioma/brisc2025_test_00092_gl_co_t1.jpg,
remove,md5_exact,test/meningioma/brisc2025_test_00275_me_ax_t1.jpg,
remove,md5_exact,test/meningioma/brisc2025_test_00344_me_ax_t1.jpg,
remove,md5_exact,test/meningioma/brisc2025_test_00352_me_ax_t1.jpg,
remove,md5_exact,test/meningioma/brisc2025_test_00416_me_co_t1.jpg,
remove,md5_exact,test/meningioma/brisc2025_test_00429_me_co_t1.jpg,
remove,md5_exact,test/no_tumor/brisc2025_test_00660_no_co_t1.jpg,
remove,md5_exact,test/pituitary/brisc2025_test_00737_pi_ax_t1.jpg,
remove,md5_exact,test/pituitary/brisc2025_test_00751_pi_ax_t1.jpg,
remove,md5_exact,test/pituitary/brisc2025_test_00825_pi_co_t1.jpg,
remove,md5_exact,test/pituitary/brisc2025_test_00827_pi_co_t1.jpg,
remove,md5_exact,test/pituitary/brisc2025_test_00834_pi_co_t1.jpg,
remove,phash<=5,train/glioma/brisc2025_train_00049_gl_ax_t1.jpg,train/glioma/brisc2025_train_00048_gl_ax_t1.jpg
remove,phash<=5,train/glioma/brisc2025_train_00055_gl_ax_t1.jpg,train/glioma/brisc2025_train_00054_gl_ax_t1.jpg
remove,phash<=5,train/glioma/brisc2025_train_00056_gl_ax_t1.jpg,train/glioma/brisc2025_train_00054_gl_ax_t1.jpg
remove,phash<=5,train/glioma/brisc2025_train_00058_gl_ax_t1.jpg,train/glioma/brisc2025_train_00057_gl_ax_t1.jpg
remove,phash<=5,train/glioma/brisc2025_train_00059_gl_ax_t1.jpg,train/glioma/brisc2025_train_00057_gl_ax_t1.jpg
remove,phash<=5,train/glioma/brisc2025_train_00060_gl_ax_t1.jpg,train/glioma/brisc2025_train_00057_gl_ax_t1.jpg
remove,phash<=5,train/glioma/brisc2025_train_00063_gl_ax_t1.jpg,train/glioma/brisc2025_train_00062_gl_ax_t1.jpg
remove,phash<=5,train/glioma/brisc2025_train_00066_gl_ax_t1.jpg,train/glioma/brisc2025_train_00065_gl_ax_t1.jpg
remove,phash<=5,train/glioma/brisc2025_train_00067_gl_ax_t1.jpg,train/glioma/brisc2025_train_00061_gl_ax_t1.jpg
remove,phash<=5,train/glioma/brisc2025_train_00070_gl_ax_t1.jpg,train/glioma/brisc2025_train_00069_gl_ax_t1.jpg
remove,phash<=5,train/glioma/brisc2025_train_00073_gl_ax_t1.jpg,train/glioma/brisc2025_train_00072_gl_ax_t1.jpg
remove,phash<=5,train/glioma/brisc2025_train_00076_gl_ax_t1.jpg,train/glioma/brisc2025_train_00075_gl_ax_t1.jpg
remove,phash<=5,train/glioma/brisc2025_train_00083_gl_ax_t1.jpg,train/glioma/brisc2025_train_00079_gl_ax_t1.jpg
remove,phash<=5,train/glioma/brisc2025_train_00085_gl_ax_t1.jpg,train/glioma/brisc2025_train_00084_gl_ax_t1.jpg
remove,phash<=5,train/glioma/brisc2025_train_00092_gl_ax_t1.jpg,train/glioma/brisc2025_train_00091_gl_ax_t1.jpg
remove,phash<=5,train/glioma/brisc2025_train_00094_gl_ax_t1.jpg,train/glioma/brisc2025_train_00093_gl_ax_t1.jpg
remove,phash<=5,train/glioma/brisc2025_train_00104_gl_ax_t1.jpg,train/glioma/brisc2025_train_00103_gl_ax_t1.jpg
remove,phash<=5,train/glioma/brisc2025_train_00105_gl_ax_t1.jpg,train/glioma/brisc2025_train_00103_gl_ax_t1.jpg
remove,phash<=5,train/glioma/brisc2025_train_00108_gl_ax_t1.jpg,train/glioma/brisc2025_train_00102_gl_ax_t1.jpg
remove,phash<=5,train/glioma/brisc2025_train_00118_gl_ax_t1.jpg,train/glioma/brisc2025_train_00117_gl_ax_t1.jpg
remove,phash<=5,train/glioma/brisc2025_train_00119_gl_ax_t1.jpg,train/glioma/brisc2025_train_00117_gl_ax_t1.jpg
remove,phash<=5,train/glioma/brisc2025_train_00121_gl_ax_t1.jpg,train/glioma/brisc2025_train_00120_gl_ax_t1.jpg
remove,phash<=5,train/glioma/brisc2025_train_00130_gl_ax_t1.jpg,train/glioma/brisc2025_train_00126_gl_ax_t1.jpg
remove,phash<=5,train/glioma/brisc2025_train_00131_gl_ax_t1.jpg,train/glioma/brisc2025_train_00126_gl_ax_t1.jpg
remove,phash<=5,train/glioma/brisc2025_train_00134_gl_ax_t1.jpg,train/glioma/brisc2025_train_00133_gl_ax_t1.jpg
remove,phash<=5,train/glioma/brisc2025_train_00135_gl_ax_t1.jpg,train/glioma/brisc2025_train_00133_gl_ax_t1.jpg
remove,phash<=5,train/glioma/brisc2025_train_00140_gl_ax_t1.jpg,train/glioma/brisc2025_train_00138_gl_ax_t1.jpg
remove,phash<=5,train/glioma/brisc2025_train_00146_gl_ax_t1.jpg,train/glioma/brisc2025_train_00145_gl_ax_t1.jpg
remove,phash<=5,train/glioma/brisc2025_train_00148_gl_ax_t1.jpg,train/glioma/brisc2025_train_00147_gl_ax_t1.jpg
remove,phash<=5,train/glioma/brisc2025_train_00153_gl_ax_t1.jpg,train/glioma/brisc2025_train_00152_gl_ax_t1.jpg
remove,phash<=5,train/glioma/brisc2025_train_00154_gl_ax_t1.jpg,train/glioma/brisc2025_train_00152_gl_ax_t1.jpg
remove,phash<=5,train/glioma/brisc2025_train_00156_gl_ax_t1.jpg,train/glioma/brisc2025_train_00155_gl_ax_t1.jpg
remove,phash<=5,train/glioma/brisc2025_train_00158_gl_ax_t1.jpg,train/glioma/brisc2025_train_00062_gl_ax_t1.jpg
remove,phash<=5,train/glioma/brisc2025_train_00165_gl_ax_t1.jpg,train/glioma/brisc2025_train_00164_gl_ax_t1.jpg
remove,phash<=5,train/glioma/brisc2025_train_00166_gl_ax_t1.jpg,train/glioma/brisc2025_train_00164_gl_ax_t1.jpg
remove,phash<=5,train/glioma/brisc2025_train_00181_gl_ax_t1.jpg,train/glioma/brisc2025_train_00180_gl_ax_t1.jpg
remove,phash<=5,train/glioma/brisc2025_train_00185_gl_ax_t1.jpg,train/glioma/brisc2025_train_00184_gl_ax_t1.jpg
remove,phash<=5,train/glioma/brisc2025_train_00186_gl_ax_t1.jpg,train/glioma/brisc2025_train_00184_gl_ax_t1.jpg
remove,phash<=5,train/glioma/brisc2025_train_00187_gl_ax_t1.jpg,train/glioma/brisc2025_train_00184_gl_ax_t1.jpg
remove,phash<=5,train/glioma/brisc2025_train_00190_gl_ax_t1.jpg,train/glioma/brisc2025_train_00189_gl_ax_t1.jpg
remove,phash<=5,train/glioma/brisc2025_train_00192_gl_ax_t1.jpg,train/glioma/brisc2025_train_00191_gl_ax_t1.jpg
remove,phash<=5,train/glioma/brisc2025_train_00197_gl_ax_t1.jpg,train/glioma/brisc2025_train_00196_gl_ax_t1.jpg
remove,phash<=5,train/glioma/brisc2025_train_00218_gl_ax_t1.jpg,train/glioma/brisc2025_train_00217_gl_ax_t1.jpg
remove,phash<=5,train/glioma/brisc2025_train_00225_gl_ax_t1.jpg,train/glioma/brisc2025_train_00224_gl_ax_t1.jpg
remove,phash<=5,train/glioma/brisc2025_train_00227_gl_ax_t1.jpg,train/glioma/brisc2025_train_00226_gl_ax_t1.jpg
remove,phash<=5,train/glioma/brisc2025_train_00244_gl_ax_t1.jpg,train/glioma/brisc2025_train_00243_gl_ax_t1.jpg
remove,phash<=5,train/glioma/brisc2025_train_00247_gl_ax_t1.jpg,train/glioma/brisc2025_train_00057_gl_ax_t1.jpg
remove,phash<=5,train/glioma/brisc2025_train_00249_gl_ax_t1.jpg,train/glioma/brisc2025_train_00248_gl_ax_t1.jpg
remove,phash<=5,train/glioma/brisc2025_train_00253_gl_ax_t1.jpg,train/glioma/brisc2025_train_00252_gl_ax_t1.jpg
remove,phash<=5,train/glioma/brisc2025_train_00254_gl_ax_t1.jpg,train/glioma/brisc2025_train_00252_gl_ax_t1.jpg
remove,phash<=5,train/glioma/brisc2025_train_00256_gl_ax_t1.jpg,train/glioma/brisc2025_train_00157_gl_ax_t1.jpg
remove,phash<=5,train/glioma/brisc2025_train_00267_gl_ax_t1.jpg,train/glioma/brisc2025_train_00266_gl_ax_t1.jpg
remove,phash<=5,train/glioma/brisc2025_train_00270_gl_ax_t1.jpg,train/glioma/brisc2025_train_00269_gl_ax_t1.jpg
remove,phash<=5,train/glioma/brisc2025_train_00271_gl_ax_t1.jpg,train/glioma/brisc2025_train_00102_gl_ax_t1.jpg
remove,phash<=5,train/glioma/brisc2025_train_00289_gl_ax_t1.jpg,train/glioma/brisc2025_train_00281_gl_ax_t1.jpg
remove,phash<=5,train/glioma/brisc2025_train_00306_gl_ax_t1.jpg,train/glioma/brisc2025_train_00305_gl_ax_t1.jpg
remove,phash<=5,train/glioma/brisc2025_train_00311_gl_ax_t1.jpg,train/glioma/brisc2025_train_00310_gl_ax_t1.jpg
remove,phash<=5,train/glioma/brisc2025_train_00319_gl_ax_t1.jpg,train/glioma/brisc2025_train_00318_gl_ax_t1.jpg
remove,phash<=5,train/glioma/brisc2025_train_00321_gl_ax_t1.jpg,train/glioma/brisc2025_train_00320_gl_ax_t1.jpg
remove,phash<=5,train/glioma/brisc2025_train_00322_gl_ax_t1.jpg,train/glioma/brisc2025_train_00272_gl_ax_t1.jpg
remove,phash<=5,train/glioma/brisc2025_train_00331_gl_ax_t1.jpg,train/glioma/brisc2025_train_00330_gl_ax_t1.jpg
remove,phash<=5,train/glioma/brisc2025_train_00339_gl_ax_t1.jpg,train/glioma/brisc2025_train_00338_gl_ax_t1.jpg
remove,phash<=5,train/glioma/brisc2025_train_00341_gl_ax_t1.jpg,train/glioma/brisc2025_train_00340_gl_ax_t1.jpg
remove,phash<=5,train/glioma/brisc2025_train_00343_gl_ax_t1.jpg,train/glioma/brisc2025_train_00342_gl_ax_t1.jpg
remove,phash<=5,train/glioma/brisc2025_train_00359_gl_ax_t1.jpg,train/glioma/brisc2025_train_00075_gl_ax_t1.jpg
remove,phash<=5,train/glioma/brisc2025_train_00362_gl_ax_t1.jpg,train/glioma/brisc2025_train_00361_gl_ax_t1.jpg
remove,phash<=5,train/glioma/brisc2025_train_00374_gl_ax_t1.jpg,train/glioma/brisc2025_train_00373_gl_ax_t1.jpg
remove,phash<=5,train/glioma/brisc2025_train_00392_gl_ax_t1.jpg,train/glioma/brisc2025_train_00391_gl_ax_t1.jpg
remove,phash<=5,train/glioma/brisc2025_train_00393_gl_ax_t1.jpg,train/glioma/brisc2025_train_00391_gl_ax_t1.jpg
remove,phash<=5,train/glioma/brisc2025_train_00466_gl_co_t1.jpg,train/glioma/brisc2025_train_00465_gl_co_t1.jpg
remove,phash<=5,train/glioma/brisc2025_train_00476_gl_co_t1.jpg,train/glioma/brisc2025_train_00475_gl_co_t1.jpg
remove,phash<=5,train/glioma/brisc2025_train_00482_gl_co_t1.jpg,train/glioma/brisc2025_train_00481_gl_co_t1.jpg
remove,phash<=5,train/glioma/brisc2025_train_00489_gl_co_t1.jpg,train/glioma/brisc2025_train_00488_gl_co_t1.jpg
remove,phash<=5,train/glioma/brisc2025_train_00504_gl_co_t1.jpg,train/glioma/brisc2025_train_00503_gl_co_t1.jpg
remove,phash<=5,train/glioma/brisc2025_train_00506_gl_co_t1.jpg,train/glioma/brisc2025_train_00505_gl_co_t1.jpg
remove,phash<=5,train/glioma/brisc2025_train_00514_gl_co_t1.jpg,train/glioma/brisc2025_train_00512_gl_co_t1.jpg
remove,phash<=5,train/glioma/brisc2025_train_00516_gl_co_t1.jpg,train/glioma/brisc2025_train_00515_gl_co_t1.jpg
remove,phash<=5,train/glioma/brisc2025_train_00528_gl_co_t1.jpg,train/glioma/brisc2025_train_00527_gl_co_t1.jpg
remove,phash<=5,train/glioma/brisc2025_train_00530_gl_co_t1.jpg,train/glioma/brisc2025_train_00529_gl_co_t1.jpg
remove,phash<=5,train/glioma/brisc2025_train_00532_gl_co_t1.jpg,train/glioma/brisc2025_train_00531_gl_co_t1.jpg
remove,phash<=5,train/glioma/brisc2025_train_00537_gl_co_t1.jpg,train/glioma/brisc2025_train_00536_gl_co_t1.jpg
remove,phash<=5,train/glioma/brisc2025_train_00550_gl_co_t1.jpg,train/glioma/brisc2025_train_00549_gl_co_t1.jpg
remove,phash<=5,train/glioma/brisc2025_train_00558_gl_co_t1.jpg,train/glioma/brisc2025_train_00557_gl_co_t1.jpg
remove,phash<=5,train/glioma/brisc2025_train_00605_gl_co_t1.jpg,train/glioma/brisc2025_train_00604_gl_co_t1.jpg
remove,phash<=5,train/glioma/brisc2025_train_00616_gl_co_t1.jpg,train/glioma/brisc2025_train_00615_gl_co_t1.jpg
remove,phash<=5,train/glioma/brisc2025_train_00630_gl_co_t1.jpg,train/glioma/brisc2025_train_00629_gl_co_t1.jpg
remove,phash<=5,train/glioma/brisc2025_train_00642_gl_co_t1.jpg,train/glioma/brisc2025_train_00641_gl_co_t1.jpg
remove,phash<=5,train/glioma/brisc2025_train_00653_gl_co_t1.jpg,train/glioma/brisc2025_train_00652_gl_co_t1.jpg
remove,phash<=5,train/glioma/brisc2025_train_00665_gl_co_t1.jpg,train/glioma/brisc2025_train_00157_gl_ax_t1.jpg
remove,phash<=5,train/glioma/brisc2025_train_00667_gl_co_t1.jpg,train/glioma/brisc2025_train_00666_gl_co_t1.jpg
remove,phash<=5,train/glioma/brisc2025_train_00674_gl_co_t1.jpg,train/glioma/brisc2025_train_00673_gl_co_t1.jpg
remove,phash<=5,train/glioma/brisc2025_train_00693_gl_co_t1.jpg,train/glioma/brisc2025_train_00692_gl_co_t1.jpg
remove,phash<=5,train/glioma/brisc2025_train_00718_gl_co_t1.jpg,train/glioma/brisc2025_train_00717_gl_co_t1.jpg
remove,phash<=5,train/glioma/brisc2025_train_00739_gl_co_t1.jpg,train/glioma/brisc2025_train_00738_gl_co_t1.jpg
remove,phash<=5,train/glioma/brisc2025_train_00744_gl_co_t1.jpg,train/glioma/brisc2025_train_00610_gl_co_t1.jpg
remove,phash<=5,train/glioma/brisc2025_train_00746_gl_co_t1.jpg,train/glioma/brisc2025_train_00745_gl_co_t1.jpg
remove,phash<=5,train/glioma/brisc2025_train_00747_gl_co_t1.jpg,train/glioma/brisc2025_train_00745_gl_co_t1.jpg
remove,phash<=5,train/glioma/brisc2025_train_00759_gl_co_t1.jpg,train/glioma/brisc2025_train_00758_gl_co_t1.jpg
remove,phash<=5,train/glioma/brisc2025_train_00771_gl_co_t1.jpg,train/glioma/brisc2025_train_00770_gl_co_t1.jpg
remove,phash<=5,train/glioma/brisc2025_train_00785_gl_co_t1.jpg,train/glioma/brisc2025_train_00784_gl_co_t1.jpg
remove,phash<=5,train/glioma/brisc2025_train_00786_gl_co_t1.jpg,train/glioma/brisc2025_train_00784_gl_co_t1.jpg
remove,phash<=5,train/glioma/brisc2025_train_00796_gl_co_t1.jpg,train/glioma/brisc2025_train_00795_gl_co_t1.jpg
remove,phash<=5,train/glioma/brisc2025_train_00798_gl_co_t1.jpg,train/glioma/brisc2025_train_00797_gl_co_t1.jpg
remove,phash<=5,train/glioma/brisc2025_train_00803_gl_co_t1.jpg,train/glioma/brisc2025_train_00802_gl_co_t1.jpg
remove,phash<=5,train/glioma/brisc2025_train_00812_gl_co_t1.jpg,train/glioma/brisc2025_train_00811_gl_co_t1.jpg
remove,phash<=5,train/glioma/brisc2025_train_00840_gl_sa_t1.jpg,train/glioma/brisc2025_train_00839_gl_sa_t1.jpg
remove,phash<=5,train/glioma/brisc2025_train_00849_gl_sa_t1.jpg,train/glioma/brisc2025_train_00848_gl_sa_t1.jpg
remove,phash<=5,train/glioma/brisc2025_train_00853_gl_sa_t1.jpg,train/glioma/brisc2025_train_00852_gl_sa_t1.jpg
remove,phash<=5,train/glioma/brisc2025_train_00858_gl_sa_t1.jpg,train/glioma/brisc2025_train_00857_gl_sa_t1.jpg
remove,phash<=5,train/glioma/brisc2025_train_00876_gl_sa_t1.jpg,train/glioma/brisc2025_train_00875_gl_sa_t1.jpg
remove,phash<=5,train/glioma/brisc2025_train_00882_gl_sa_t1.jpg,train/glioma/brisc2025_train_00881_gl_sa_t1.jpg
remove,phash<=5,train/glioma/brisc2025_train_00886_gl_sa_t1.jpg,train/glioma/brisc2025_train_00885_gl_sa_t1.jpg
remove,phash<=5,train/glioma/brisc2025_train_00891_gl_sa_t1.jpg,train/glioma/brisc2025_train_00890_gl_sa_t1.jpg
remove,phash<=5,train/glioma/brisc2025_train_00905_gl_sa_t1.jpg,train/glioma/brisc2025_train_00904_gl_sa_t1.jpg
remove,phash<=5,train/glioma/brisc2025_train_00906_gl_sa_t1.jpg,train/glioma/brisc2025_train_00904_gl_sa_t1.jpg
remove,phash<=5,train/glioma/brisc2025_train_00921_gl_sa_t1.jpg,train/glioma/brisc2025_train_00850_gl_sa_t1.jpg
remove,phash<=5,train/glioma/brisc2025_train_00930_gl_sa_t1.jpg,train/glioma/brisc2025_train_00929_gl_sa_t1.jpg
remove,phash<=5,train/glioma/brisc2025_train_00931_gl_sa_t1.jpg,train/glioma/brisc2025_train_00929_gl_sa_t1.jpg
remove,phash<=5,train/glioma/brisc2025_train_00957_gl_sa_t1.jpg,train/glioma/brisc2025_train_00862_gl_sa_t1.jpg
remove,phash<=5,train/glioma/brisc2025_train_00980_gl_sa_t1.jpg,train/glioma/brisc2025_train_00979_gl_sa_t1.jpg
remove,phash<=5,train/glioma/brisc2025_train_00984_gl_sa_t1.jpg,train/glioma/brisc2025_train_00983_gl_sa_t1.jpg
remove,phash<=5,train/glioma/brisc2025_train_01006_gl_sa_t1.jpg,train/glioma/brisc2025_train_01005_gl_sa_t1.jpg
remove,phash<=5,train/glioma/brisc2025_train_01008_gl_sa_t1.jpg,train/glioma/brisc2025_train_01007_gl_sa_t1.jpg
remove,phash<=5,train/glioma/brisc2025_train_01014_gl_sa_t1.jpg,train/glioma/brisc2025_train_01013_gl_sa_t1.jpg
remove,phash<=5,train/glioma/brisc2025_train_01021_gl_sa_t1.jpg,train/glioma/brisc2025_train_01020_gl_sa_t1.jpg
remove,phash<=5,train/glioma/brisc2025_train_01023_gl_sa_t1.jpg,train/glioma/brisc2025_train_01020_gl_sa_t1.jpg
remove,phash<=5,train/glioma/brisc2025_train_01043_gl_sa_t1.jpg,train/glioma/brisc2025_train_01042_gl_sa_t1.jpg
remove,phash<=5,train/glioma/brisc2025_train_01059_gl_sa_t1.jpg,train/glioma/brisc2025_train_00857_gl_sa_t1.jpg
remove,phash<=5,train/glioma/brisc2025_train_01064_gl_sa_t1.jpg,train/glioma/brisc2025_train_01063_gl_sa_t1.jpg
remove,phash<=5,train/glioma/brisc2025_train_01068_gl_sa_t1.jpg,train/glioma/brisc2025_train_01067_gl_sa_t1.jpg
remove,phash<=5,train/glioma/brisc2025_train_01069_gl_sa_t1.jpg,train/glioma/brisc2025_train_01067_gl_sa_t1.jpg
remove,phash<=5,train/glioma/brisc2025_train_01074_gl_sa_t1.jpg,train/glioma/brisc2025_train_01073_gl_sa_t1.jpg
remove,phash<=5,train/glioma/brisc2025_train_01092_gl_sa_t1.jpg,train/glioma/brisc2025_train_01065_gl_sa_t1.jpg
remove,phash<=5,train/glioma/brisc2025_train_01101_gl_sa_t1.jpg,train/glioma/brisc2025_train_01038_gl_sa_t1.jpg
remove,phash<=5,train/glioma/brisc2025_train_01105_gl_sa_t1.jpg,train/glioma/brisc2025_train_00896_gl_sa_t1.jpg
remove,phash<=5,train/glioma/brisc2025_train_01108_gl_sa_t1.jpg,train/glioma/brisc2025_train_01107_gl_sa_t1.jpg
remove,phash<=5,train/glioma/brisc2025_train_01110_gl_sa_t1.jpg,train/glioma/brisc2025_train_00904_gl_sa_t1.jpg
remove,phash<=5,train/glioma/brisc2025_train_01113_gl_sa_t1.jpg,train/glioma/brisc2025_train_01112_gl_sa_t1.jpg
remove,phash<=5,train/glioma/brisc2025_train_01128_gl_sa_t1.jpg,train/glioma/brisc2025_train_01127_gl_sa_t1.jpg
remove,phash<=5,train/glioma/brisc2025_train_01147_gl_sa_t1.jpg,train/glioma/brisc2025_train_01146_gl_sa_t1.jpg
remove,phash<=5,train/meningioma/brisc2025_train_01157_me_ax_t1.jpg,train/meningioma/brisc2025_train_01156_me_ax_t1.jpg
remove,phash<=5,train/meningioma/brisc2025_train_01163_me_ax_t1.jpg,train/meningioma/brisc2025_train_01162_me_ax_t1.jpg
remove,phash<=5,train/meningioma/brisc2025_train_01178_me_ax_t1.jpg,train/meningioma/brisc2025_train_01177_me_ax_t1.jpg
remove,phash<=5,train/meningioma/brisc2025_train_01184_me_ax_t1.jpg,train/meningioma/brisc2025_train_01183_me_ax_t1.jpg
remove,phash<=5,train/meningioma/brisc2025_train_01186_me_ax_t1.jpg,train/meningioma/brisc2025_train_01185_me_ax_t1.jpg
remove,phash<=5,train/meningioma/brisc2025_train_01190_me_ax_t1.jpg,train/meningioma/brisc2025_train_01189_me_ax_t1.jpg
remove,phash<=5,train/meningioma/brisc2025_train_01196_me_ax_t1.jpg,train/meningioma/brisc2025_train_01195_me_ax_t1.jpg
remove,phash<=5,train/meningioma/brisc2025_train_01210_me_ax_t1.jpg,train/meningioma/brisc2025_train_01209_me_ax_t1.jpg
remove,phash<=5,train/meningioma/brisc2025_train_01221_me_ax_t1.jpg,train/meningioma/brisc2025_train_01220_me_ax_t1.jpg
remove,phash<=5,train/meningioma/brisc2025_train_01229_me_ax_t1.jpg,train/meningioma/brisc2025_train_01228_me_ax_t1.jpg
remove,phash<=5,train/meningioma/brisc2025_train_01233_me_ax_t1.jpg,train/meningioma/brisc2025_train_01232_me_ax_t1.jpg
remove,phash<=5,train/meningioma/brisc2025_train_01236_me_ax_t1.jpg,train/meningioma/brisc2025_train_01234_me_ax_t1.jpg
remove,phash<=5,train/meningioma/brisc2025_train_01245_me_ax_t1.jpg,train/meningioma/brisc2025_train_01148_me_ax_t1.jpg
remove,phash<=5,train/meningioma/brisc2025_train_01265_me_ax_t1.jpg,train/meningioma/brisc2025_train_01246_me_ax_t1.jpg
remove,phash<=5,train/meningioma/brisc2025_train_01279_me_ax_t1.jpg,train/meningioma/brisc2025_train_01254_me_ax_t1.jpg
remove,phash<=5,train/meningioma/brisc2025_train_01280_me_ax_t1.jpg,train/meningioma/brisc2025_train_01276_me_ax_t1.jpg
remove,phash<=5,train/meningioma/brisc2025_train_01291_me_ax_t1.jpg,train/meningioma/brisc2025_train_01269_me_ax_t1.jpg
remove,phash<=5,train/meningioma/brisc2025_train_01293_me_ax_t1.jpg,train/meningioma/brisc2025_train_01254_me_ax_t1.jpg
remove,phash<=5,train/meningioma/brisc2025_train_01294_me_ax_t1.jpg,train/meningioma/brisc2025_train_01250_me_ax_t1.jpg
remove,phash<=5,train/meningioma/brisc2025_train_01305_me_ax_t1.jpg,train/meningioma/brisc2025_train_01290_me_ax_t1.jpg
remove,phash<=5,train/meningioma/brisc2025_train_01307_me_ax_t1.jpg,train/meningioma/brisc2025_train_01306_me_ax_t1.jpg
remove,phash<=5,train/meningioma/brisc2025_train_01313_me_ax_t1.jpg,train/meningioma/brisc2025_train_01256_me_ax_t1.jpg
remove,phash<=5,train/meningioma/brisc2025_train_01314_me_ax_t1.jpg,train/meningioma/brisc2025_train_01312_me_ax_t1.jpg
remove,phash<=5,train/meningioma/brisc2025_train_01316_me_ax_t1.jpg,train/meningioma/brisc2025_train_01315_me_ax_t1.jpg
remove,phash<=5,train/meningioma/brisc2025_train_01317_me_ax_t1.jpg,train/meningioma/brisc2025_train_01315_me_ax_t1.jpg
remove,phash<=5,train/meningioma/brisc2025_train_01323_me_ax_t1.jpg,train/meningioma/brisc2025_train_01322_me_ax_t1.jpg
remove,phash<=5,train/meningioma/brisc2025_train_01332_me_ax_t1.jpg,train/meningioma/brisc2025_train_01331_me_ax_t1.jpg
remove,phash<=5,train/meningioma/brisc2025_train_01334_me_ax_t1.jpg,train/meningioma/brisc2025_train_01333_me_ax_t1.jpg
remove,phash<=5,train/meningioma/brisc2025_train_01340_me_ax_t1.jpg,train/meningioma/brisc2025_train_01339_me_ax_t1.jpg
remove,phash<=5,train/meningioma/brisc2025_train_01342_me_ax_t1.jpg,train/meningioma/brisc2025_train_01341_me_ax_t1.jpg
remove,phash<=5,train/meningioma/brisc2025_train_01347_me_ax_t1.jpg,train/meningioma/brisc2025_train_01346_me_ax_t1.jpg
remove,phash<=5,train/meningioma/brisc2025_train_01348_me_ax_t1.jpg,train/meningioma/brisc2025_train_01346_me_ax_t1.jpg
remove,phash<=5,train/meningioma/brisc2025_train_01362_me_ax_t1.jpg,train/meningioma/brisc2025_train_01361_me_ax_t1.jpg
remove,phash<=5,train/meningioma/brisc2025_train_01363_me_ax_t1.jpg,train/meningioma/brisc2025_train_01361_me_ax_t1.jpg
remove,phash<=5,train/meningioma/brisc2025_train_01365_me_ax_t1.jpg,train/meningioma/brisc2025_train_01346_me_ax_t1.jpg
remove,phash<=5,train/meningioma/brisc2025_train_01376_me_ax_t1.jpg,train/meningioma/brisc2025_train_01232_me_ax_t1.jpg
remove,phash<=5,train/meningioma/brisc2025_train_01377_me_ax_t1.jpg,train/meningioma/brisc2025_train_01232_me_ax_t1.jpg
remove,phash<=5,train/meningioma/brisc2025_train_01384_me_ax_t1.jpg,train/meningioma/brisc2025_train_01303_me_ax_t1.jpg
remove,phash<=5,train/meningioma/brisc2025_train_01385_me_ax_t1.jpg,train/meningioma/brisc2025_train_01378_me_ax_t1.jpg
remove,phash<=5,train/meningioma/brisc2025_train_01387_me_ax_t1.jpg,train/meningioma/brisc2025_train_01296_me_ax_t1.jpg
remove,phash<=5,train/meningioma/brisc2025_train_01402_me_ax_t1.jpg,train/meningioma/brisc2025_train_01256_me_ax_t1.jpg
remove,phash<=5,train/meningioma/brisc2025_train_01409_me_ax_t1.jpg,train/meningioma/brisc2025_train_01408_me_ax_t1.jpg
remove,phash<=5,train/meningioma/brisc2025_train_01410_me_ax_t1.jpg,train/meningioma/brisc2025_train_01300_me_ax_t1.jpg
remove,phash<=5,train/meningioma/brisc2025_train_01423_me_ax_t1.jpg,train/meningioma/brisc2025_train_01422_me_ax_t1.jpg
remove,phash<=5,train/meningioma/brisc2025_train_01425_me_ax_t1.jpg,train/meningioma/brisc2025_train_01414_me_ax_t1.jpg
remove,phash<=5,train/meningioma/brisc2025_train_01436_me_ax_t1.jpg,train/meningioma/brisc2025_train_01434_me_ax_t1.jpg
remove,phash<=5,train/meningioma/brisc2025_train_01437_me_ax_t1.jpg,train/meningioma/brisc2025_train_01416_me_ax_t1.jpg
remove,phash<=5,train/meningioma/brisc2025_train_01441_me_ax_t1.jpg,train/meningioma/brisc2025_train_01413_me_ax_t1.jpg
remove,phash<=5,train/meningioma/brisc2025_train_01443_me_ax_t1.jpg,train/meningioma/brisc2025_train_01416_me_ax_t1.jpg
remove,phash<=5,train/meningioma/brisc2025_train_01452_me_ax_t1.jpg,train/meningioma/brisc2025_train_01449_me_ax_t1.jpg
remove,phash<=5,train/meningioma/brisc2025_train_01458_me_ax_t1.jpg,train/meningioma/brisc2025_train_01456_me_ax_t1.jpg
remove,phash<=5,train/meningioma/brisc2025_train_01464_me_ax_t1.jpg,train/meningioma/brisc2025_train_01463_me_ax_t1.jpg
remove,phash<=5,train/meningioma/brisc2025_train_01477_me_ax_t1.jpg,train/meningioma/brisc2025_train_01476_me_ax_t1.jpg
remove,phash<=5,train/meningioma/brisc2025_train_01479_me_ax_t1.jpg,train/meningioma/brisc2025_train_01478_me_ax_t1.jpg
remove,phash<=5,train/meningioma/brisc2025_train_01490_me_ax_t1.jpg,train/meningioma/brisc2025_train_01489_me_ax_t1.jpg
remove,phash<=5,train/meningioma/brisc2025_train_01491_me_ax_t1.jpg,train/meningioma/brisc2025_train_01489_me_ax_t1.jpg
remove,phash<=5,train/meningioma/brisc2025_train_01494_me_ax_t1.jpg,train/glioma/brisc2025_train_00152_gl_ax_t1.jpg
remove,phash<=5,train/meningioma/brisc2025_train_01517_me_ax_t1.jpg,train/meningioma/brisc2025_train_01516_me_ax_t1.jpg
remove,phash<=5,train/meningioma/brisc2025_train_01521_me_ax_t1.jpg,train/meningioma/brisc2025_train_01519_me_ax_t1.jpg
remove,phash<=5,train/meningioma/brisc2025_train_01527_me_ax_t1.jpg,train/meningioma/brisc2025_train_01526_me_ax_t1.jpg
remove,phash<=5,train/meningioma/brisc2025_train_01528_me_ax_t1.jpg,train/meningioma/brisc2025_train_01526_me_ax_t1.jpg
remove,phash<=5,train/meningioma/brisc2025_train_01529_me_ax_t1.jpg,train/glioma/brisc2025_train_00057_gl_ax_t1.jpg
remove,phash<=5,train/meningioma/brisc2025_train_01537_me_ax_t1.jpg,train/glioma/brisc2025_train_00170_gl_ax_t1.jpg
remove,phash<=5,train/meningioma/brisc2025_train_01546_me_ax_t1.jpg,train/meningioma/brisc2025_train_01545_me_ax_t1.jpg
remove,phash<=5,train/meningioma/brisc2025_train_01555_me_ax_t1.jpg,train/meningioma/brisc2025_train_01554_me_ax_t1.jpg
remove,phash<=5,train/meningioma/brisc2025_train_01565_me_ax_t1.jpg,train/meningioma/brisc2025_train_01406_me_ax_t1.jpg
remove,phash<=5,train/meningioma/brisc2025_train_01567_me_ax_t1.jpg,train/meningioma/brisc2025_train_01566_me_ax_t1.jpg
remove,phash<=5,train/meningioma/brisc2025_train_01572_me_co_t1.jpg,train/meningioma/brisc2025_train_01571_me_co_t1.jpg
remove,phash<=5,train/meningioma/brisc2025_train_01576_me_co_t1.jpg,train/meningioma/brisc2025_train_01575_me_co_t1.jpg
remove,phash<=5,train/meningioma/brisc2025_train_01577_me_co_t1.jpg,train/meningioma/brisc2025_train_01574_me_co_t1.jpg
remove,phash<=5,train/meningioma/brisc2025_train_01583_me_co_t1.jpg,train/meningioma/brisc2025_train_01582_me_co_t1.jpg
remove,phash<=5,train/meningioma/brisc2025_train_01590_me_co_t1.jpg,train/meningioma/brisc2025_train_01589_me_co_t1.jpg
remove,phash<=5,train/meningioma/brisc2025_train_01620_me_co_t1.jpg,train/meningioma/brisc2025_train_01619_me_co_t1.jpg
remove,phash<=5,train/meningioma/brisc2025_train_01624_me_co_t1.jpg,train/meningioma/brisc2025_train_01623_me_co_t1.jpg
remove,phash<=5,train/meningioma/brisc2025_train_01626_me_co_t1.jpg,train/meningioma/brisc2025_train_01625_me_co_t1.jpg
remove,phash<=5,train/meningioma/brisc2025_train_01628_me_co_t1.jpg,train/meningioma/brisc2025_train_01627_me_co_t1.jpg
remove,phash<=5,train/meningioma/brisc2025_train_01635_me_co_t1.jpg,train/meningioma/brisc2025_train_01634_me_co_t1.jpg
remove,phash<=5,train/meningioma/brisc2025_train_01664_me_co_t1.jpg,train/meningioma/brisc2025_train_01660_me_co_t1.jpg
remove,phash<=5,train/meningioma/brisc2025_train_01669_me_co_t1.jpg,train/meningioma/brisc2025_train_01658_me_co_t1.jpg
remove,phash<=5,train/meningioma/brisc2025_train_01683_me_co_t1.jpg,train/meningioma/brisc2025_train_01682_me_co_t1.jpg
remove,phash<=5,train/meningioma/brisc2025_train_01696_me_co_t1.jpg,train/meningioma/brisc2025_train_01685_me_co_t1.jpg
remove,phash<=5,train/meningioma/brisc2025_train_01699_me_co_t1.jpg,train/meningioma/brisc2025_train_01698_me_co_t1.jpg
remove,phash<=5,train/meningioma/brisc2025_train_01710_me_co_t1.jpg,train/meningioma/brisc2025_train_01709_me_co_t1.jpg
remove,phash<=5,train/meningioma/brisc2025_train_01736_me_co_t1.jpg,train/meningioma/brisc2025_train_01735_me_co_t1.jpg
remove,phash<=5,train/meningioma/brisc2025_train_01758_me_co_t1.jpg,train/meningioma/brisc2025_train_01757_me_co_t1.jpg
remove,phash<=5,train/meningioma/brisc2025_train_01760_me_co_t1.jpg,train/meningioma/brisc2025_train_01751_me_co_t1.jpg
remove,phash<=5,train/meningioma/brisc2025_train_01762_me_co_t1.jpg,train/meningioma/brisc2025_train_01673_me_co_t1.jpg
remove,phash<=5,train/meningioma/brisc2025_train_01763_me_co_t1.jpg,train/meningioma/brisc2025_train_01761_me_co_t1.jpg
remove,phash<=5,train/meningioma/brisc2025_train_01768_me_co_t1.jpg,train/meningioma/brisc2025_train_01767_me_co_t1.jpg
remove,phash<=5,train/meningioma/brisc2025_train_01771_me_co_t1.jpg,train/meningioma/brisc2025_train_01770_me_co_t1.jpg
remove,phash<=5,train/meningioma/brisc2025_train_01778_me_co_t1.jpg,train/meningioma/brisc2025_train_01777_me_co_t1.jpg
remove,phash<=5,train/meningioma/brisc2025_train_01785_me_co_t1.jpg,train/meningioma/brisc2025_train_01783_me_co_t1.jpg
remove,phash<=5,train/meningioma/brisc2025_train_01795_me_co_t1.jpg,train/meningioma/brisc2025_train_01647_me_co_t1.jpg
remove,phash<=5,train/meningioma/brisc2025_train_01809_me_co_t1.jpg,train/meningioma/brisc2025_train_01798_me_co_t1.jpg
remove,phash<=5,train/meningioma/brisc2025_train_01810_me_co_t1.jpg,train/meningioma/brisc2025_train_01808_me_co_t1.jpg
remove,phash<=5,train/meningioma/brisc2025_train_01822_me_co_t1.jpg,train/meningioma/brisc2025_train_01821_me_co_t1.jpg
remove,phash<=5,train/meningioma/brisc2025_train_01831_me_co_t1.jpg,train/meningioma/brisc2025_train_01830_me_co_t1.jpg
remove,phash<=5,train/meningioma/brisc2025_train_01837_me_co_t1.jpg,train/glioma/brisc2025_train_00407_gl_co_t1.jpg
remove,phash<=5,train/meningioma/brisc2025_train_01843_me_co_t1.jpg,train/meningioma/brisc2025_train_01842_me_co_t1.jpg
remove,phash<=5,train/meningioma/brisc2025_train_01854_me_co_t1.jpg,train/meningioma/brisc2025_train_01853_me_co_t1.jpg
remove,phash<=5,train/meningioma/brisc2025_train_01860_me_co_t1.jpg,train/meningioma/brisc2025_train_01859_me_co_t1.jpg
remove,phash<=5,train/meningioma/brisc2025_train_01863_me_co_t1.jpg,train/meningioma/brisc2025_train_01862_me_co_t1.jpg
remove,phash<=5,train/meningioma/brisc2025_train_01881_me_co_t1.jpg,train/meningioma/brisc2025_train_01880_me_co_t1.jpg
remove,phash<=5,train/meningioma/brisc2025_train_01925_me_co_t1.jpg,train/meningioma/brisc2025_train_01924_me_co_t1.jpg
remove,phash<=5,train/meningioma/brisc2025_train_01960_me_co_t1.jpg,train/meningioma/brisc2025_train_01959_me_co_t1.jpg
remove,phash<=5,train/meningioma/brisc2025_train_01966_me_co_t1.jpg,train/meningioma/brisc2025_train_01965_me_co_t1.jpg
remove,phash<=5,train/meningioma/brisc2025_train_01968_me_co_t1.jpg,train/meningioma/brisc2025_train_01967_me_co_t1.jpg
remove,phash<=5,train/meningioma/brisc2025_train_01974_me_co_t1.jpg,train/meningioma/brisc2025_train_01973_me_co_t1.jpg
remove,phash<=5,train/meningioma/brisc2025_train_01977_me_co_t1.jpg,train/meningioma/brisc2025_train_01976_me_co_t1.jpg
remove,phash<=5,train/meningioma/brisc2025_train_01986_me_co_t1.jpg,train/meningioma/brisc2025_train_01985_me_co_t1.jpg
remove,phash<=5,train/meningioma/brisc2025_train_01990_me_co_t1.jpg,train/meningioma/brisc2025_train_01989_me_co_t1.jpg
remove,phash<=5,train/meningioma/brisc2025_train_01996_me_co_t1.jpg,train/meningioma/brisc2025_train_01995_me_co_t1.jpg
remove,phash<=5,train/meningioma/brisc2025_train_02009_me_sa_t1.jpg,train/meningioma/brisc2025_train_02004_me_sa_t1.jpg
remove,phash<=5,train/meningioma/brisc2025_train_02026_me_sa_t1.jpg,train/meningioma/brisc2025_train_02025_me_sa_t1.jpg
remove,phash<=5,train/meningioma/brisc2025_train_02031_me_sa_t1.jpg,train/meningioma/brisc2025_train_02030_me_sa_t1.jpg
remove,phash<=5,train/meningioma/brisc2025_train_02032_me_sa_t1.jpg,train/meningioma/brisc2025_train_02030_me_sa_t1.jpg
remove,phash<=5,train/meningioma/brisc2025_train_02037_me_sa_t1.jpg,train/meningioma/brisc2025_train_02036_me_sa_t1.jpg
remove,phash<=5,train/meningioma/brisc2025_train_02038_me_sa_t1.jpg,train/meningioma/brisc2025_train_02036_me_sa_t1.jpg
remove,phash<=5,train/meningioma/brisc2025_train_02039_me_sa_t1.jpg,train/meningioma/brisc2025_train_02036_me_sa_t1.jpg
remove,phash<=5,train/meningioma/brisc2025_train_02063_me_sa_t1.jpg,train/meningioma/brisc2025_train_02062_me_sa_t1.jpg
remove,phash<=5,train/meningioma/brisc2025_train_02068_me_sa_t1.jpg,train/meningioma/brisc2025_train_02067_me_sa_t1.jpg
remove,phash<=5,train/meningioma/brisc2025_train_02075_me_sa_t1.jpg,train/meningioma/brisc2025_train_02074_me_sa_t1.jpg
remove,phash<=5,train/meningioma/brisc2025_train_02080_me_sa_t1.jpg,train/meningioma/brisc2025_train_02029_me_sa_t1.jpg
remove,phash<=5,train/meningioma/brisc2025_train_02086_me_sa_t1.jpg,train/meningioma/brisc2025_train_02067_me_sa_t1.jpg
remove,phash<=5,train/meningioma/brisc2025_train_02088_me_sa_t1.jpg,train/meningioma/brisc2025_train_02087_me_sa_t1.jpg
remove,phash<=5,train/meningioma/brisc2025_train_02107_me_sa_t1.jpg,train/meningioma/brisc2025_train_02106_me_sa_t1.jpg
remove,phash<=5,train/meningioma/brisc2025_train_02110_me_sa_t1.jpg,train/meningioma/brisc2025_train_02106_me_sa_t1.jpg
remove,phash<=5,train/meningioma/brisc2025_train_02113_me_sa_t1.jpg,train/meningioma/brisc2025_train_02112_me_sa_t1.jpg
remove,phash<=5,train/meningioma/brisc2025_train_02117_me_sa_t1.jpg,train/meningioma/brisc2025_train_02115_me_sa_t1.jpg
remove,phash<=5,train/meningioma/brisc2025_train_02119_me_sa_t1.jpg,train/meningioma/brisc2025_train_02118_me_sa_t1.jpg
remove,phash<=5,train/meningioma/brisc2025_train_02126_me_sa_t1.jpg,train/meningioma/brisc2025_train_02125_me_sa_t1.jpg
remove,phash<=5,train/meningioma/brisc2025_train_02133_me_sa_t1.jpg,train/meningioma/brisc2025_train_02131_me_sa_t1.jpg
remove,phash<=5,train/meningioma/brisc2025_train_02139_me_sa_t1.jpg,train/meningioma/brisc2025_train_02127_me_sa_t1.jpg
remove,phash<=5,train/meningioma/brisc2025_train_02152_me_sa_t1.jpg,train/meningioma/brisc2025_train_02149_me_sa_t1.jpg
remove,phash<=5,train/meningioma/brisc2025_train_02159_me_sa_t1.jpg,train/meningioma/brisc2025_train_02158_me_sa_t1.jpg
remove,phash<=5,train/meningioma/brisc2025_train_02162_me_sa_t1.jpg,train/meningioma/brisc2025_train_02160_me_sa_t1.jpg
remove,phash<=5,train/meningioma/brisc2025_train_02195_me_sa_t1.jpg,train/meningioma/brisc2025_train_02194_me_sa_t1.jpg
remove,phash<=5,train/meningioma/brisc2025_train_02202_me_sa_t1.jpg,train/meningioma/brisc2025_train_02201_me_sa_t1.jpg
remove,phash<=5,train/meningioma/brisc2025_train_02215_me_sa_t1.jpg,train/meningioma/brisc2025_train_02214_me_sa_t1.jpg
remove,phash<=5,train/meningioma/brisc2025_train_02219_me_sa_t1.jpg,train/meningioma/brisc2025_train_02217_me_sa_t1.jpg
remove,phash<=5,train/meningioma/brisc2025_train_02244_me_sa_t1.jpg,train/meningioma/brisc2025_train_02243_me_sa_t1.jpg
remove,phash<=5,train/meningioma/brisc2025_train_02252_me_sa_t1.jpg,train/meningioma/brisc2025_train_02250_me_sa_t1.jpg
remove,phash<=5,train/meningioma/brisc2025_train_02262_me_sa_t1.jpg,train/meningioma/brisc2025_train_02047_me_sa_t1.jpg
remove,phash<=5,train/meningioma/brisc2025_train_02274_me_sa_t1.jpg,train/meningioma/brisc2025_train_02273_me_sa_t1.jpg
remove,phash<=5,train/meningioma/brisc2025_train_02280_me_sa_t1.jpg,train/glioma/brisc2025_train_01089_gl_sa_t1.jpg
remove,phash<=5,train/meningioma/brisc2025_train_02283_me_sa_t1.jpg,train/meningioma/brisc2025_train_02282_me_sa_t1.jpg
remove,phash<=5,train/meningioma/brisc2025_train_02288_me_sa_t1.jpg,train/meningioma/brisc2025_train_02287_me_sa_t1.jpg
remove,phash<=5,train/meningioma/brisc2025_train_02289_me_sa_t1.jpg,train/meningioma/brisc2025_train_02287_me_sa_t1.jpg
remove,phash<=5,train/meningioma/brisc2025_train_02291_me_sa_t1.jpg,train/meningioma/brisc2025_train_02290_me_sa_t1.jpg
remove,phash<=5,train/meningioma/brisc2025_train_02296_me_sa_t1.jpg,train/meningioma/brisc2025_train_02295_me_sa_t1.jpg
remove,phash<=5,train/meningioma/brisc2025_train_02317_me_sa_t1.jpg,train/meningioma/brisc2025_train_02316_me_sa_t1.jpg
remove,phash<=5,train/meningioma/brisc2025_train_02325_me_sa_t1.jpg,train/meningioma/brisc2025_train_02324_me_sa_t1.jpg
remove,phash<=5,train/meningioma/brisc2025_train_02334_me_sa_t1.jpg,train/meningioma/brisc2025_train_02333_me_sa_t1.jpg
remove,phash<=5,train/meningioma/brisc2025_train_02339_me_sa_t1.jpg,train/meningioma/brisc2025_train_02338_me_sa_t1.jpg
remove,phash<=5,train/meningioma/brisc2025_train_02352_me_sa_t1.jpg,train/meningioma/brisc2025_train_02351_me_sa_t1.jpg
remove,phash<=5,train/meningioma/brisc2025_train_02378_me_sa_t1.jpg,train/glioma/brisc2025_train_00014_gl_ax_t1.jpg
remove,phash<=5,train/meningioma/brisc2025_train_02393_me_sa_t1.jpg,train/meningioma/brisc2025_train_02392_me_sa_t1.jpg
remove,phash<=5,train/meningioma/brisc2025_train_02400_me_sa_t1.jpg,train/glioma/brisc2025_train_00955_gl_sa_t1.jpg
remove,phash<=5,train/meningioma/brisc2025_train_02410_me_sa_t1.jpg,train/meningioma/brisc2025_train_02409_me_sa_t1.jpg
remove,phash<=5,train/meningioma/brisc2025_train_02415_me_sa_t1.jpg,train/meningioma/brisc2025_train_02414_me_sa_t1.jpg
remove,phash<=5,train/meningioma/brisc2025_train_02417_me_sa_t1.jpg,train/meningioma/brisc2025_train_02416_me_sa_t1.jpg
remove,phash<=5,train/meningioma/brisc2025_train_02424_me_sa_t1.jpg,train/glioma/brisc2025_train_00902_gl_sa_t1.jpg
remove,phash<=5,train/meningioma/brisc2025_train_02436_me_sa_t1.jpg,train/meningioma/brisc2025_train_02324_me_sa_t1.jpg
remove,phash<=5,train/meningioma/brisc2025_train_02444_me_sa_t1.jpg,train/meningioma/brisc2025_train_02443_me_sa_t1.jpg
remove,phash<=5,train/meningioma/brisc2025_train_02466_me_sa_t1.jpg,train/meningioma/brisc2025_train_02465_me_sa_t1.jpg
remove,phash<=5,train/meningioma/brisc2025_train_02469_me_sa_t1.jpg,train/meningioma/brisc2025_train_02468_me_sa_t1.jpg
remove,phash<=5,train/no_tumor/brisc2025_train_02596_no_ax_t1.jpg,train/glioma/brisc2025_train_00080_gl_ax_t1.jpg
remove,phash<=5,train/no_tumor/brisc2025_train_02793_no_ax_t1.jpg,train/no_tumor/brisc2025_train_02737_no_ax_t1.jpg
remove,phash<=5,train/no_tumor/brisc2025_train_02826_no_ax_t1.jpg,train/no_tumor/brisc2025_train_02703_no_ax_t1.jpg
remove,phash<=5,train/no_tumor/brisc2025_train_02922_no_co_t1.jpg,train/no_tumor/brisc2025_train_02908_no_co_t1.jpg
remove,phash<=5,train/no_tumor/brisc2025_train_02942_no_co_t1.jpg,train/no_tumor/brisc2025_train_02934_no_co_t1.jpg
remove,phash<=5,train/no_tumor/brisc2025_train_03069_no_co_t1.jpg,train/no_tumor/brisc2025_train_03060_no_co_t1.jpg
remove,phash<=5,train/no_tumor/brisc2025_train_03166_no_sa_t1.jpg,train/no_tumor/brisc2025_train_03141_no_sa_t1.jpg
remove,phash<=5,train/no_tumor/brisc2025_train_03167_no_sa_t1.jpg,train/no_tumor/brisc2025_train_03145_no_sa_t1.jpg
remove,phash<=5,train/no_tumor/brisc2025_train_03173_no_sa_t1.jpg,train/no_tumor/brisc2025_train_03160_no_sa_t1.jpg
remove,phash<=5,train/no_tumor/brisc2025_train_03232_no_sa_t1.jpg,train/no_tumor/brisc2025_train_03221_no_sa_t1.jpg
remove,phash<=5,train/no_tumor/brisc2025_train_03247_no_sa_t1.jpg,train/no_tumor/brisc2025_train_03234_no_sa_t1.jpg
remove,phash<=5,train/no_tumor/brisc2025_train_03249_no_sa_t1.jpg,train/no_tumor/brisc2025_train_03240_no_sa_t1.jpg
remove,phash<=5,train/no_tumor/brisc2025_train_03252_no_sa_t1.jpg,train/no_tumor/brisc2025_train_03229_no_sa_t1.jpg
remove,phash<=5,train/no_tumor/brisc2025_train_03303_no_sa_t1.jpg,train/no_tumor/brisc2025_train_03284_no_sa_t1.jpg
remove,phash<=5,train/no_tumor/brisc2025_train_03308_no_sa_t1.jpg,train/no_tumor/brisc2025_train_03273_no_sa_t1.jpg
remove,phash<=5,train/no_tumor/brisc2025_train_03310_no_sa_t1.jpg,train/no_tumor/brisc2025_train_03216_no_sa_t1.jpg
remove,phash<=5,train/no_tumor/brisc2025_train_03312_no_sa_t1.jpg,train/no_tumor/brisc2025_train_03268_no_sa_t1.jpg
remove,phash<=5,train/no_tumor/brisc2025_train_03313_no_sa_t1.jpg,train/no_tumor/brisc2025_train_03301_no_sa_t1.jpg
remove,phash<=5,train/no_tumor/brisc2025_train_03318_no_sa_t1.jpg,train/no_tumor/brisc2025_train_03277_no_sa_t1.jpg
remove,phash<=5,train/no_tumor/brisc2025_train_03320_no_sa_t1.jpg,train/no_tumor/brisc2025_train_03288_no_sa_t1.jpg
remove,phash<=5,train/no_tumor/brisc2025_train_03323_no_sa_t1.jpg,train/no_tumor/brisc2025_train_03284_no_sa_t1.jpg
remove,phash<=5,train/no_tumor/brisc2025_train_03325_no_sa_t1.jpg,train/no_tumor/brisc2025_train_03264_no_sa_t1.jpg
remove,phash<=5,train/no_tumor/brisc2025_train_03326_no_sa_t1.jpg,train/no_tumor/brisc2025_train_03270_no_sa_t1.jpg
remove,phash<=5,train/no_tumor/brisc2025_train_03330_no_sa_t1.jpg,train/no_tumor/brisc2025_train_03316_no_sa_t1.jpg
remove,phash<=5,train/no_tumor/brisc2025_train_03331_no_sa_t1.jpg,train/no_tumor/brisc2025_train_03234_no_sa_t1.jpg
remove,phash<=5,train/no_tumor/brisc2025_train_03332_no_sa_t1.jpg,train/no_tumor/brisc2025_train_03274_no_sa_t1.jpg
remove,phash<=5,train/no_tumor/brisc2025_train_03339_no_sa_t1.jpg,train/no_tumor/brisc2025_train_03212_no_sa_t1.jpg
remove,phash<=5,train/no_tumor/brisc2025_train_03343_no_sa_t1.jpg,train/no_tumor/brisc2025_train_03268_no_sa_t1.jpg
remove,phash<=5,train/no_tumor/brisc2025_train_03350_no_sa_t1.jpg,train/no_tumor/brisc2025_train_03342_no_sa_t1.jpg
remove,phash<=5,train/no_tumor/brisc2025_train_03352_no_sa_t1.jpg,train/no_tumor/brisc2025_train_03250_no_sa_t1.jpg
remove,phash<=5,train/no_tumor/brisc2025_train_03362_no_sa_t1.jpg,train/no_tumor/brisc2025_train_03229_no_sa_t1.jpg
remove,phash<=5,train/no_tumor/brisc2025_train_03375_no_sa_t1.jpg,train/no_tumor/brisc2025_train_03221_no_sa_t1.jpg
remove,phash<=5,train/no_tumor/brisc2025_train_03378_no_sa_t1.jpg,train/no_tumor/brisc2025_train_03225_no_sa_t1.jpg
remove,phash<=5,train/no_tumor/brisc2025_train_03381_no_sa_t1.jpg,train/no_tumor/brisc2025_train_03237_no_sa_t1.jpg
remove,phash<=5,train/no_tumor/brisc2025_train_03397_no_sa_t1.jpg,train/no_tumor/brisc2025_train_03192_no_sa_t1.jpg
remove,phash<=5,train/no_tumor/brisc2025_train_03399_no_sa_t1.jpg,train/no_tumor/brisc2025_train_03209_no_sa_t1.jpg
remove,phash<=5,train/no_tumor/brisc2025_train_03402_no_sa_t1.jpg,train/no_tumor/brisc2025_train_03400_no_sa_t1.jpg
remove,phash<=5,train/no_tumor/brisc2025_train_03403_no_sa_t1.jpg,train/no_tumor/brisc2025_train_03209_no_sa_t1.jpg
remove,phash<=5,train/no_tumor/brisc2025_train_03408_no_sa_t1.jpg,train/no_tumor/brisc2025_train_03215_no_sa_t1.jpg
remove,phash<=5,train/no_tumor/brisc2025_train_03411_no_sa_t1.jpg,train/no_tumor/brisc2025_train_03206_no_sa_t1.jpg
remove,phash<=5,train/no_tumor/brisc2025_train_03421_no_sa_t1.jpg,train/no_tumor/brisc2025_train_03208_no_sa_t1.jpg
remove,phash<=5,train/no_tumor/brisc2025_train_03425_no_sa_t1.jpg,train/no_tumor/brisc2025_train_03194_no_sa_t1.jpg
remove,phash<=5,train/no_tumor/brisc2025_train_03434_no_sa_t1.jpg,train/no_tumor/brisc2025_train_03195_no_sa_t1.jpg
remove,phash<=5,train/no_tumor/brisc2025_train_03436_no_sa_t1.jpg,train/no_tumor/brisc2025_train_03180_no_sa_t1.jpg
remove,phash<=5,train/no_tumor/brisc2025_train_03438_no_sa_t1.jpg,train/no_tumor/brisc2025_train_03145_no_sa_t1.jpg
remove,phash<=5,train/no_tumor/brisc2025_train_03444_no_sa_t1.jpg,train/no_tumor/brisc2025_train_03164_no_sa_t1.jpg
remove,phash<=5,train/no_tumor/brisc2025_train_03450_no_sa_t1.jpg,train/no_tumor/brisc2025_train_03445_no_sa_t1.jpg
remove,phash<=5,train/no_tumor/brisc2025_train_03537_no_sa_t1.jpg,train/no_tumor/brisc2025_train_03475_no_sa_t1.jpg
remove,phash<=5,train/pituitary/brisc2025_train_03546_pi_ax_t1.jpg,train/pituitary/brisc2025_train_03545_pi_ax_t1.jpg
remove,phash<=5,train/pituitary/brisc2025_train_03561_pi_ax_t1.jpg,train/pituitary/brisc2025_train_03560_pi_ax_t1.jpg
remove,phash<=5,train/pituitary/brisc2025_train_03566_pi_ax_t1.jpg,train/pituitary/brisc2025_train_03565_pi_ax_t1.jpg
remove,phash<=5,train/pituitary/brisc2025_train_03567_pi_ax_t1.jpg,train/pituitary/brisc2025_train_03565_pi_ax_t1.jpg
remove,phash<=5,train/pituitary/brisc2025_train_03570_pi_ax_t1.jpg,train/pituitary/brisc2025_train_03568_pi_ax_t1.jpg
remove,phash<=5,train/pituitary/brisc2025_train_03573_pi_ax_t1.jpg,train/pituitary/brisc2025_train_03569_pi_ax_t1.jpg
remove,phash<=5,train/pituitary/brisc2025_train_03589_pi_ax_t1.jpg,train/pituitary/brisc2025_train_03588_pi_ax_t1.jpg
remove,phash<=5,train/pituitary/brisc2025_train_03591_pi_ax_t1.jpg,train/pituitary/brisc2025_train_03590_pi_ax_t1.jpg
remove,phash<=5,train/pituitary/brisc2025_train_03601_pi_ax_t1.jpg,train/pituitary/brisc2025_train_03599_pi_ax_t1.jpg
remove,phash<=5,train/pituitary/brisc2025_train_03604_pi_ax_t1.jpg,train/pituitary/brisc2025_train_03603_pi_ax_t1.jpg
remove,phash<=5,train/pituitary/brisc2025_train_03609_pi_ax_t1.jpg,train/pituitary/brisc2025_train_03608_pi_ax_t1.jpg
remove,phash<=5,train/pituitary/brisc2025_train_03612_pi_ax_t1.jpg,train/pituitary/brisc2025_train_03611_pi_ax_t1.jpg
remove,phash<=5,train/pituitary/brisc2025_train_03613_pi_ax_t1.jpg,train/pituitary/brisc2025_train_03611_pi_ax_t1.jpg
remove,phash<=5,train/pituitary/brisc2025_train_03616_pi_ax_t1.jpg,train/pituitary/brisc2025_train_03615_pi_ax_t1.jpg
remove,phash<=5,train/pituitary/brisc2025_train_03627_pi_ax_t1.jpg,train/pituitary/brisc2025_train_03626_pi_ax_t1.jpg
remove,phash<=5,train/pituitary/brisc2025_train_03635_pi_ax_t1.jpg,train/pituitary/brisc2025_train_03634_pi_ax_t1.jpg
remove,phash<=5,train/pituitary/brisc2025_train_03658_pi_ax_t1.jpg,train/pituitary/brisc2025_train_03657_pi_ax_t1.jpg
remove,phash<=5,train/pituitary/brisc2025_train_03666_pi_ax_t1.jpg,train/pituitary/brisc2025_train_03665_pi_ax_t1.jpg
remove,phash<=5,train/pituitary/brisc2025_train_03673_pi_ax_t1.jpg,train/pituitary/brisc2025_train_03672_pi_ax_t1.jpg
remove,phash<=5,train/pituitary/brisc2025_train_03679_pi_ax_t1.jpg,train/pituitary/brisc2025_train_03678_pi_ax_t1.jpg
remove,phash<=5,train/pituitary/brisc2025_train_03682_pi_ax_t1.jpg,train/pituitary/brisc2025_train_03681_pi_ax_t1.jpg
remove,phash<=5,train/pituitary/brisc2025_train_03683_pi_ax_t1.jpg,train/pituitary/brisc2025_train_03681_pi_ax_t1.jpg
remove,phash<=5,train/pituitary/brisc2025_train_03685_pi_ax_t1.jpg,train/pituitary/brisc2025_train_03684_pi_ax_t1.jpg
remove,phash<=5,train/pituitary/brisc2025_train_03692_pi_ax_t1.jpg,train/pituitary/brisc2025_train_03691_pi_ax_t1.jpg
remove,phash<=5,train/pituitary/brisc2025_train_03708_pi_ax_t1.jpg,train/pituitary/brisc2025_train_03652_pi_ax_t1.jpg
remove,phash<=5,train/pituitary/brisc2025_train_03719_pi_ax_t1.jpg,train/pituitary/brisc2025_train_03718_pi_ax_t1.jpg
remove,phash<=5,train/pituitary/brisc2025_train_03724_pi_ax_t1.jpg,train/pituitary/brisc2025_train_03723_pi_ax_t1.jpg
remove,phash<=5,train/pituitary/brisc2025_train_03745_pi_ax_t1.jpg,train/pituitary/brisc2025_train_03744_pi_ax_t1.jpg
remove,phash<=5,train/pituitary/brisc2025_train_03748_pi_ax_t1.jpg,train/pituitary/brisc2025_train_03747_pi_ax_t1.jpg
remove,phash<=5,train/pituitary/brisc2025_train_03755_pi_ax_t1.jpg,train/pituitary/brisc2025_train_03754_pi_ax_t1.jpg
remove,phash<=5,train/pituitary/brisc2025_train_03762_pi_ax_t1.jpg,train/pituitary/brisc2025_train_03761_pi_ax_t1.jpg
remove,phash<=5,train/pituitary/brisc2025_train_03772_pi_ax_t1.jpg,train/pituitary/brisc2025_train_03771_pi_ax_t1.jpg
remove,phash<=5,train/pituitary/brisc2025_train_03776_pi_ax_t1.jpg,train/pituitary/brisc2025_train_03775_pi_ax_t1.jpg
remove,phash<=5,train/pituitary/brisc2025_train_03803_pi_ax_t1.jpg,train/pituitary/brisc2025_train_03802_pi_ax_t1.jpg
remove,phash<=5,train/pituitary/brisc2025_train_03806_pi_ax_t1.jpg,train/pituitary/brisc2025_train_03805_pi_ax_t1.jpg
remove,phash<=5,train/pituitary/brisc2025_train_03813_pi_ax_t1.jpg,train/pituitary/brisc2025_train_03812_pi_ax_t1.jpg
remove,phash<=5,train/pituitary/brisc2025_train_03815_pi_ax_t1.jpg,train/pituitary/brisc2025_train_03814_pi_ax_t1.jpg
remove,phash<=5,train/pituitary/brisc2025_train_03841_pi_ax_t1.jpg,train/pituitary/brisc2025_train_03839_pi_ax_t1.jpg
remove,phash<=5,train/pituitary/brisc2025_train_03843_pi_ax_t1.jpg,train/pituitary/brisc2025_train_03842_pi_ax_t1.jpg
remove,phash<=5,train/pituitary/brisc2025_train_03846_pi_ax_t1.jpg,train/pituitary/brisc2025_train_03845_pi_ax_t1.jpg
remove,phash<=5,train/pituitary/brisc2025_train_03847_pi_ax_t1.jpg,train/pituitary/brisc2025_train_03840_pi_ax_t1.jpg
remove,phash<=5,train/pituitary/brisc2025_train_03863_pi_ax_t1.jpg,train/pituitary/brisc2025_train_03862_pi_ax_t1.jpg
remove,phash<=5,train/pituitary/brisc2025_train_03876_pi_ax_t1.jpg,train/pituitary/brisc2025_train_03868_pi_ax_t1.jpg
remove,phash<=5,train/pituitary/brisc2025_train_03882_pi_ax_t1.jpg,train/pituitary/brisc2025_train_03881_pi_ax_t1.jpg
remove,phash<=5,train/pituitary/brisc2025_train_03893_pi_ax_t1.jpg,train/pituitary/brisc2025_train_03891_pi_ax_t1.jpg
remove,phash<=5,train/pituitary/brisc2025_train_03908_pi_ax_t1.jpg,train/pituitary/brisc2025_train_03907_pi_ax_t1.jpg
remove,phash<=5,train/pituitary/brisc2025_train_03912_pi_ax_t1.jpg,train/pituitary/brisc2025_train_03911_pi_ax_t1.jpg
remove,phash<=5,train/pituitary/brisc2025_train_03917_pi_ax_t1.jpg,train/pituitary/brisc2025_train_03916_pi_ax_t1.jpg
remove,phash<=5,train/pituitary/brisc2025_train_03929_pi_ax_t1.jpg,train/pituitary/brisc2025_train_03928_pi_ax_t1.jpg
remove,phash<=5,train/pituitary/brisc2025_train_03935_pi_ax_t1.jpg,train/pituitary/brisc2025_train_03934_pi_ax_t1.jpg
remove,phash<=5,train/pituitary/brisc2025_train_03938_pi_ax_t1.jpg,train/pituitary/brisc2025_train_03937_pi_ax_t1.jpg
remove,phash<=5,train/pituitary/brisc2025_train_03939_pi_ax_t1.jpg,train/pituitary/brisc2025_train_03937_pi_ax_t1.jpg
remove,phash<=5,train/pituitary/brisc2025_train_03957_pi_ax_t1.jpg,train/pituitary/brisc2025_train_03956_pi_ax_t1.jpg
remove,phash<=5,train/pituitary/brisc2025_train_03974_pi_co_t1.jpg,train/pituitary/brisc2025_train_03973_pi_co_t1.jpg
remove,phash<=5,train/pituitary/brisc2025_train_03976_pi_co_t1.jpg,train/pituitary/brisc2025_train_03975_pi_co_t1.jpg
remove,phash<=5,train/pituitary/brisc2025_train_03981_pi_co_t1.jpg,train/pituitary/brisc2025_train_03980_pi_co_t1.jpg
remove,phash<=5,train/pituitary/brisc2025_train_03982_pi_co_t1.jpg,train/pituitary/brisc2025_train_03980_pi_co_t1.jpg
remove,phash<=5,train/pituitary/brisc2025_train_03993_pi_co_t1.jpg,train/pituitary/brisc2025_train_03984_pi_co_t1.jpg
remove,phash<=5,train/pituitary/brisc2025_train_04003_pi_co_t1.jpg,train/pituitary/brisc2025_train_03970_pi_co_t1.jpg
remove,phash<=5,train/pituitary/brisc2025_train_04013_pi_co_t1.jpg,train/pituitary/brisc2025_train_04012_pi_co_t1.jpg
remove,phash<=5,train/pituitary/brisc2025_train_04016_pi_co_t1.jpg,train/pituitary/brisc2025_train_04015_pi_co_t1.jpg
remove,phash<=5,train/pituitary/brisc2025_train_04017_pi_co_t1.jpg,train/pituitary/brisc2025_train_04006_pi_co_t1.jpg
remove,phash<=5,train/pituitary/brisc2025_train_04019_pi_co_t1.jpg,train/pituitary/brisc2025_train_04018_pi_co_t1.jpg
remove,phash<=5,train/pituitary/brisc2025_train_04026_pi_co_t1.jpg,train/pituitary/brisc2025_train_04025_pi_co_t1.jpg
remove,phash<=5,train/pituitary/brisc2025_train_04028_pi_co_t1.jpg,train/pituitary/brisc2025_train_04006_pi_co_t1.jpg
remove,phash<=5,train/pituitary/brisc2025_train_04037_pi_co_t1.jpg,train/pituitary/brisc2025_train_04036_pi_co_t1.jpg
remove,phash<=5,train/pituitary/brisc2025_train_04043_pi_co_t1.jpg,train/pituitary/brisc2025_train_04042_pi_co_t1.jpg
remove,phash<=5,train/pituitary/brisc2025_train_04051_pi_co_t1.jpg,train/pituitary/brisc2025_train_04049_pi_co_t1.jpg
remove,phash<=5,train/pituitary/brisc2025_train_04056_pi_co_t1.jpg,train/pituitary/brisc2025_train_04055_pi_co_t1.jpg
remove,phash<=5,train/pituitary/brisc2025_train_04058_pi_co_t1.jpg,train/pituitary/brisc2025_train_04057_pi_co_t1.jpg
remove,phash<=5,train/pituitary/brisc2025_train_04062_pi_co_t1.jpg,train/pituitary/brisc2025_train_04060_pi_co_t1.jpg
remove,phash<=5,train/pituitary/brisc2025_train_04065_pi_co_t1.jpg,train/pituitary/brisc2025_train_04063_pi_co_t1.jpg
remove,phash<=5,train/pituitary/brisc2025_train_04067_pi_co_t1.jpg,train/pituitary/brisc2025_train_04066_pi_co_t1.jpg
remove,phash<=5,train/pituitary/brisc2025_train_04076_pi_co_t1.jpg,train/pituitary/brisc2025_train_04075_pi_co_t1.jpg
remove,phash<=5,train/pituitary/brisc2025_train_04077_pi_co_t1.jpg,train/pituitary/brisc2025_train_04075_pi_co_t1.jpg
remove,phash<=5,train/pituitary/brisc2025_train_04084_pi_co_t1.jpg,train/pituitary/brisc2025_train_04082_pi_co_t1.jpg
remove,phash<=5,train/pituitary/brisc2025_train_04092_pi_co_t1.jpg,train/pituitary/brisc2025_train_04088_pi_co_t1.jpg
remove,phash<=5,train/pituitary/brisc2025_train_04094_pi_co_t1.jpg,train/pituitary/brisc2025_train_04087_pi_co_t1.jpg
remove,phash<=5,train/pituitary/brisc2025_train_04097_pi_co_t1.jpg,train/pituitary/brisc2025_train_04096_pi_co_t1.jpg
remove,phash<=5,train/pituitary/brisc2025_train_04100_pi_co_t1.jpg,train/pituitary/brisc2025_train_04099_pi_co_t1.jpg
remove,phash<=5,train/pituitary/brisc2025_train_04120_pi_co_t1.jpg,train/pituitary/brisc2025_train_04119_pi_co_t1.jpg
remove,phash<=5,train/pituitary/brisc2025_train_04122_pi_co_t1.jpg,train/pituitary/brisc2025_train_04121_pi_co_t1.jpg
remove,phash<=5,train/pituitary/brisc2025_train_04126_pi_co_t1.jpg,train/pituitary/brisc2025_train_04115_pi_co_t1.jpg
remove,phash<=5,train/pituitary/brisc2025_train_04132_pi_co_t1.jpg,train/pituitary/brisc2025_train_04131_pi_co_t1.jpg
remove,phash<=5,train/pituitary/brisc2025_train_04137_pi_co_t1.jpg,train/pituitary/brisc2025_train_04115_pi_co_t1.jpg
remove,phash<=5,train/pituitary/brisc2025_train_04144_pi_co_t1.jpg,train/pituitary/brisc2025_train_04143_pi_co_t1.jpg
remove,phash<=5,train/pituitary/brisc2025_train_04147_pi_co_t1.jpg,train/pituitary/brisc2025_train_04146_pi_co_t1.jpg
remove,phash<=5,train/pituitary/brisc2025_train_04152_pi_co_t1.jpg,train/pituitary/brisc2025_train_04151_pi_co_t1.jpg
remove,phash<=5,train/pituitary/brisc2025_train_04170_pi_co_t1.jpg,train/pituitary/brisc2025_train_04159_pi_co_t1.jpg
remove,phash<=5,train/pituitary/brisc2025_train_04174_pi_co_t1.jpg,train/pituitary/brisc2025_train_04159_pi_co_t1.jpg
remove,phash<=5,train/pituitary/brisc2025_train_04186_pi_co_t1.jpg,train/pituitary/brisc2025_train_04185_pi_co_t1.jpg
remove,phash<=5,train/pituitary/brisc2025_train_04188_pi_co_t1.jpg,train/pituitary/brisc2025_train_04187_pi_co_t1.jpg
remove,phash<=5,train/pituitary/brisc2025_train_04207_pi_co_t1.jpg,train/pituitary/brisc2025_train_04206_pi_co_t1.jpg
remove,phash<=5,train/pituitary/brisc2025_train_04224_pi_co_t1.jpg,train/pituitary/brisc2025_train_04223_pi_co_t1.jpg
remove,phash<=5,train/pituitary/brisc2025_train_04225_pi_co_t1.jpg,train/pituitary/brisc2025_train_04223_pi_co_t1.jpg
remove,phash<=5,train/pituitary/brisc2025_train_04231_pi_co_t1.jpg,train/pituitary/brisc2025_train_04230_pi_co_t1.jpg
remove,phash<=5,train/pituitary/brisc2025_train_04232_pi_co_t1.jpg,train/pituitary/brisc2025_train_04230_pi_co_t1.jpg
remove,phash<=5,train/pituitary/brisc2025_train_04242_pi_co_t1.jpg,train/pituitary/brisc2025_train_04241_pi_co_t1.jpg
remove,phash<=5,train/pituitary/brisc2025_train_04247_pi_co_t1.jpg,train/pituitary/brisc2025_train_04246_pi_co_t1.jpg
remove,phash<=5,train/pituitary/brisc2025_train_04262_pi_co_t1.jpg,train/pituitary/brisc2025_train_04261_pi_co_t1.jpg
remove,phash<=5,train/pituitary/brisc2025_train_04293_pi_co_t1.jpg,train/pituitary/brisc2025_train_04291_pi_co_t1.jpg
remove,phash<=5,train/pituitary/brisc2025_train_04302_pi_co_t1.jpg,train/pituitary/brisc2025_train_04301_pi_co_t1.jpg
remove,phash<=5,train/pituitary/brisc2025_train_04320_pi_co_t1.jpg,train/pituitary/brisc2025_train_04319_pi_co_t1.jpg
remove,phash<=5,train/pituitary/brisc2025_train_04330_pi_co_t1.jpg,train/pituitary/brisc2025_train_04329_pi_co_t1.jpg
remove,phash<=5,train/pituitary/brisc2025_train_04334_pi_co_t1.jpg,train/pituitary/brisc2025_train_04333_pi_co_t1.jpg
remove,phash<=5,train/pituitary/brisc2025_train_04344_pi_co_t1.jpg,train/pituitary/brisc2025_train_04343_pi_co_t1.jpg
remove,phash<=5,train/pituitary/brisc2025_train_04346_pi_co_t1.jpg,train/pituitary/brisc2025_train_04343_pi_co_t1.jpg
remove,phash<=5,train/pituitary/brisc2025_train_04350_pi_co_t1.jpg,train/pituitary/brisc2025_train_04349_pi_co_t1.jpg
remove,phash<=5,train/pituitary/brisc2025_train_04351_pi_co_t1.jpg,train/pituitary/brisc2025_train_04349_pi_co_t1.jpg
remove,phash<=5,train/pituitary/brisc2025_train_04357_pi_co_t1.jpg,train/pituitary/brisc2025_train_04356_pi_co_t1.jpg
remove,phash<=5,train/pituitary/brisc2025_train_04372_pi_co_t1.jpg,train/pituitary/brisc2025_train_04371_pi_co_t1.jpg
remove,phash<=5,train/pituitary/brisc2025_train_04376_pi_co_t1.jpg,train/pituitary/brisc2025_train_04374_pi_co_t1.jpg
remove,phash<=5,train/pituitary/brisc2025_train_04396_pi_co_t1.jpg,train/pituitary/brisc2025_train_04395_pi_co_t1.jpg
remove,phash<=5,train/pituitary/brisc2025_train_04412_pi_co_t1.jpg,train/pituitary/brisc2025_train_04411_pi_co_t1.jpg
remove,phash<=5,train/pituitary/brisc2025_train_04415_pi_co_t1.jpg,train/pituitary/brisc2025_train_04414_pi_co_t1.jpg
remove,phash<=5,train/pituitary/brisc2025_train_04417_pi_co_t1.jpg,train/pituitary/brisc2025_train_04416_pi_co_t1.jpg
remove,phash<=5,train/pituitary/brisc2025_train_04419_pi_co_t1.jpg,train/pituitary/brisc2025_train_04418_pi_co_t1.jpg
remove,phash<=5,train/pituitary/brisc2025_train_04429_pi_co_t1.jpg,train/pituitary/brisc2025_train_04428_pi_co_t1.jpg
remove,phash<=5,train/pituitary/brisc2025_train_04442_pi_co_t1.jpg,train/pituitary/brisc2025_train_04441_pi_co_t1.jpg
remove,phash<=5,train/pituitary/brisc2025_train_04443_pi_co_t1.jpg,train/pituitary/brisc2025_train_04441_pi_co_t1.jpg
remove,phash<=5,train/pituitary/brisc2025_train_04450_pi_co_t1.jpg,train/pituitary/brisc2025_train_04434_pi_co_t1.jpg
remove,phash<=5,train/pituitary/brisc2025_train_04452_pi_co_t1.jpg,train/pituitary/brisc2025_train_04451_pi_co_t1.jpg
remove,phash<=5,train/pituitary/brisc2025_train_04473_pi_co_t1.jpg,train/pituitary/brisc2025_train_04472_pi_co_t1.jpg
remove,phash<=5,train/pituitary/brisc2025_train_04476_pi_co_t1.jpg,train/pituitary/brisc2025_train_04475_pi_co_t1.jpg
remove,phash<=5,train/pituitary/brisc2025_train_04485_pi_sa_t1.jpg,train/pituitary/brisc2025_train_04484_pi_sa_t1.jpg
remove,phash<=5,train/pituitary/brisc2025_train_04491_pi_sa_t1.jpg,train/pituitary/brisc2025_train_04490_pi_sa_t1.jpg
remove,phash<=5,train/pituitary/brisc2025_train_04496_pi_sa_t1.jpg,train/pituitary/brisc2025_train_04495_pi_sa_t1.jpg
remove,phash<=5,train/pituitary/brisc2025_train_04497_pi_sa_t1.jpg,train/pituitary/brisc2025_train_04495_pi_sa_t1.jpg
remove,phash<=5,train/pituitary/brisc2025_train_04501_pi_sa_t1.jpg,train/pituitary/brisc2025_train_04500_pi_sa_t1.jpg
remove,phash<=5,train/pituitary/brisc2025_train_04503_pi_sa_t1.jpg,train/pituitary/brisc2025_train_04502_pi_sa_t1.jpg
remove,phash<=5,train/pituitary/brisc2025_train_04509_pi_sa_t1.jpg,train/pituitary/brisc2025_train_04508_pi_sa_t1.jpg
remove,phash<=5,train/pituitary/brisc2025_train_04514_pi_sa_t1.jpg,train/pituitary/brisc2025_train_04513_pi_sa_t1.jpg
remove,phash<=5,train/pituitary/brisc2025_train_04523_pi_sa_t1.jpg,train/pituitary/brisc2025_train_04522_pi_sa_t1.jpg
remove,phash<=5,train/pituitary/brisc2025_train_04524_pi_sa_t1.jpg,train/pituitary/brisc2025_train_04522_pi_sa_t1.jpg
remove,phash<=5,train/pituitary/brisc2025_train_04527_pi_sa_t1.jpg,train/pituitary/brisc2025_train_04526_pi_sa_t1.jpg
remove,phash<=5,train/pituitary/brisc2025_train_04529_pi_sa_t1.jpg,train/pituitary/brisc2025_train_04528_pi_sa_t1.jpg
remove,phash<=5,train/pituitary/brisc2025_train_04536_pi_sa_t1.jpg,train/pituitary/brisc2025_train_04535_pi_sa_t1.jpg
remove,phash<=5,train/pituitary/brisc2025_train_04541_pi_sa_t1.jpg,train/pituitary/brisc2025_train_04539_pi_sa_t1.jpg
remove,phash<=5,train/pituitary/brisc2025_train_04550_pi_sa_t1.jpg,train/pituitary/brisc2025_train_04549_pi_sa_t1.jpg
remove,phash<=5,train/pituitary/brisc2025_train_04559_pi_sa_t1.jpg,train/pituitary/brisc2025_train_04558_pi_sa_t1.jpg
remove,phash<=5,train/pituitary/brisc2025_train_04560_pi_sa_t1.jpg,train/pituitary/brisc2025_train_04556_pi_sa_t1.jpg
remove,phash<=5,train/pituitary/brisc2025_train_04562_pi_sa_t1.jpg,train/pituitary/brisc2025_train_04561_pi_sa_t1.jpg
remove,phash<=5,train/pituitary/brisc2025_train_04564_pi_sa_t1.jpg,train/pituitary/brisc2025_train_04563_pi_sa_t1.jpg
remove,phash<=5,train/pituitary/brisc2025_train_04565_pi_sa_t1.jpg,train/pituitary/brisc2025_train_04563_pi_sa_t1.jpg
remove,phash<=5,train/pituitary/brisc2025_train_04566_pi_sa_t1.jpg,train/pituitary/brisc2025_train_04561_pi_sa_t1.jpg
remove,phash<=5,train/pituitary/brisc2025_train_04573_pi_sa_t1.jpg,train/pituitary/brisc2025_train_04572_pi_sa_t1.jpg
remove,phash<=5,train/pituitary/brisc2025_train_04574_pi_sa_t1.jpg,train/pituitary/brisc2025_train_04572_pi_sa_t1.jpg
remove,phash<=5,train/pituitary/brisc2025_train_04578_pi_sa_t1.jpg,train/pituitary/brisc2025_train_04577_pi_sa_t1.jpg
remove,phash<=5,train/pituitary/brisc2025_train_04585_pi_sa_t1.jpg,train/pituitary/brisc2025_train_04545_pi_sa_t1.jpg
remove,phash<=5,train/pituitary/brisc2025_train_04588_pi_sa_t1.jpg,train/pituitary/brisc2025_train_04586_pi_sa_t1.jpg
remove,phash<=5,train/pituitary/brisc2025_train_04590_pi_sa_t1.jpg,train/pituitary/brisc2025_train_04589_pi_sa_t1.jpg
remove,phash<=5,train/pituitary/brisc2025_train_04592_pi_sa_t1.jpg,train/pituitary/brisc2025_train_04481_pi_sa_t1.jpg
remove,phash<=5,train/pituitary/brisc2025_train_04602_pi_sa_t1.jpg,train/pituitary/brisc2025_train_04600_pi_sa_t1.jpg
remove,phash<=5,train/pituitary/brisc2025_train_04605_pi_sa_t1.jpg,train/pituitary/brisc2025_train_04601_pi_sa_t1.jpg
remove,phash<=5,train/pituitary/brisc2025_train_04606_pi_sa_t1.jpg,train/pituitary/brisc2025_train_04600_pi_sa_t1.jpg
remove,phash<=5,train/pituitary/brisc2025_train_04612_pi_sa_t1.jpg,train/pituitary/brisc2025_train_04611_pi_sa_t1.jpg
remove,phash<=5,train/pituitary/brisc2025_train_04617_pi_sa_t1.jpg,train/pituitary/brisc2025_train_04616_pi_sa_t1.jpg
remove,phash<=5,train/pituitary/brisc2025_train_04618_pi_sa_t1.jpg,train/pituitary/brisc2025_train_04615_pi_sa_t1.jpg
remove,phash<=5,train/pituitary/brisc2025_train_04619_pi_sa_t1.jpg,train/pituitary/brisc2025_train_04615_pi_sa_t1.jpg
remove,phash<=5,train/pituitary/brisc2025_train_04620_pi_sa_t1.jpg,train/pituitary/brisc2025_train_04615_pi_sa_t1.jpg
remove,phash<=5,train/pituitary/brisc2025_train_04632_pi_sa_t1.jpg,train/pituitary/brisc2025_train_04631_pi_sa_t1.jpg
remove,phash<=5,train/pituitary/brisc2025_train_04633_pi_sa_t1.jpg,train/pituitary/brisc2025_train_04631_pi_sa_t1.jpg
remove,phash<=5,train/pituitary/brisc2025_train_04634_pi_sa_t1.jpg,train/pituitary/brisc2025_train_04631_pi_sa_t1.jpg
remove,phash<=5,train/pituitary/brisc2025_train_04636_pi_sa_t1.jpg,train/pituitary/brisc2025_train_04635_pi_sa_t1.jpg
remove,phash<=5,train/pituitary/brisc2025_train_04643_pi_sa_t1.jpg,train/pituitary/brisc2025_train_04642_pi_sa_t1.jpg
remove,phash<=5,train/pituitary/brisc2025_train_04645_pi_sa_t1.jpg,train/pituitary/brisc2025_train_04644_pi_sa_t1.jpg
remove,phash<=5,train/pituitary/brisc2025_train_04651_pi_sa_t1.jpg,train/pituitary/brisc2025_train_04650_pi_sa_t1.jpg
remove,phash<=5,train/pituitary/brisc2025_train_04652_pi_sa_t1.jpg,train/pituitary/brisc2025_train_04646_pi_sa_t1.jpg
remove,phash<=5,train/pituitary/brisc2025_train_04656_pi_sa_t1.jpg,train/pituitary/brisc2025_train_04655_pi_sa_t1.jpg
remove,phash<=5,train/pituitary/brisc2025_train_04661_pi_sa_t1.jpg,train/pituitary/brisc2025_train_04660_pi_sa_t1.jpg
remove,phash<=5,train/pituitary/brisc2025_train_04665_pi_sa_t1.jpg,train/pituitary/brisc2025_train_04664_pi_sa_t1.jpg
remove,phash<=5,train/pituitary/brisc2025_train_04669_pi_sa_t1.jpg,train/pituitary/brisc2025_train_04494_pi_sa_t1.jpg
remove,phash<=5,train/pituitary/brisc2025_train_04670_pi_sa_t1.jpg,train/pituitary/brisc2025_train_04494_pi_sa_t1.jpg
remove,phash<=5,train/pituitary/brisc2025_train_04682_pi_sa_t1.jpg,train/pituitary/brisc2025_train_04678_pi_sa_t1.jpg
remove,phash<=5,train/pituitary/brisc2025_train_04683_pi_sa_t1.jpg,train/pituitary/brisc2025_train_04678_pi_sa_t1.jpg
remove,phash<=5,train/pituitary/brisc2025_train_04685_pi_sa_t1.jpg,train/pituitary/brisc2025_train_04684_pi_sa_t1.jpg
remove,phash<=5,train/pituitary/brisc2025_train_04687_pi_sa_t1.jpg,train/pituitary/brisc2025_train_04686_pi_sa_t1.jpg
remove,phash<=5,train/pituitary/brisc2025_train_04689_pi_sa_t1.jpg,train/pituitary/brisc2025_train_04688_pi_sa_t1.jpg
remove,phash<=5,train/pituitary/brisc2025_train_04690_pi_sa_t1.jpg,train/pituitary/brisc2025_train_04688_pi_sa_t1.jpg
remove,phash<=5,train/pituitary/brisc2025_train_04692_pi_sa_t1.jpg,train/pituitary/brisc2025_train_04688_pi_sa_t1.jpg
remove,phash<=5,train/pituitary/brisc2025_train_04697_pi_sa_t1.jpg,train/pituitary/brisc2025_train_04695_pi_sa_t1.jpg
remove,phash<=5,train/pituitary/brisc2025_train_04698_pi_sa_t1.jpg,train/pituitary/brisc2025_train_04678_pi_sa_t1.jpg
remove,phash<=5,train/pituitary/brisc2025_train_04701_pi_sa_t1.jpg,train/pituitary/brisc2025_train_04552_pi_sa_t1.jpg
remove,phash<=5,train/pituitary/brisc2025_train_04703_pi_sa_t1.jpg,train/pituitary/brisc2025_train_04702_pi_sa_t1.jpg
remove,phash<=5,train/pituitary/brisc2025_train_04709_pi_sa_t1.jpg,train/pituitary/brisc2025_train_04708_pi_sa_t1.jpg
remove,phash<=5,train/pituitary/brisc2025_train_04712_pi_sa_t1.jpg,train/pituitary/brisc2025_train_04711_pi_sa_t1.jpg
remove,phash<=5,train/pituitary/brisc2025_train_04715_pi_sa_t1.jpg,train/pituitary/brisc2025_train_04714_pi_sa_t1.jpg
remove,phash<=5,train/pituitary/brisc2025_train_04718_pi_sa_t1.jpg,train/pituitary/brisc2025_train_04717_pi_sa_t1.jpg
remove,phash<=5,train/pituitary/brisc2025_train_04726_pi_sa_t1.jpg,train/pituitary/brisc2025_train_04725_pi_sa_t1.jpg
remove,phash<=5,train/pituitary/brisc2025_train_04728_pi_sa_t1.jpg,train/pituitary/brisc2025_train_04725_pi_sa_t1.jpg
remove,phash<=5,train/pituitary/brisc2025_train_04732_pi_sa_t1.jpg,train/pituitary/brisc2025_train_04730_pi_sa_t1.jpg
remove,phash<=5,train/pituitary/brisc2025_train_04733_pi_sa_t1.jpg,train/pituitary/brisc2025_train_04729_pi_sa_t1.jpg
remove,phash<=5,train/pituitary/brisc2025_train_04736_pi_sa_t1.jpg,train/pituitary/brisc2025_train_04735_pi_sa_t1.jpg
remove,phash<=5,train/pituitary/brisc2025_train_04739_pi_sa_t1.jpg,train/pituitary/brisc2025_train_04738_pi_sa_t1.jpg
remove,phash<=5,train/pituitary/brisc2025_train_04747_pi_sa_t1.jpg,train/pituitary/brisc2025_train_04746_pi_sa_t1.jpg
remove,phash<=5,train/pituitary/brisc2025_train_04748_pi_sa_t1.jpg,train/pituitary/brisc2025_train_04746_pi_sa_t1.jpg
remove,phash<=5,train/pituitary/brisc2025_train_04753_pi_sa_t1.jpg,train/pituitary/brisc2025_train_04752_pi_sa_t1.jpg
remove,phash<=5,train/pituitary/brisc2025_train_04757_pi_sa_t1.jpg,train/pituitary/brisc2025_train_04756_pi_sa_t1.jpg
remove,phash<=5,train/pituitary/brisc2025_train_04768_pi_sa_t1.jpg,train/pituitary/brisc2025_train_04766_pi_sa_t1.jpg
remove,phash<=5,train/pituitary/brisc2025_train_04772_pi_sa_t1.jpg,train/pituitary/brisc2025_train_04771_pi_sa_t1.jpg
remove,phash<=5,train/pituitary/brisc2025_train_04778_pi_sa_t1.jpg,train/pituitary/brisc2025_train_04775_pi_sa_t1.jpg
remove,phash<=5,train/pituitary/brisc2025_train_04779_pi_sa_t1.jpg,train/pituitary/brisc2025_train_04775_pi_sa_t1.jpg
remove,phash<=5,train/pituitary/brisc2025_train_04781_pi_sa_t1.jpg,train/pituitary/brisc2025_train_04780_pi_sa_t1.jpg
remove,phash<=5,train/pituitary/brisc2025_train_04784_pi_sa_t1.jpg,train/pituitary/brisc2025_train_04783_pi_sa_t1.jpg
remove,phash<=5,train/pituitary/brisc2025_train_04787_pi_sa_t1.jpg,train/pituitary/brisc2025_train_04786_pi_sa_t1.jpg
remove,phash<=5,train/pituitary/brisc2025_train_04788_pi_sa_t1.jpg,train/pituitary/brisc2025_train_04786_pi_sa_t1.jpg
remove,phash<=5,train/pituitary/brisc2025_train_04789_pi_sa_t1.jpg,train/pituitary/brisc2025_train_04786_pi_sa_t1.jpg
remove,phash<=5,train/pituitary/brisc2025_train_04794_pi_sa_t1.jpg,train/pituitary/brisc2025_train_04775_pi_sa_t1.jpg
remove,phash<=5,train/pituitary/brisc2025_train_04803_pi_sa_t1.jpg,train/pituitary/brisc2025_train_04783_pi_sa_t1.jpg
remove,phash<=5,train/pituitary/brisc2025_train_04808_pi_sa_t1.jpg,train/pituitary/brisc2025_train_04807_pi_sa_t1.jpg
remove,phash<=5,train/pituitary/brisc2025_train_04812_pi_sa_t1.jpg,train/pituitary/brisc2025_train_04811_pi_sa_t1.jpg
remove,phash<=5,train/pituitary/brisc2025_train_04820_pi_sa_t1.jpg,train/pituitary/brisc2025_train_04819_pi_sa_t1.jpg
remove,phash<=5,train/pituitary/brisc2025_train_04825_pi_sa_t1.jpg,train/pituitary/brisc2025_train_04822_pi_sa_t1.jpg
remove,phash<=5,train/pituitary/brisc2025_train_04833_pi_sa_t1.jpg,train/pituitary/brisc2025_train_04830_pi_sa_t1.jpg
remove,phash<=5,train/pituitary/brisc2025_train_04838_pi_sa_t1.jpg,train/pituitary/brisc2025_train_04837_pi_sa_t1.jpg
remove,phash<=5,train/pituitary/brisc2025_train_04839_pi_sa_t1.jpg,train/pituitary/brisc2025_train_04837_pi_sa_t1.jpg
remove,phash<=5,train/pituitary/brisc2025_train_04844_pi_sa_t1.jpg,train/pituitary/brisc2025_train_04843_pi_sa_t1.jpg
remove,phash<=5,train/pituitary/brisc2025_train_04846_pi_sa_t1.jpg,train/pituitary/brisc2025_train_04845_pi_sa_t1.jpg
remove,phash<=5,train/pituitary/brisc2025_train_04859_pi_sa_t1.jpg,train/pituitary/brisc2025_train_04796_pi_sa_t1.jpg
remove,phash<=5,train/pituitary/brisc2025_train_04862_pi_sa_t1.jpg,train/pituitary/brisc2025_train_04861_pi_sa_t1.jpg
remove,phash<=5,train/pituitary/brisc2025_train_04865_pi_sa_t1.jpg,train/pituitary/brisc2025_train_04864_pi_sa_t1.jpg
remove,phash<=5,train/pituitary/brisc2025_train_04867_pi_sa_t1.jpg,train/pituitary/brisc2025_train_04864_pi_sa_t1.jpg
remove,phash<=5,train/pituitary/brisc2025_train_04868_pi_sa_t1.jpg,train/pituitary/brisc2025_train_04864_pi_sa_t1.jpg
remove,phash<=5,train/pituitary/brisc2025_train_04871_pi_sa_t1.jpg,train/pituitary/brisc2025_train_04870_pi_sa_t1.jpg
remove,phash<=5,train/pituitary/brisc2025_train_04879_pi_sa_t1.jpg,train/pituitary/brisc2025_train_04878_pi_sa_t1.jpg
remove,phash<=5,train/pituitary/brisc2025_train_04880_pi_sa_t1.jpg,train/pituitary/brisc2025_train_04878_pi_sa_t1.jpg
remove,phash<=5,train/pituitary/brisc2025_train_04888_pi_sa_t1.jpg,train/pituitary/brisc2025_train_04887_pi_sa_t1.jpg
remove,phash<=5,train/pituitary/brisc2025_train_04893_pi_sa_t1.jpg,train/pituitary/brisc2025_train_04892_pi_sa_t1.jpg
remove,phash<=5,train/pituitary/brisc2025_train_04903_pi_sa_t1.jpg,train/pituitary/brisc2025_train_04902_pi_sa_t1.jpg
remove,phash<=5,train/pituitary/brisc2025_train_04933_pi_sa_t1.jpg,train/pituitary/brisc2025_train_04932_pi_sa_t1.jpg
remove,phash<=5,train/pituitary/brisc2025_train_04945_pi_sa_t1.jpg,train/pituitary/brisc2025_train_04944_pi_sa_t1.jpg
remove,phash<=5,train/pituitary/brisc2025_train_04946_pi_sa_t1.jpg,train/pituitary/brisc2025_train_04944_pi_sa_t1.jpg
remove,phash<=5,train/pituitary/brisc2025_train_04949_pi_sa_t1.jpg,train/pituitary/brisc2025_train_04948_pi_sa_t1.jpg
remove,phash<=5,train/pituitary/brisc2025_train_04952_pi_sa_t1.jpg,train/pituitary/brisc2025_train_04951_pi_sa_t1.jpg
remove,phash<=5,train/pituitary/brisc2025_train_04953_pi_sa_t1.jpg,train/pituitary/brisc2025_train_04951_pi_sa_t1.jpg
remove,phash<=5,train/pituitary/brisc2025_train_04955_pi_sa_t1.jpg,train/pituitary/brisc2025_train_04950_pi_sa_t1.jpg
remove,phash<=5,train/pituitary/brisc2025_train_04958_pi_sa_t1.jpg,train/pituitary/brisc2025_train_04956_pi_sa_t1.jpg
remove,phash<=5,train/pituitary/brisc2025_train_04965_pi_sa_t1.jpg,train/pituitary/brisc2025_train_04962_pi_sa_t1.jpg
remove,phash<=5,train/pituitary/brisc2025_train_04969_pi_sa_t1.jpg,train/pituitary/brisc2025_train_04968_pi_sa_t1.jpg
remove,phash<=5,train/pituitary/brisc2025_train_04970_pi_sa_t1.jpg,train/pituitary/brisc2025_train_04966_pi_sa_t1.jpg
remove,phash<=5,train/pituitary/brisc2025_train_04976_pi_sa_t1.jpg,train/pituitary/brisc2025_train_04975_pi_sa_t1.jpg
remove,phash<=5,train/pituitary/brisc2025_train_04978_pi_sa_t1.jpg,train/pituitary/brisc2025_train_04977_pi_sa_t1.jpg
remove,phash<=5,train/pituitary/brisc2025_train_04982_pi_sa_t1.jpg,train/pituitary/brisc2025_train_04981_pi_sa_t1.jpg
remove,phash<=5,train/pituitary/brisc2025_train_04987_pi_sa_t1.jpg,train/pituitary/brisc2025_train_04950_pi_sa_t1.jpg
remove,phash<=5,train/pituitary/brisc2025_train_04991_pi_sa_t1.jpg,train/pituitary/brisc2025_train_04990_pi_sa_t1.jpg
remove,phash<=5,test/glioma/brisc2025_test_00009_gl_ax_t1.jpg,train/glioma/brisc2025_train_00022_gl_ax_t1.jpg
remove,phash<=5,test/glioma/brisc2025_test_00027_gl_ax_t1.jpg,train/glioma/brisc2025_train_00035_gl_ax_t1.jpg
remove,phash<=5,test/glioma/brisc2025_test_00036_gl_ax_t1.jpg,train/glioma/brisc2025_train_00041_gl_ax_t1.jpg
remove,phash<=5,test/glioma/brisc2025_test_00037_gl_ax_t1.jpg,train/glioma/brisc2025_train_00042_gl_ax_t1.jpg
remove,phash<=5,test/glioma/brisc2025_test_00040_gl_ax_t1.jpg,train/glioma/brisc2025_train_00061_gl_ax_t1.jpg
remove,phash<=5,test/glioma/brisc2025_test_00043_gl_ax_t1.jpg,train/glioma/brisc2025_train_00068_gl_ax_t1.jpg
remove,phash<=5,test/glioma/brisc2025_test_00044_gl_ax_t1.jpg,train/glioma/brisc2025_train_00089_gl_ax_t1.jpg
remove,phash<=5,test/glioma/brisc2025_test_00047_gl_ax_t1.jpg,train/glioma/brisc2025_train_00288_gl_ax_t1.jpg
remove,phash<=5,test/glioma/brisc2025_test_00050_gl_ax_t1.jpg,train/glioma/brisc2025_train_00171_gl_ax_t1.jpg
remove,phash<=5,test/glioma/brisc2025_test_00054_gl_ax_t1.jpg,train/glioma/brisc2025_train_00189_gl_ax_t1.jpg
remove,phash<=5,test/glioma/brisc2025_test_00056_gl_ax_t1.jpg,train/glioma/brisc2025_train_00205_gl_ax_t1.jpg
remove,phash<=5,test/glioma/brisc2025_test_00058_gl_ax_t1.jpg,train/glioma/brisc2025_train_00219_gl_ax_t1.jpg
remove,phash<=5,test/glioma/brisc2025_test_00059_gl_ax_t1.jpg,train/glioma/brisc2025_train_00224_gl_ax_t1.jpg
remove,phash<=5,test/glioma/brisc2025_test_00061_gl_ax_t1.jpg,train/glioma/brisc2025_train_00226_gl_ax_t1.jpg
remove,phash<=5,test/glioma/brisc2025_test_00067_gl_ax_t1.jpg,train/glioma/brisc2025_train_00241_gl_ax_t1.jpg
remove,phash<=5,test/glioma/brisc2025_test_00068_gl_ax_t1.jpg,train/glioma/brisc2025_train_00269_gl_ax_t1.jpg
remove,phash<=5,test/glioma/brisc2025_test_00069_gl_ax_t1.jpg,train/glioma/brisc2025_train_00318_gl_ax_t1.jpg
remove,phash<=5,test/glioma/brisc2025_test_00071_gl_ax_t1.jpg,train/glioma/brisc2025_train_00345_gl_ax_t1.jpg
remove,phash<=5,test/glioma/brisc2025_test_00073_gl_ax_t1.jpg,train/glioma/brisc2025_train_00348_gl_ax_t1.jpg
remove,phash<=5,test/glioma/brisc2025_test_00074_gl_ax_t1.jpg,train/glioma/brisc2025_train_00353_gl_ax_t1.jpg
remove,phash<=5,test/glioma/brisc2025_test_00075_gl_ax_t1.jpg,train/glioma/brisc2025_train_00353_gl_ax_t1.jpg
remove,phash<=5,test/glioma/brisc2025_test_00076_gl_ax_t1.jpg,train/glioma/brisc2025_train_00357_gl_ax_t1.jpg
remove,phash<=5,test/glioma/brisc2025_test_00077_gl_ax_t1.jpg,train/glioma/brisc2025_train_00367_gl_ax_t1.jpg
remove,phash<=5,test/glioma/brisc2025_test_00080_gl_ax_t1.jpg,train/glioma/brisc2025_train_00376_gl_ax_t1.jpg
remove,phash<=5,test/glioma/brisc2025_test_00082_gl_ax_t1.jpg,train/glioma/brisc2025_train_00382_gl_ax_t1.jpg
remove,phash<=5,test/glioma/brisc2025_test_00083_gl_ax_t1.jpg,train/glioma/brisc2025_train_00138_gl_ax_t1.jpg
remove,phash<=5,test/glioma/brisc2025_test_00086_gl_co_t1.jpg,train/glioma/brisc2025_train_00428_gl_co_t1.jpg
remove,phash<=5,test/glioma/brisc2025_test_00110_gl_co_t1.jpg,train/glioma/brisc2025_train_00445_gl_co_t1.jpg
remove,phash<=5,test/glioma/brisc2025_test_00119_gl_co_t1.jpg,train/glioma/brisc2025_train_00452_gl_co_t1.jpg
remove,phash<=5,test/glioma/brisc2025_test_00120_gl_co_t1.jpg,train/glioma/brisc2025_train_00457_gl_co_t1.jpg
remove,phash<=5,test/glioma/brisc2025_test_00121_gl_co_t1.jpg,train/glioma/brisc2025_train_00464_gl_co_t1.jpg
remove,phash<=5,test/glioma/brisc2025_test_00122_gl_co_t1.jpg,train/glioma/brisc2025_train_00465_gl_co_t1.jpg
remove,phash<=5,test/glioma/brisc2025_test_00123_gl_co_t1.jpg,train/glioma/brisc2025_train_00468_gl_co_t1.jpg
remove,phash<=5,test/glioma/brisc2025_test_00132_gl_co_t1.jpg,train/glioma/brisc2025_train_00580_gl_co_t1.jpg
remove,phash<=5,test/glioma/brisc2025_test_00137_gl_co_t1.jpg,train/glioma/brisc2025_train_00644_gl_co_t1.jpg
remove,phash<=5,test/glioma/brisc2025_test_00138_gl_co_t1.jpg,train/glioma/brisc2025_train_00648_gl_co_t1.jpg
remove,phash<=5,test/glioma/brisc2025_test_00139_gl_co_t1.jpg,train/glioma/brisc2025_train_00673_gl_co_t1.jpg
remove,phash<=5,test/glioma/brisc2025_test_00165_gl_co_t1.jpg,train/glioma/brisc2025_train_00823_gl_co_t1.jpg
remove,phash<=5,test/glioma/brisc2025_test_00172_gl_sa_t1.jpg,test/glioma/brisc2025_test_00171_gl_sa_t1.jpg
remove,phash<=5,test/glioma/brisc2025_test_00181_gl_sa_t1.jpg,train/glioma/brisc2025_train_00917_gl_sa_t1.jpg
remove,phash<=5,test/glioma/brisc2025_test_00182_gl_sa_t1.jpg,train/glioma/brisc2025_train_00925_gl_sa_t1.jpg
remove,phash<=5,test/glioma/brisc2025_test_00186_gl_sa_t1.jpg,train/glioma/brisc2025_train_00941_gl_sa_t1.jpg
remove,phash<=5,test/glioma/brisc2025_test_00188_gl_sa_t1.jpg,test/glioma/brisc2025_test_00187_gl_sa_t1.jpg
remove,phash<=5,test/glioma/brisc2025_test_00195_gl_sa_t1.jpg,train/glioma/brisc2025_train_00966_gl_sa_t1.jpg
remove,phash<=5,test/glioma/brisc2025_test_00197_gl_sa_t1.jpg,train/glioma/brisc2025_train_00979_gl_sa_t1.jpg
remove,phash<=5,test/glioma/brisc2025_test_00198_gl_sa_t1.jpg,train/glioma/brisc2025_train_00982_gl_sa_t1.jpg
remove,phash<=5,test/glioma/brisc2025_test_00200_gl_sa_t1.jpg,train/glioma/brisc2025_train_00985_gl_sa_t1.jpg
remove,phash<=5,test/glioma/brisc2025_test_00203_gl_sa_t1.jpg,train/glioma/brisc2025_train_00994_gl_sa_t1.jpg
remove,phash<=5,test/glioma/brisc2025_test_00204_gl_sa_t1.jpg,train/glioma/brisc2025_train_00996_gl_sa_t1.jpg
remove,phash<=5,test/glioma/brisc2025_test_00209_gl_sa_t1.jpg,train/glioma/brisc2025_train_01126_gl_sa_t1.jpg
remove,phash<=5,test/glioma/brisc2025_test_00211_gl_sa_t1.jpg,train/glioma/brisc2025_train_01013_gl_sa_t1.jpg
remove,phash<=5,test/glioma/brisc2025_test_00215_gl_sa_t1.jpg,test/glioma/brisc2025_test_00214_gl_sa_t1.jpg
remove,phash<=5,test/glioma/brisc2025_test_00216_gl_sa_t1.jpg,train/glioma/brisc2025_train_01026_gl_sa_t1.jpg
remove,phash<=5,test/glioma/brisc2025_test_00224_gl_sa_t1.jpg,test/glioma/brisc2025_test_00173_gl_sa_t1.jpg
remove,phash<=5,test/glioma/brisc2025_test_00225_gl_sa_t1.jpg,train/glioma/brisc2025_train_01078_gl_sa_t1.jpg
remove,phash<=5,test/glioma/brisc2025_test_00226_gl_sa_t1.jpg,train/glioma/brisc2025_train_01079_gl_sa_t1.jpg
remove,phash<=5,test/glioma/brisc2025_test_00235_gl_sa_t1.jpg,train/glioma/brisc2025_train_01096_gl_sa_t1.jpg
remove,phash<=5,test/glioma/brisc2025_test_00241_gl_sa_t1.jpg,train/glioma/brisc2025_train_01118_gl_sa_t1.jpg
remove,phash<=5,test/glioma/brisc2025_test_00243_gl_sa_t1.jpg,train/glioma/brisc2025_train_01120_gl_sa_t1.jpg
remove,phash<=5,test/glioma/brisc2025_test_00246_gl_sa_t1.jpg,train/glioma/brisc2025_train_01125_gl_sa_t1.jpg
remove,phash<=5,test/meningioma/brisc2025_test_00255_me_ax_t1.jpg,train/meningioma/brisc2025_train_01261_me_ax_t1.jpg
remove,phash<=5,test/meningioma/brisc2025_test_00257_me_ax_t1.jpg,train/meningioma/brisc2025_train_01256_me_ax_t1.jpg
remove,phash<=5,test/meningioma/brisc2025_test_00258_me_ax_t1.jpg,train/meningioma/brisc2025_train_01379_me_ax_t1.jpg
remove,phash<=5,test/meningioma/brisc2025_test_00259_me_ax_t1.jpg,train/meningioma/brisc2025_train_01381_me_ax_t1.jpg
remove,phash<=5,test/meningioma/brisc2025_test_00260_me_ax_t1.jpg,train/meningioma/brisc2025_train_01383_me_ax_t1.jpg
remove,phash<=5,test/meningioma/brisc2025_test_00261_me_ax_t1.jpg,train/meningioma/brisc2025_train_01303_me_ax_t1.jpg
remove,phash<=5,test/meningioma/brisc2025_test_00262_me_ax_t1.jpg,train/meningioma/brisc2025_train_01247_me_ax_t1.jpg
remove,phash<=5,test/meningioma/brisc2025_test_00263_me_ax_t1.jpg,train/meningioma/brisc2025_train_01262_me_ax_t1.jpg
remove,phash<=5,test/meningioma/brisc2025_test_00264_me_ax_t1.jpg,train/meningioma/brisc2025_train_01249_me_ax_t1.jpg
remove,phash<=5,test/meningioma/brisc2025_test_00265_me_ax_t1.jpg,train/meningioma/brisc2025_train_01250_me_ax_t1.jpg
remove,phash<=5,test/meningioma/brisc2025_test_00266_me_ax_t1.jpg,train/meningioma/brisc2025_train_01252_me_ax_t1.jpg
remove,phash<=5,test/meningioma/brisc2025_test_00267_me_ax_t1.jpg,train/meningioma/brisc2025_train_01256_me_ax_t1.jpg
remove,phash<=5,test/meningioma/brisc2025_test_00269_me_ax_t1.jpg,train/meningioma/brisc2025_train_01263_me_ax_t1.jpg
remove,phash<=5,test/meningioma/brisc2025_test_00270_me_ax_t1.jpg,train/meningioma/brisc2025_train_01264_me_ax_t1.jpg
remove,phash<=5,test/meningioma/brisc2025_test_00271_me_ax_t1.jpg,train/meningioma/brisc2025_train_01246_me_ax_t1.jpg
remove,phash<=5,test/meningioma/brisc2025_test_00272_me_ax_t1.jpg,train/meningioma/brisc2025_train_01254_me_ax_t1.jpg
remove,phash<=5,test/meningioma/brisc2025_test_00273_me_ax_t1.jpg,train/meningioma/brisc2025_train_01266_me_ax_t1.jpg
remove,phash<=5,test/meningioma/brisc2025_test_00274_me_ax_t1.jpg,train/meningioma/brisc2025_train_01267_me_ax_t1.jpg
remove,phash<=5,test/meningioma/brisc2025_test_00276_me_ax_t1.jpg,train/meningioma/brisc2025_train_01269_me_ax_t1.jpg
remove,phash<=5,test/meningioma/brisc2025_test_00277_me_ax_t1.jpg,train/meningioma/brisc2025_train_01378_me_ax_t1.jpg
remove,phash<=5,test/meningioma/brisc2025_test_00278_me_ax_t1.jpg,train/meningioma/brisc2025_train_01271_me_ax_t1.jpg
remove,phash<=5,test/meningioma/brisc2025_test_00279_me_ax_t1.jpg,train/meningioma/brisc2025_train_01272_me_ax_t1.jpg
remove,phash<=5,test/meningioma/brisc2025_test_00280_me_ax_t1.jpg,train/meningioma/brisc2025_train_01273_me_ax_t1.jpg
remove,phash<=5,test/meningioma/brisc2025_test_00282_me_ax_t1.jpg,train/meningioma/brisc2025_train_01274_me_ax_t1.jpg
remove,phash<=5,test/meningioma/brisc2025_test_00283_me_ax_t1.jpg,train/meningioma/brisc2025_train_01275_me_ax_t1.jpg
remove,phash<=5,test/meningioma/brisc2025_test_00284_me_ax_t1.jpg,train/meningioma/brisc2025_train_01255_me_ax_t1.jpg
remove,phash<=5,test/meningioma/brisc2025_test_00286_me_ax_t1.jpg,train/meningioma/brisc2025_train_01278_me_ax_t1.jpg
remove,phash<=5,test/meningioma/brisc2025_test_00287_me_ax_t1.jpg,train/meningioma/brisc2025_train_01254_me_ax_t1.jpg
remove,phash<=5,test/meningioma/brisc2025_test_00288_me_ax_t1.jpg,train/meningioma/brisc2025_train_01257_me_ax_t1.jpg
remove,phash<=5,test/meningioma/brisc2025_test_00289_me_ax_t1.jpg,train/meningioma/brisc2025_train_01281_me_ax_t1.jpg
remove,phash<=5,test/meningioma/brisc2025_test_00290_me_ax_t1.jpg,train/meningioma/brisc2025_train_01282_me_ax_t1.jpg
remove,phash<=5,test/meningioma/brisc2025_test_00291_me_ax_t1.jpg,train/meningioma/brisc2025_train_01283_me_ax_t1.jpg
remove,phash<=5,test/meningioma/brisc2025_test_00292_me_ax_t1.jpg,train/meningioma/brisc2025_train_01284_me_ax_t1.jpg
remove,phash<=5,test/meningioma/brisc2025_test_00293_me_ax_t1.jpg,train/meningioma/brisc2025_train_01285_me_ax_t1.jpg
remove,phash<=5,test/meningioma/brisc2025_test_00294_me_ax_t1.jpg,train/meningioma/brisc2025_train_01258_me_ax_t1.jpg
remove,phash<=5,test/meningioma/brisc2025_test_00295_me_ax_t1.jpg,train/meningioma/brisc2025_train_01286_me_ax_t1.jpg
remove,phash<=5,test/meningioma/brisc2025_test_00298_me_ax_t1.jpg,train/meningioma/brisc2025_train_01287_me_ax_t1.jpg
remove,phash<=5,test/meningioma/brisc2025_test_00299_me_ax_t1.jpg,train/meningioma/brisc2025_train_01288_me_ax_t1.jpg
remove,phash<=5,test/meningioma/brisc2025_test_00300_me_ax_t1.jpg,train/meningioma/brisc2025_train_01289_me_ax_t1.jpg
remove,phash<=5,test/meningioma/brisc2025_test_00301_me_ax_t1.jpg,train/meningioma/brisc2025_train_01259_me_ax_t1.jpg
remove,phash<=5,test/meningioma/brisc2025_test_00302_me_ax_t1.jpg,train/meningioma/brisc2025_train_01269_me_ax_t1.jpg
remove,phash<=5,test/meningioma/brisc2025_test_00303_me_ax_t1.jpg,train/meningioma/brisc2025_train_01292_me_ax_t1.jpg
remove,phash<=5,test/meningioma/brisc2025_test_00304_me_ax_t1.jpg,train/meningioma/brisc2025_train_01254_me_ax_t1.jpg
remove,phash<=5,test/meningioma/brisc2025_test_00305_me_ax_t1.jpg,train/meningioma/brisc2025_train_01250_me_ax_t1.jpg
remove,phash<=5,test/meningioma/brisc2025_test_00306_me_ax_t1.jpg,train/meningioma/brisc2025_train_01295_me_ax_t1.jpg
remove,phash<=5,test/meningioma/brisc2025_test_00307_me_ax_t1.jpg,train/meningioma/brisc2025_train_01296_me_ax_t1.jpg
remove,phash<=5,test/meningioma/brisc2025_test_00308_me_ax_t1.jpg,train/meningioma/brisc2025_train_01297_me_ax_t1.jpg
remove,phash<=5,test/meningioma/brisc2025_test_00309_me_ax_t1.jpg,train/meningioma/brisc2025_train_01298_me_ax_t1.jpg
remove,phash<=5,test/meningioma/brisc2025_test_00310_me_ax_t1.jpg,train/meningioma/brisc2025_train_01299_me_ax_t1.jpg
remove,phash<=5,test/meningioma/brisc2025_test_00311_me_ax_t1.jpg,train/meningioma/brisc2025_train_01300_me_ax_t1.jpg
remove,phash<=5,test/meningioma/brisc2025_test_00312_me_ax_t1.jpg,train/meningioma/brisc2025_train_01260_me_ax_t1.jpg
remove,phash<=5,test/meningioma/brisc2025_test_00313_me_ax_t1.jpg,train/meningioma/brisc2025_train_01246_me_ax_t1.jpg
remove,phash<=5,test/meningioma/brisc2025_test_00314_me_ax_t1.jpg,train/meningioma/brisc2025_train_01303_me_ax_t1.jpg
remove,phash<=5,test/meningioma/brisc2025_test_00315_me_ax_t1.jpg,train/meningioma/brisc2025_train_01304_me_ax_t1.jpg
remove,phash<=5,test/meningioma/brisc2025_test_00316_me_ax_t1.jpg,train/meningioma/brisc2025_train_01256_me_ax_t1.jpg
remove,phash<=5,test/meningioma/brisc2025_test_00317_me_ax_t1.jpg,train/meningioma/brisc2025_train_01324_me_ax_t1.jpg
remove,phash<=5,test/meningioma/brisc2025_test_00318_me_ax_t1.jpg,train/meningioma/brisc2025_train_01335_me_ax_t1.jpg
remove,phash<=5,test/meningioma/brisc2025_test_00320_me_ax_t1.jpg,train/meningioma/brisc2025_train_01356_me_ax_t1.jpg
remove,phash<=5,test/meningioma/brisc2025_test_00321_me_ax_t1.jpg,train/meningioma/brisc2025_train_01367_me_ax_t1.jpg
remove,phash<=5,test/meningioma/brisc2025_test_00322_me_ax_t1.jpg,train/meningioma/brisc2025_train_01378_me_ax_t1.jpg
remove,phash<=5,test/meningioma/brisc2025_test_00323_me_ax_t1.jpg,train/meningioma/brisc2025_train_01253_me_ax_t1.jpg
remove,phash<=5,test/meningioma/brisc2025_test_00326_me_ax_t1.jpg,train/meningioma/brisc2025_train_01155_me_ax_t1.jpg
remove,phash<=5,test/meningioma/brisc2025_test_00328_me_ax_t1.jpg,train/meningioma/brisc2025_train_01162_me_ax_t1.jpg
remove,phash<=5,test/meningioma/brisc2025_test_00331_me_ax_t1.jpg,train/meningioma/brisc2025_train_01170_me_ax_t1.jpg
remove,phash<=5,test/meningioma/brisc2025_test_00334_me_ax_t1.jpg,train/meningioma/brisc2025_train_01180_me_ax_t1.jpg
remove,phash<=5,test/meningioma/brisc2025_test_00336_me_ax_t1.jpg,train/meningioma/brisc2025_train_01185_me_ax_t1.jpg
remove,phash<=5,test/meningioma/brisc2025_test_00338_me_ax_t1.jpg,train/meningioma/brisc2025_train_01192_me_ax_t1.jpg
remove,phash<=5,test/meningioma/brisc2025_test_00339_me_ax_t1.jpg,train/meningioma/brisc2025_train_01211_me_ax_t1.jpg
remove,phash<=5,test/meningioma/brisc2025_test_00341_me_ax_t1.jpg,train/meningioma/brisc2025_train_01200_me_ax_t1.jpg
remove,phash<=5,test/meningioma/brisc2025_test_00342_me_ax_t1.jpg,train/meningioma/brisc2025_train_01203_me_ax_t1.jpg
remove,phash<=5,test/meningioma/brisc2025_test_00343_me_ax_t1.jpg,train/meningioma/brisc2025_train_01207_me_ax_t1.jpg
remove,phash<=5,test/meningioma/brisc2025_test_00349_me_ax_t1.jpg,test/meningioma/brisc2025_test_00256_me_ax_t1.jpg
remove,phash<=5,test/meningioma/brisc2025_test_00353_me_ax_t1.jpg,train/meningioma/brisc2025_train_01306_me_ax_t1.jpg
remove,phash<=5,test/meningioma/brisc2025_test_00354_me_ax_t1.jpg,test/meningioma/brisc2025_test_00319_me_ax_t1.jpg
remove,phash<=5,test/meningioma/brisc2025_test_00358_me_ax_t1.jpg,train/meningioma/brisc2025_train_01415_me_ax_t1.jpg
remove,phash<=5,test/meningioma/brisc2025_test_00359_me_ax_t1.jpg,train/meningioma/brisc2025_train_01420_me_ax_t1.jpg
remove,phash<=5,test/meningioma/brisc2025_test_00360_me_ax_t1.jpg,train/meningioma/brisc2025_train_01414_me_ax_t1.jpg
remove,phash<=5,test/meningioma/brisc2025_test_00362_me_ax_t1.jpg,train/meningioma/brisc2025_train_01439_me_ax_t1.jpg
remove,phash<=5,test/meningioma/brisc2025_test_00368_me_ax_t1.jpg,train/meningioma/brisc2025_train_01456_me_ax_t1.jpg
remove,phash<=5,test/meningioma/brisc2025_test_00371_me_ax_t1.jpg,train/meningioma/brisc2025_train_01463_me_ax_t1.jpg
remove,phash<=5,test/meningioma/brisc2025_test_00372_me_ax_t1.jpg,train/meningioma/brisc2025_train_01542_me_ax_t1.jpg
remove,phash<=5,test/meningioma/brisc2025_test_00378_me_ax_t1.jpg,test/meningioma/brisc2025_test_00375_me_ax_t1.jpg
remove,phash<=5,test/meningioma/brisc2025_test_00379_me_ax_t1.jpg,train/meningioma/brisc2025_train_01489_me_ax_t1.jpg
remove,phash<=5,test/meningioma/brisc2025_test_00381_me_ax_t1.jpg,train/meningioma/brisc2025_train_01496_me_ax_t1.jpg
remove,phash<=5,test/meningioma/brisc2025_test_00384_me_ax_t1.jpg,train/meningioma/brisc2025_train_01545_me_ax_t1.jpg
remove,phash<=5,test/meningioma/brisc2025_test_00385_me_ax_t1.jpg,train/meningioma/brisc2025_train_01551_me_ax_t1.jpg
remove,phash<=5,test/meningioma/brisc2025_test_00388_me_ax_t1.jpg,train/meningioma/brisc2025_train_01561_me_ax_t1.jpg
remove,phash<=5,test/meningioma/brisc2025_test_00389_me_ax_t1.jpg,train/meningioma/brisc2025_train_01564_me_ax_t1.jpg
remove,phash<=5,test/meningioma/brisc2025_test_00393_me_co_t1.jpg,train/meningioma/brisc2025_train_01653_me_co_t1.jpg
remove,phash<=5,test/meningioma/brisc2025_test_00394_me_co_t1.jpg,train/meningioma/brisc2025_train_01654_me_co_t1.jpg
remove,phash<=5,test/meningioma/brisc2025_test_00396_me_co_t1.jpg,train/meningioma/brisc2025_train_01659_me_co_t1.jpg
remove,phash<=5,test/meningioma/brisc2025_test_00397_me_co_t1.jpg,train/meningioma/brisc2025_train_01655_me_co_t1.jpg
remove,phash<=5,test/meningioma/brisc2025_test_00398_me_co_t1.jpg,train/meningioma/brisc2025_train_01656_me_co_t1.jpg
remove,phash<=5,test/meningioma/brisc2025_test_00399_me_co_t1.jpg,train/meningioma/brisc2025_train_01657_me_co_t1.jpg
remove,phash<=5,test/meningioma/brisc2025_test_00400_me_co_t1.jpg,train/meningioma/brisc2025_train_01658_me_co_t1.jpg
remove,phash<=5,test/meningioma/brisc2025_test_00401_me_co_t1.jpg,train/meningioma/brisc2025_train_01659_me_co_t1.jpg
remove,phash<=5,test/meningioma/brisc2025_test_00402_me_co_t1.jpg,train/meningioma/brisc2025_train_01660_me_co_t1.jpg
remove,phash<=5,test/meningioma/brisc2025_test_00404_me_co_t1.jpg,train/meningioma/brisc2025_train_01661_me_co_t1.jpg
remove,phash<=5,test/meningioma/brisc2025_test_00406_me_co_t1.jpg,train/meningioma/brisc2025_train_01662_me_co_t1.jpg
remove,phash<=5,test/meningioma/brisc2025_test_00407_me_co_t1.jpg,train/meningioma/brisc2025_train_01663_me_co_t1.jpg
remove,phash<=5,test/meningioma/brisc2025_test_00408_me_co_t1.jpg,train/meningioma/brisc2025_train_01660_me_co_t1.jpg
remove,phash<=5,test/meningioma/brisc2025_test_00414_me_co_t1.jpg,train/meningioma/brisc2025_train_01666_me_co_t1.jpg
remove,phash<=5,test/meningioma/brisc2025_test_00415_me_co_t1.jpg,train/meningioma/brisc2025_train_01667_me_co_t1.jpg
remove,phash<=5,test/meningioma/brisc2025_test_00417_me_co_t1.jpg,train/meningioma/brisc2025_train_01658_me_co_t1.jpg
remove,phash<=5,test/meningioma/brisc2025_test_00419_me_co_t1.jpg,train/meningioma/brisc2025_train_01670_me_co_t1.jpg
remove,phash<=5,test/meningioma/brisc2025_test_00420_me_co_t1.jpg,train/meningioma/brisc2025_train_01671_me_co_t1.jpg
remove,phash<=5,test/meningioma/brisc2025_test_00421_me_co_t1.jpg,train/meningioma/brisc2025_train_01672_me_co_t1.jpg
remove,phash<=5,test/meningioma/brisc2025_test_00435_me_co_t1.jpg,train/meningioma/brisc2025_train_01858_me_co_t1.jpg
remove,phash<=5,test/meningioma/brisc2025_test_00438_me_co_t1.jpg,train/meningioma/brisc2025_train_01865_me_co_t1.jpg
remove,phash<=5,test/meningioma/brisc2025_test_00445_me_co_t1.jpg,train/meningioma/brisc2025_train_01888_me_co_t1.jpg
remove,phash<=5,test/meningioma/brisc2025_test_00449_me_co_t1.jpg,train/meningioma/brisc2025_train_01907_me_co_t1.jpg
remove,phash<=5,test/meningioma/brisc2025_test_00457_me_co_t1.jpg,train/meningioma/brisc2025_train_01928_me_co_t1.jpg
remove,phash<=5,test/meningioma/brisc2025_test_00459_me_co_t1.jpg,train/meningioma/brisc2025_train_01937_me_co_t1.jpg
remove,phash<=5,test/meningioma/brisc2025_test_00472_me_co_t1.jpg,train/meningioma/brisc2025_train_01980_me_co_t1.jpg
remove,phash<=5,test/meningioma/brisc2025_test_00474_me_co_t1.jpg,train/meningioma/brisc2025_train_01987_me_co_t1.jpg
remove,phash<=5,test/meningioma/brisc2025_test_00478_me_sa_t1.jpg,train/meningioma/brisc2025_train_02000_me_sa_t1.jpg
remove,phash<=5,test/meningioma/brisc2025_test_00479_me_sa_t1.jpg,train/meningioma/brisc2025_train_02002_me_sa_t1.jpg
remove,phash<=5,test/meningioma/brisc2025_test_00480_me_sa_t1.jpg,train/meningioma/brisc2025_train_02003_me_sa_t1.jpg
remove,phash<=5,test/meningioma/brisc2025_test_00481_me_sa_t1.jpg,train/meningioma/brisc2025_train_02004_me_sa_t1.jpg
remove,phash<=5,test/meningioma/brisc2025_test_00482_me_sa_t1.jpg,train/meningioma/brisc2025_train_02005_me_sa_t1.jpg
remove,phash<=5,test/meningioma/brisc2025_test_00483_me_sa_t1.jpg,train/meningioma/brisc2025_train_02006_me_sa_t1.jpg
remove,phash<=5,test/meningioma/brisc2025_test_00484_me_sa_t1.jpg,train/meningioma/brisc2025_train_02007_me_sa_t1.jpg
remove,phash<=5,test/meningioma/brisc2025_test_00485_me_sa_t1.jpg,train/meningioma/brisc2025_train_02008_me_sa_t1.jpg
remove,phash<=5,test/meningioma/brisc2025_test_00486_me_sa_t1.jpg,train/meningioma/brisc2025_train_02004_me_sa_t1.jpg
remove,phash<=5,test/meningioma/brisc2025_test_00487_me_sa_t1.jpg,train/meningioma/brisc2025_train_02010_me_sa_t1.jpg
remove,phash<=5,test/meningioma/brisc2025_test_00488_me_sa_t1.jpg,train/meningioma/brisc2025_train_02011_me_sa_t1.jpg
remove,phash<=5,test/meningioma/brisc2025_test_00489_me_sa_t1.jpg,train/meningioma/brisc2025_train_02012_me_sa_t1.jpg
remove,phash<=5,test/meningioma/brisc2025_test_00490_me_sa_t1.jpg,train/meningioma/brisc2025_train_02013_me_sa_t1.jpg
remove,phash<=5,test/meningioma/brisc2025_test_00491_me_sa_t1.jpg,train/meningioma/brisc2025_train_02014_me_sa_t1.jpg
remove,phash<=5,test/meningioma/brisc2025_test_00492_me_sa_t1.jpg,train/meningioma/brisc2025_train_02015_me_sa_t1.jpg
remove,phash<=5,test/meningioma/brisc2025_test_00493_me_sa_t1.jpg,train/meningioma/brisc2025_train_02016_me_sa_t1.jpg
remove,phash<=5,test/meningioma/brisc2025_test_00499_me_sa_t1.jpg,train/meningioma/brisc2025_train_02285_me_sa_t1.jpg
remove,phash<=5,test/meningioma/brisc2025_test_00500_me_sa_t1.jpg,train/meningioma/brisc2025_train_02287_me_sa_t1.jpg
remove,phash<=5,test/meningioma/brisc2025_test_00502_me_sa_t1.jpg,train/meningioma/brisc2025_train_02281_me_sa_t1.jpg
remove,phash<=5,test/meningioma/brisc2025_test_00510_me_sa_t1.jpg,train/meningioma/brisc2025_train_02323_me_sa_t1.jpg
remove,phash<=5,test/meningioma/brisc2025_test_00520_me_sa_t1.jpg,train/meningioma/brisc2025_train_02354_me_sa_t1.jpg
remove,phash<=5,test/meningioma/brisc2025_test_00523_me_sa_t1.jpg,train/meningioma/brisc2025_train_02361_me_sa_t1.jpg
remove,phash<=5,test/meningioma/brisc2025_test_00537_me_sa_t1.jpg,train/meningioma/brisc2025_train_02403_me_sa_t1.jpg
remove,phash<=5,test/meningioma/brisc2025_test_00560_me_sa_t1.jpg,train/meningioma/brisc2025_train_02474_me_sa_t1.jpg
remove,phash<=5,test/no_tumor/brisc2025_test_00576_no_ax_t1.jpg,test/no_tumor/brisc2025_test_00575_no_ax_t1.jpg
remove,phash<=5,test/no_tumor/brisc2025_test_00581_no_ax_t1.jpg,test/no_tumor/brisc2025_test_00580_no_ax_t1.jpg
remove,phash<=5,test/no_tumor/brisc2025_test_00586_no_ax_t1.jpg,train/meningioma/brisc2025_train_01349_me_ax_t1.jpg
remove,phash<=5,test/no_tumor/brisc2025_test_00653_no_co_t1.jpg,test/no_tumor/brisc2025_test_00652_no_co_t1.jpg
remove,phash<=5,test/no_tumor/brisc2025_test_00675_no_sa_t1.jpg,test/no_tumor/brisc2025_test_00674_no_sa_t1.jpg
remove,phash<=5,test/no_tumor/brisc2025_test_00685_no_sa_t1.jpg,test/no_tumor/brisc2025_test_00679_no_sa_t1.jpg
remove,phash<=5,test/no_tumor/brisc2025_test_00690_no_sa_t1.jpg,test/no_tumor/brisc2025_test_00671_no_sa_t1.jpg
remove,phash<=5,test/no_tumor/brisc2025_test_00694_no_sa_t1.jpg,test/no_tumor/brisc2025_test_00667_no_sa_t1.jpg
remove,phash<=5,test/no_tumor/brisc2025_test_00697_no_sa_t1.jpg,train/no_tumor/brisc2025_train_03426_no_sa_t1.jpg
remove,phash<=5,test/pituitary/brisc2025_test_00702_pi_ax_t1.jpg,train/pituitary/brisc2025_train_03572_pi_ax_t1.jpg
remove,phash<=5,test/pituitary/brisc2025_test_00706_pi_ax_t1.jpg,train/pituitary/brisc2025_train_03610_pi_ax_t1.jpg
remove,phash<=5,test/pituitary/brisc2025_test_00713_pi_ax_t1.jpg,train/pituitary/brisc2025_train_03632_pi_ax_t1.jpg
remove,phash<=5,test/pituitary/brisc2025_test_00714_pi_ax_t1.jpg,train/pituitary/brisc2025_train_03634_pi_ax_t1.jpg
remove,phash<=5,test/pituitary/brisc2025_test_00720_pi_ax_t1.jpg,train/pituitary/brisc2025_train_03653_pi_ax_t1.jpg
remove,phash<=5,test/pituitary/brisc2025_test_00729_pi_ax_t1.jpg,train/pituitary/brisc2025_train_03681_pi_ax_t1.jpg
remove,phash<=5,test/pituitary/brisc2025_test_00730_pi_ax_t1.jpg,train/pituitary/brisc2025_train_03684_pi_ax_t1.jpg
remove,phash<=5,test/pituitary/brisc2025_test_00735_pi_ax_t1.jpg,train/pituitary/brisc2025_train_03699_pi_ax_t1.jpg
remove,phash<=5,test/pituitary/brisc2025_test_00741_pi_ax_t1.jpg,train/pituitary/brisc2025_train_03718_pi_ax_t1.jpg
remove,phash<=5,test/pituitary/brisc2025_test_00742_pi_ax_t1.jpg,train/pituitary/brisc2025_train_03721_pi_ax_t1.jpg
remove,phash<=5,test/pituitary/brisc2025_test_00743_pi_ax_t1.jpg,train/pituitary/brisc2025_train_03723_pi_ax_t1.jpg
remove,phash<=5,test/pituitary/brisc2025_test_00746_pi_ax_t1.jpg,train/pituitary/brisc2025_train_03733_pi_ax_t1.jpg
remove,phash<=5,test/pituitary/brisc2025_test_00752_pi_ax_t1.jpg,train/pituitary/brisc2025_train_03753_pi_ax_t1.jpg
remove,phash<=5,test/pituitary/brisc2025_test_00758_pi_ax_t1.jpg,train/pituitary/brisc2025_train_03774_pi_ax_t1.jpg
remove,phash<=5,test/pituitary/brisc2025_test_00759_pi_ax_t1.jpg,train/pituitary/brisc2025_train_03777_pi_ax_t1.jpg
remove,phash<=5,test/pituitary/brisc2025_test_00760_pi_ax_t1.jpg,train/pituitary/brisc2025_train_03779_pi_ax_t1.jpg
remove,phash<=5,test/pituitary/brisc2025_test_00762_pi_ax_t1.jpg,train/pituitary/brisc2025_train_03832_pi_ax_t1.jpg
remove,phash<=5,test/pituitary/brisc2025_test_00763_pi_ax_t1.jpg,train/pituitary/brisc2025_train_03787_pi_ax_t1.jpg
remove,phash<=5,test/pituitary/brisc2025_test_00765_pi_ax_t1.jpg,train/pituitary/brisc2025_train_03793_pi_ax_t1.jpg
remove,phash<=5,test/pituitary/brisc2025_test_00768_pi_ax_t1.jpg,train/pituitary/brisc2025_train_03802_pi_ax_t1.jpg
remove,phash<=5,test/pituitary/brisc2025_test_00769_pi_ax_t1.jpg,train/pituitary/brisc2025_train_03804_pi_ax_t1.jpg
remove,phash<=5,test/pituitary/brisc2025_test_00773_pi_ax_t1.jpg,train/pituitary/brisc2025_train_03816_pi_ax_t1.jpg
remove,phash<=5,test/pituitary/brisc2025_test_00774_pi_ax_t1.jpg,train/pituitary/brisc2025_train_03820_pi_ax_t1.jpg
remove,phash<=5,test/pituitary/brisc2025_test_00778_pi_ax_t1.jpg,train/pituitary/brisc2025_train_03831_pi_ax_t1.jpg
remove,phash<=5,test/pituitary/brisc2025_test_00782_pi_ax_t1.jpg,train/pituitary/brisc2025_train_03845_pi_ax_t1.jpg
remove,phash<=5,test/pituitary/brisc2025_test_00790_pi_ax_t1.jpg,train/pituitary/brisc2025_train_03866_pi_ax_t1.jpg
remove,phash<=5,test/pituitary/brisc2025_test_00791_pi_ax_t1.jpg,train/pituitary/brisc2025_train_03871_pi_ax_t1.jpg
remove,phash<=5,test/pituitary/brisc2025_test_00792_pi_ax_t1.jpg,train/pituitary/brisc2025_train_03873_pi_ax_t1.jpg
remove,phash<=5,test/pituitary/brisc2025_test_00803_pi_ax_t1.jpg,train/pituitary/brisc2025_train_03903_pi_ax_t1.jpg
remove,phash<=5,test/pituitary/brisc2025_test_00808_pi_ax_t1.jpg,train/pituitary/brisc2025_train_03918_pi_ax_t1.jpg
remove,phash<=5,test/pituitary/brisc2025_test_00811_pi_ax_t1.jpg,train/pituitary/brisc2025_train_03928_pi_ax_t1.jpg
remove,phash<=5,test/pituitary/brisc2025_test_00812_pi_ax_t1.jpg,train/pituitary/brisc2025_train_03930_pi_ax_t1.jpg
remove,phash<=5,test/pituitary/brisc2025_test_00813_pi_ax_t1.jpg,train/pituitary/brisc2025_train_03933_pi_ax_t1.jpg
remove,phash<=5,test/pituitary/brisc2025_test_00814_pi_ax_t1.jpg,train/pituitary/brisc2025_train_03937_pi_ax_t1.jpg
remove,phash<=5,test/pituitary/brisc2025_test_00821_pi_ax_t1.jpg,train/pituitary/brisc2025_train_03956_pi_ax_t1.jpg
remove,phash<=5,test/pituitary/brisc2025_test_00832_pi_co_t1.jpg,train/pituitary/brisc2025_train_04210_pi_co_t1.jpg
remove,phash<=5,test/pituitary/brisc2025_test_00841_pi_co_t1.jpg,train/pituitary/brisc2025_train_04258_pi_co_t1.jpg
remove,phash<=5,test/pituitary/brisc2025_test_00843_pi_co_t1.jpg,train/pituitary/brisc2025_train_04263_pi_co_t1.jpg
remove,phash<=5,test/pituitary/brisc2025_test_00847_pi_co_t1.jpg,train/pituitary/brisc2025_train_04276_pi_co_t1.jpg
remove,phash<=5,test/pituitary/brisc2025_test_00848_pi_co_t1.jpg,train/pituitary/brisc2025_train_04279_pi_co_t1.jpg
remove,phash<=5,test/pituitary/brisc2025_test_00849_pi_co_t1.jpg,train/pituitary/brisc2025_train_04281_pi_co_t1.jpg
remove,phash<=5,test/pituitary/brisc2025_test_00850_pi_co_t1.jpg,train/pituitary/brisc2025_train_04284_pi_co_t1.jpg
remove,phash<=5,test/pituitary/brisc2025_test_00852_pi_co_t1.jpg,train/pituitary/brisc2025_train_04291_pi_co_t1.jpg
remove,phash<=5,test/pituitary/brisc2025_test_00855_pi_co_t1.jpg,train/pituitary/brisc2025_train_04297_pi_co_t1.jpg
remove,phash<=5,test/pituitary/brisc2025_test_00856_pi_co_t1.jpg,train/pituitary/brisc2025_train_04301_pi_co_t1.jpg
remove,phash<=5,test/pituitary/brisc2025_test_00858_pi_co_t1.jpg,train/pituitary/brisc2025_train_04307_pi_co_t1.jpg
remove,phash<=5,test/pituitary/brisc2025_test_00862_pi_co_t1.jpg,train/pituitary/brisc2025_train_04318_pi_co_t1.jpg
remove,phash<=5,test/pituitary/brisc2025_test_00864_pi_co_t1.jpg,train/pituitary/brisc2025_train_04325_pi_co_t1.jpg
remove,phash<=5,test/pituitary/brisc2025_test_00865_pi_co_t1.jpg,train/pituitary/brisc2025_train_04328_pi_co_t1.jpg
remove,phash<=5,test/pituitary/brisc2025_test_00866_pi_co_t1.jpg,train/pituitary/brisc2025_train_04332_pi_co_t1.jpg
remove,phash<=5,test/pituitary/brisc2025_test_00870_pi_co_t1.jpg,train/pituitary/brisc2025_train_04343_pi_co_t1.jpg
remove,phash<=5,test/pituitary/brisc2025_test_00871_pi_co_t1.jpg,train/pituitary/brisc2025_train_04345_pi_co_t1.jpg
remove,phash<=5,test/pituitary/brisc2025_test_00883_pi_co_t1.jpg,train/pituitary/brisc2025_train_04383_pi_co_t1.jpg
remove,phash<=5,test/pituitary/brisc2025_test_00885_pi_co_t1.jpg,train/pituitary/brisc2025_train_04387_pi_co_t1.jpg
remove,phash<=5,test/pituitary/brisc2025_test_00889_pi_co_t1.jpg,train/pituitary/brisc2025_train_04400_pi_co_t1.jpg
remove,phash<=5,test/pituitary/brisc2025_test_00894_pi_co_t1.jpg,train/pituitary/brisc2025_train_04414_pi_co_t1.jpg
remove,phash<=5,test/pituitary/brisc2025_test_00895_pi_co_t1.jpg,train/pituitary/brisc2025_train_04418_pi_co_t1.jpg
remove,phash<=5,test/pituitary/brisc2025_test_00896_pi_co_t1.jpg,train/pituitary/brisc2025_train_04420_pi_co_t1.jpg
remove,phash<=5,test/pituitary/brisc2025_test_00898_pi_co_t1.jpg,train/pituitary/brisc2025_train_04426_pi_co_t1.jpg
remove,phash<=5,test/pituitary/brisc2025_test_00903_pi_co_t1.jpg,train/pituitary/brisc2025_train_04444_pi_co_t1.jpg
remove,phash<=5,test/pituitary/brisc2025_test_00906_pi_co_t1.jpg,train/pituitary/brisc2025_train_04449_pi_co_t1.jpg
remove,phash<=5,test/pituitary/brisc2025_test_00909_pi_co_t1.jpg,train/pituitary/brisc2025_train_04462_pi_co_t1.jpg
remove,phash<=5,test/pituitary/brisc2025_test_00915_pi_sa_t1.jpg,train/pituitary/brisc2025_train_04740_pi_sa_t1.jpg
remove,phash<=5,test/pituitary/brisc2025_test_00916_pi_sa_t1.jpg,train/pituitary/brisc2025_train_04740_pi_sa_t1.jpg
remove,phash<=5,test/pituitary/brisc2025_test_00918_pi_sa_t1.jpg,train/pituitary/brisc2025_train_04746_pi_sa_t1.jpg
remove,phash<=5,test/pituitary/brisc2025_test_00919_pi_sa_t1.jpg,train/pituitary/brisc2025_train_04635_pi_sa_t1.jpg
remove,phash<=5,test/pituitary/brisc2025_test_00920_pi_sa_t1.jpg,train/pituitary/brisc2025_train_04752_pi_sa_t1.jpg
remove,phash<=5,test/pituitary/brisc2025_test_00921_pi_sa_t1.jpg,train/pituitary/brisc2025_train_04765_pi_sa_t1.jpg
remove,phash<=5,test/pituitary/brisc2025_test_00922_pi_sa_t1.jpg,train/pituitary/brisc2025_train_04766_pi_sa_t1.jpg
remove,phash<=5,test/pituitary/brisc2025_test_00923_pi_sa_t1.jpg,train/pituitary/brisc2025_train_04770_pi_sa_t1.jpg
remove,phash<=5,test/pituitary/brisc2025_test_00927_pi_sa_t1.jpg,train/pituitary/brisc2025_train_04782_pi_sa_t1.jpg
remove,phash<=5,test/pituitary/brisc2025_test_00928_pi_sa_t1.jpg,train/pituitary/brisc2025_train_04783_pi_sa_t1.jpg
remove,phash<=5,test/pituitary/brisc2025_test_00929_pi_sa_t1.jpg,train/pituitary/brisc2025_train_04786_pi_sa_t1.jpg
remove,phash<=5,test/pituitary/brisc2025_test_00932_pi_sa_t1.jpg,train/pituitary/brisc2025_train_04797_pi_sa_t1.jpg
remove,phash<=5,test/pituitary/brisc2025_test_00934_pi_sa_t1.jpg,train/pituitary/brisc2025_train_04783_pi_sa_t1.jpg
remove,phash<=5,test/pituitary/brisc2025_test_00935_pi_sa_t1.jpg,train/pituitary/brisc2025_train_04806_pi_sa_t1.jpg
remove,phash<=5,test/pituitary/brisc2025_test_00936_pi_sa_t1.jpg,train/pituitary/brisc2025_train_04809_pi_sa_t1.jpg
remove,phash<=5,test/pituitary/brisc2025_test_00938_pi_sa_t1.jpg,train/pituitary/brisc2025_train_04813_pi_sa_t1.jpg
remove,phash<=5,test/pituitary/brisc2025_test_00940_pi_sa_t1.jpg,train/pituitary/brisc2025_train_04818_pi_sa_t1.jpg
remove,phash<=5,test/pituitary/brisc2025_test_00942_pi_sa_t1.jpg,train/pituitary/brisc2025_train_04824_pi_sa_t1.jpg
remove,phash<=5,test/pituitary/brisc2025_test_00947_pi_sa_t1.jpg,train/pituitary/brisc2025_train_04837_pi_sa_t1.jpg
remove,phash<=5,test/pituitary/brisc2025_test_00948_pi_sa_t1.jpg,train/pituitary/brisc2025_train_04843_pi_sa_t1.jpg
remove,phash<=5,test/pituitary/brisc2025_test_00949_pi_sa_t1.jpg,train/pituitary/brisc2025_train_04845_pi_sa_t1.jpg
remove,phash<=5,test/pituitary/brisc2025_test_00950_pi_sa_t1.jpg,train/pituitary/brisc2025_train_04849_pi_sa_t1.jpg
remove,phash<=5,test/pituitary/brisc2025_test_00952_pi_sa_t1.jpg,train/pituitary/brisc2025_train_04853_pi_sa_t1.jpg
remove,phash<=5,test/pituitary/brisc2025_test_00953_pi_sa_t1.jpg,train/pituitary/brisc2025_train_04854_pi_sa_t1.jpg
remove,phash<=5,test/pituitary/brisc2025_test_00956_pi_sa_t1.jpg,train/pituitary/brisc2025_train_04864_pi_sa_t1.jpg
remove,phash<=5,test/pituitary/brisc2025_test_00960_pi_sa_t1.jpg,train/pituitary/brisc2025_train_04878_pi_sa_t1.jpg
remove,phash<=5,test/pituitary/brisc2025_test_00963_pi_sa_t1.jpg,train/pituitary/brisc2025_train_04886_pi_sa_t1.jpg
remove,phash<=5,test/pituitary/brisc2025_test_00965_pi_sa_t1.jpg,train/pituitary/brisc2025_train_04889_pi_sa_t1.jpg
remove,phash<=5,test/pituitary/brisc2025_test_00966_pi_sa_t1.jpg,train/pituitary/brisc2025_train_04895_pi_sa_t1.jpg
remove,phash<=5,test/pituitary/brisc2025_test_00973_pi_sa_t1.jpg,train/pituitary/brisc2025_train_04916_pi_sa_t1.jpg
remove,phash<=5,test/pituitary/brisc2025_test_00975_pi_sa_t1.jpg,train/pituitary/brisc2025_train_04922_pi_sa_t1.jpg
remove,phash<=5,test/pituitary/brisc2025_test_00976_pi_sa_t1.jpg,train/pituitary/brisc2025_train_04926_pi_sa_t1.jpg
remove,phash<=5,test/pituitary/brisc2025_test_00980_pi_sa_t1.jpg,train/pituitary/brisc2025_train_04936_pi_sa_t1.jpg
remove,phash<=5,test/pituitary/brisc2025_test_00983_pi_sa_t1.jpg,train/pituitary/brisc2025_train_04944_pi_sa_t1.jpg
remove,phash<=5,test/pituitary/brisc2025_test_00984_pi_sa_t1.jpg,train/pituitary/brisc2025_train_04950_pi_sa_t1.jpg
remove,phash<=5,test/pituitary/brisc2025_test_00989_pi_sa_t1.jpg,train/pituitary/brisc2025_train_04964_pi_sa_t1.jpg
remove,phash<=5,test/pituitary/brisc2025_test_00990_pi_sa_t1.jpg,train/pituitary/brisc2025_train_04967_pi_sa_t1.jpg
remove,phash<=5,test/pituitary/brisc2025_test_00991_pi_sa_t1.jpg,train/pituitary/brisc2025_train_04971_pi_sa_t1.jpg
remove,phash<=5,test/pituitary/brisc2025_test_00993_pi_sa_t1.jpg,train/pituitary/brisc2025_train_04977_pi_sa_t1.jpg
remove,phash<=5,test/pituitary/brisc2025_test_01000_pi_sa_t1.jpg,train/pituitary/brisc2025_train_04997_pi_sa_t1.jpg
